id;firstname;lastname;email;profession
1100;Wileen;Othilia;Wileen.Othilia@gmail.com;developer
1101;Coral;Old;Coral.Old@gmail.com;developer
1102;Max;Herrera;Max.Herrera@gmail.com;police officer
1103;Gerrie;Kannry;Gerrie.Kannry@gmail.com;police officer
1104;Ingrid;Vins;Ingrid.Vins@gmail.com;doctor
1105;Peri;Halla;Peri.Halla@gmail.com;worker
1106;Jean;Emmaline;Jean.Emmaline@gmail.com;doctor
1107;Nonnah;Catie;Nonnah.Catie@gmail.com;doctor
1108;Genovera;Berard;Genovera.Berard@gmail.com;firefighter
1109;Nonnah;Parsaye;Nonnah.Parsaye@gmail.com;worker
1110;Kate;Lilybelle;Kate.Lilybelle@gmail.com;firefighter
1111;Kimmy;Hertzfeld;Kimmy.Hertzfeld@gmail.com;doctor
1112;Vita;Syd;Vita.Syd@gmail.com;firefighter
1113;Yolane;Keily;Yolane.Keily@gmail.com;developer
1114;Laure;Francene;Laure.Francene@gmail.com;firefighter
1115;Roxane;Leopold;Roxane.Leopold@gmail.com;developer
1116;Tina;Lorain;Tina.Lorain@gmail.com;doctor
1117;Nananne;Zeeba;Nananne.Zeeba@gmail.com;police officer
1118;Myrtice;Regan;Myrtice.Regan@gmail.com;police officer
1119;Tiffie;Oscar;Tiffie.Oscar@gmail.com;worker
1120;Mady;Rese;Mady.Rese@gmail.com;developer
1121;Letizia;Susannah;Letizia.Susannah@gmail.com;police officer
1122;Daphne;Johanna;Daphne.Johanna@gmail.com;worker
1123;Xylina;Riordan;Xylina.Riordan@gmail.com;doctor
1124;Orelia;Ventre;Orelia.Ventre@gmail.com;police officer
1125;Claresta;Iaverne;Claresta.Iaverne@gmail.com;police officer
1126;Gratia;Lewes;Gratia.Lewes@gmail.com;firefighter
1127;Raf;Thema;Raf.Thema@gmail.com;worker
1128;Susette;Tacye;Susette.Tacye@gmail.com;firefighter
1129;Concettina;Lorain;Concettina.Lorain@gmail.com;firefighter
1130;Brandise;Lilybelle;Brandise.Lilybelle@gmail.com;developer
1131;Katleen;Jacobah;Katleen.Jacobah@gmail.com;developer
1132;Goldie;Martguerita;Goldie.Martguerita@gmail.com;police officer
1133;Edee;Rhu;Edee.Rhu@gmail.com;police officer
1134;Berta;Wenda;Berta.Wenda@gmail.com;firefighter
1135;Tani;Rooney;Tani.Rooney@gmail.com;doctor
1136;Tiffie;Gino;Tiffie.Gino@gmail.com;developer
1137;Charlena;Egbert;Charlena.Egbert@gmail.com;developer
1138;Deirdre;Byrne;Deirdre.Byrne@gmail.com;worker
1139;Bobbi;Dash;Bobbi.Dash@gmail.com;doctor
1140;Kaia;Margarete;Kaia.Margarete@gmail.com;firefighter
1141;Kristina;Loleta;Kristina.Loleta@gmail.com;firefighter
1142;Marjie;Deny;Marjie.Deny@gmail.com;police officer
1143;Gertrud;Claudine;Gertrud.Claudine@gmail.com;doctor
1144;Gilda;Arley;Gilda.Arley@gmail.com;police officer
1145;Ginnie;Fairweather;Ginnie.Fairweather@gmail.com;developer
1146;Marcelline;Junie;Marcelline.Junie@gmail.com;firefighter
1147;Florie;Naor;Florie.Naor@gmail.com;developer
1148;Hannis;Beniamino;Hannis.Beniamino@gmail.com;developer
1149;Mallory;Lutero;Mallory.Lutero@gmail.com;developer
1150;Binny;Katrine;Binny.Katrine@gmail.com;developer
1151;Elmira;Angelis;Elmira.Angelis@gmail.com;doctor
1152;Marline;Christal;Marline.Christal@gmail.com;police officer
1153;Felice;Ardeha;Felice.Ardeha@gmail.com;worker
1154;Sherrie;Rosette;Sherrie.Rosette@gmail.com;developer
1155;Sabina;Ashely;Sabina.Ashely@gmail.com;police officer
1156;Carol-Jean;Behre;Carol-Jean.Behre@gmail.com;worker
1157;Courtnay;Michella;Courtnay.Michella@gmail.com;firefighter
1158;Frances;Larochelle;Frances.Larochelle@gmail.com;developer
1159;Nita;Niles;Nita.Niles@gmail.com;worker
1160;Anestassia;Firmin;Anestassia.Firmin@gmail.com;doctor
1161;Olivette;Lanita;Olivette.Lanita@gmail.com;developer
1162;Laurene;Laurianne;Laurene.Laurianne@gmail.com;developer
1163;Morganica;Sibyls;Morganica.Sibyls@gmail.com;worker
1164;Aubrie;Gibbeon;Aubrie.Gibbeon@gmail.com;doctor
1165;Katuscha;Hailee;Katuscha.Hailee@gmail.com;worker
1166;Anica;Rogerio;Anica.Rogerio@gmail.com;police officer
1167;Sue;Margarete;Sue.Margarete@gmail.com;firefighter
1168;Genevra;Voletta;Genevra.Voletta@gmail.com;doctor
1169;Charmaine;Thad;Charmaine.Thad@gmail.com;police officer
1170;Nannie;Clara;Nannie.Clara@gmail.com;worker
1171;Ardys;Sibyls;Ardys.Sibyls@gmail.com;worker
1172;Nita;Doig;Nita.Doig@gmail.com;firefighter
1173;Concettina;Poppy;Concettina.Poppy@gmail.com;police officer
1174;Shannah;Keily;Shannah.Keily@gmail.com;developer
1175;Iseabal;Fiann;Iseabal.Fiann@gmail.com;firefighter
1176;Tobe;Faria;Tobe.Faria@gmail.com;developer
1177;Florie;Gaynor;Florie.Gaynor@gmail.com;developer
1178;Queenie;Candy;Queenie.Candy@gmail.com;firefighter
1179;Correy;Ader;Correy.Ader@gmail.com;doctor
1180;Lorie;Tufts;Lorie.Tufts@gmail.com;firefighter
1181;Elbertina;Smitt;Elbertina.Smitt@gmail.com;doctor
1182;Ayn;Raffo;Ayn.Raffo@gmail.com;doctor
1183;Desirae;Eugenia;Desirae.Eugenia@gmail.com;doctor
1184;Mureil;Federica;Mureil.Federica@gmail.com;firefighter
1185;Nyssa;Dowski;Nyssa.Dowski@gmail.com;developer
1186;Shaylyn;Georgy;Shaylyn.Georgy@gmail.com;worker
1187;Blake;Malina;Blake.Malina@gmail.com;doctor
1188;Rhea;Tristram;Rhea.Tristram@gmail.com;police officer
1189;Laure;Ovid;Laure.Ovid@gmail.com;developer
1190;Heida;Argus;Heida.Argus@gmail.com;developer
1191;Ericka;Teddman;Ericka.Teddman@gmail.com;worker
1192;Siana;Erlandson;Siana.Erlandson@gmail.com;police officer
1193;Hyacinthe;Joseph;Hyacinthe.Joseph@gmail.com;developer
1194;Vevay;Stacy;Vevay.Stacy@gmail.com;firefighter
1195;Shaylyn;Jobi;Shaylyn.Jobi@gmail.com;police officer
1196;Meghann;Khorma;Meghann.Khorma@gmail.com;firefighter
1197;Priscilla;Gower;Priscilla.Gower@gmail.com;developer
1198;Rosabelle;Ashely;Rosabelle.Ashely@gmail.com;doctor
1199;Allyce;Stephie;Allyce.Stephie@gmail.com;firefighter
1200;Bobinette;Alejoa;Bobinette.Alejoa@gmail.com;firefighter
1201;Vinita;Ortrude;Vinita.Ortrude@gmail.com;developer
1202;Cyndie;Wu;Cyndie.Wu@gmail.com;doctor
1203;Shell;Ralfston;Shell.Ralfston@gmail.com;worker
1204;Therine;Goddard;Therine.Goddard@gmail.com;police officer
1205;Yvonne;Hilbert;Yvonne.Hilbert@gmail.com;firefighter
1206;Sissy;Fredi;Sissy.Fredi@gmail.com;worker
1207;Charissa;Girardo;Charissa.Girardo@gmail.com;firefighter
1208;Kalina;Brunell;Kalina.Brunell@gmail.com;doctor
1209;Amara;Sothena;Amara.Sothena@gmail.com;developer
1210;Belva;Rurik;Belva.Rurik@gmail.com;worker
1211;Kathi;Fredi;Kathi.Fredi@gmail.com;worker
1212;Juliane;Wesle;Juliane.Wesle@gmail.com;developer
1213;Judy;Sherrie;Judy.Sherrie@gmail.com;police officer
1214;Mary;Gale;Mary.Gale@gmail.com;worker
1215;Penelopa;Bronk;Penelopa.Bronk@gmail.com;police officer
1216;Florencia;Barrus;Florencia.Barrus@gmail.com;police officer
1217;Meg;Dituri;Meg.Dituri@gmail.com;worker
1218;Tilly;Gerge;Tilly.Gerge@gmail.com;developer
1219;Britte;Kress;Britte.Kress@gmail.com;doctor
1220;Tarra;Lilas;Tarra.Lilas@gmail.com;firefighter
1221;Cristabel;Vittoria;Cristabel.Vittoria@gmail.com;worker
1222;Hallie;Bevin;Hallie.Bevin@gmail.com;firefighter
1223;Frances;Means;Frances.Means@gmail.com;developer
1224;Merry;Abram;Merry.Abram@gmail.com;firefighter
1225;Olivette;Ietta;Olivette.Ietta@gmail.com;developer
1226;Silvana;Pettiford;Silvana.Pettiford@gmail.com;police officer
1227;Juliane;Hazlett;Juliane.Hazlett@gmail.com;developer
1228;Ada;Adalbert;Ada.Adalbert@gmail.com;worker
1229;Corly;Ludewig;Corly.Ludewig@gmail.com;police officer
1230;Gwyneth;Montgomery;Gwyneth.Montgomery@gmail.com;developer
1231;Melodie;Obed;Melodie.Obed@gmail.com;doctor
1232;Atlanta;Ursulette;Atlanta.Ursulette@gmail.com;firefighter
1233;Ebonee;Forrer;Ebonee.Forrer@gmail.com;firefighter
1234;Janeczka;Judye;Janeczka.Judye@gmail.com;developer
1235;Berta;Kare;Berta.Kare@gmail.com;developer
1236;Hayley;Giff;Hayley.Giff@gmail.com;developer
1237;Alejandra;Brodench;Alejandra.Brodench@gmail.com;firefighter
1238;Livvyy;Peonir;Livvyy.Peonir@gmail.com;police officer
1239;Alejandra;Tryck;Alejandra.Tryck@gmail.com;developer
1240;Corina;Scammon;Corina.Scammon@gmail.com;doctor
1241;Marti;Carey;Marti.Carey@gmail.com;firefighter
1242;Orelia;Barrus;Orelia.Barrus@gmail.com;worker
1243;Meriel;Meli;Meriel.Meli@gmail.com;firefighter
1244;Queenie;Fennessy;Queenie.Fennessy@gmail.com;worker
1245;Gale;Edee;Gale.Edee@gmail.com;doctor
1246;Lolita;Bonilla;Lolita.Bonilla@gmail.com;police officer
1247;Tarra;Hamil;Tarra.Hamil@gmail.com;police officer
1248;Zsa Zsa;O'Neill;Zsa Zsa.O'Neill@gmail.com;firefighter
1249;Deane;Nerita;Deane.Nerita@gmail.com;doctor
1250;Teddie;Alarise;Teddie.Alarise@gmail.com;worker
1251;Stacey;Dichy;Stacey.Dichy@gmail.com;developer
1252;Claudina;Bryna;Claudina.Bryna@gmail.com;firefighter
1253;Daryl;Chesna;Daryl.Chesna@gmail.com;developer
1254;Marylou;Marden;Marylou.Marden@gmail.com;doctor
1255;Courtnay;Orlene;Courtnay.Orlene@gmail.com;developer
1256;Arlena;Talia;Arlena.Talia@gmail.com;police officer
1257;Regina;Jacqui;Regina.Jacqui@gmail.com;doctor
1258;Kate;Halla;Kate.Halla@gmail.com;firefighter
1259;Kamilah;Phaidra;Kamilah.Phaidra@gmail.com;developer
1260;Quintina;Federica;Quintina.Federica@gmail.com;developer
1261;Petronia;Melleta;Petronia.Melleta@gmail.com;developer
1262;Felice;Eno;Felice.Eno@gmail.com;developer
1263;Dede;Codding;Dede.Codding@gmail.com;doctor
1264;Kirstin;Lumbard;Kirstin.Lumbard@gmail.com;police officer
1265;Neila;Engdahl;Neila.Engdahl@gmail.com;developer
1266;Brynna;Dichy;Brynna.Dichy@gmail.com;developer
1267;Caritta;Briney;Caritta.Briney@gmail.com;firefighter
1268;Phylis;Idelia;Phylis.Idelia@gmail.com;developer
1269;Ardeen;Dorothy;Ardeen.Dorothy@gmail.com;worker
1270;Micheline;Genna;Micheline.Genna@gmail.com;developer
1271;Charmaine;Fontana;Charmaine.Fontana@gmail.com;worker
1272;Neila;Adamsen;Neila.Adamsen@gmail.com;worker
1273;Shell;Audly;Shell.Audly@gmail.com;worker
1274;Rebeca;Martsen;Rebeca.Martsen@gmail.com;worker
1275;Laure;Rossner;Laure.Rossner@gmail.com;doctor
1276;Leeanne;Joni;Leeanne.Joni@gmail.com;developer
1277;Ginnie;Judye;Ginnie.Judye@gmail.com;doctor
1278;Lynea;Ursulette;Lynea.Ursulette@gmail.com;worker
1279;Tracey;Primalia;Tracey.Primalia@gmail.com;developer
1280;Binny;Gualtiero;Binny.Gualtiero@gmail.com;doctor
1281;Loree;Israeli;Loree.Israeli@gmail.com;developer
1282;Zaria;Burnside;Zaria.Burnside@gmail.com;worker
1283;Joane;Baudin;Joane.Baudin@gmail.com;doctor
1284;Steffane;Terencio;Steffane.Terencio@gmail.com;police officer
1285;Shannah;Sisile;Shannah.Sisile@gmail.com;developer
1286;Gisela;Raychel;Gisela.Raychel@gmail.com;developer
1287;Joleen;Read;Joleen.Read@gmail.com;developer
1288;Brooks;Darrell;Brooks.Darrell@gmail.com;police officer
1289;Tressa;Belldas;Tressa.Belldas@gmail.com;doctor
1290;Raquela;Vilma;Raquela.Vilma@gmail.com;police officer
1291;Deloria;Pitt;Deloria.Pitt@gmail.com;police officer
1292;Annaliese;Malvino;Annaliese.Malvino@gmail.com;police officer
1293;Aigneis;Dorothy;Aigneis.Dorothy@gmail.com;doctor
1294;Gavrielle;Destinee;Gavrielle.Destinee@gmail.com;doctor
1295;Anestassia;Dom;Anestassia.Dom@gmail.com;firefighter
1296;Sue;Charmine;Sue.Charmine@gmail.com;doctor
1297;Genovera;Jenness;Genovera.Jenness@gmail.com;doctor
1298;Mariann;Noman;Mariann.Noman@gmail.com;doctor
1299;Hope;Laverne;Hope.Laverne@gmail.com;doctor
1300;Meghann;Amand;Meghann.Amand@gmail.com;worker
1301;Emma;Olympium;Emma.Olympium@gmail.com;worker
1302;Louella;Socha;Louella.Socha@gmail.com;worker
1303;Briney;Robertson;Briney.Robertson@gmail.com;worker
1304;Livvyy;Nickola;Livvyy.Nickola@gmail.com;worker
1305;Sharai;Dash;Sharai.Dash@gmail.com;developer
1306;Hallie;Gregrory;Hallie.Gregrory@gmail.com;police officer
1307;Harmonia;Chaing;Harmonia.Chaing@gmail.com;doctor
1308;Belinda;Peg;Belinda.Peg@gmail.com;firefighter
1309;Sabina;Braun;Sabina.Braun@gmail.com;firefighter
1310;Raquela;Publia;Raquela.Publia@gmail.com;police officer
1311;Merry;Ulphia;Merry.Ulphia@gmail.com;doctor
1312;Sallie;Janith;Sallie.Janith@gmail.com;worker
1313;Doralynne;Maiah;Doralynne.Maiah@gmail.com;developer
1314;Goldie;Arne;Goldie.Arne@gmail.com;firefighter
1315;Renae;Mendez;Renae.Mendez@gmail.com;police officer
1316;Joelly;Ahab;Joelly.Ahab@gmail.com;police officer
1317;Gisela;Olnee;Gisela.Olnee@gmail.com;firefighter
1318;Sophia;Olin;Sophia.Olin@gmail.com;worker
1319;Clo;Jarib;Clo.Jarib@gmail.com;firefighter
1320;Wendi;Lia;Wendi.Lia@gmail.com;developer
1321;Ursulina;Sacken;Ursulina.Sacken@gmail.com;police officer
1322;Merle;Yorick;Merle.Yorick@gmail.com;doctor
1323;Sara-Ann;Glovsky;Sara-Ann.Glovsky@gmail.com;worker
1324;Valli;Esmaria;Valli.Esmaria@gmail.com;police officer
1325;Ariela;Ricki;Ariela.Ricki@gmail.com;police officer
1326;Roz;Regan;Roz.Regan@gmail.com;developer
1327;Ekaterina;Chandler;Ekaterina.Chandler@gmail.com;police officer
1328;Althea;Vorster;Althea.Vorster@gmail.com;developer
1329;Nyssa;Zenas;Nyssa.Zenas@gmail.com;doctor
1330;Wilma;Sandye;Wilma.Sandye@gmail.com;doctor
1331;Kaia;Suzetta;Kaia.Suzetta@gmail.com;firefighter
1332;Ann-Marie;Judye;Ann-Marie.Judye@gmail.com;firefighter
1333;Tilly;Chinua;Tilly.Chinua@gmail.com;developer
1334;Dode;Merell;Dode.Merell@gmail.com;developer
1335;Marti;Liva;Marti.Liva@gmail.com;doctor
1336;Roberta;Pillsbury;Roberta.Pillsbury@gmail.com;firefighter
1337;Maud;Lilas;Maud.Lilas@gmail.com;doctor
1338;Paule;Oriana;Paule.Oriana@gmail.com;firefighter
1339;Norine;Jaylene;Norine.Jaylene@gmail.com;firefighter
1340;Jessamyn;Colbert;Jessamyn.Colbert@gmail.com;doctor
1341;Codie;Torray;Codie.Torray@gmail.com;doctor
1342;Gabriellia;Moina;Gabriellia.Moina@gmail.com;firefighter
1343;Glynnis;Marden;Glynnis.Marden@gmail.com;developer
1344;Fanny;Mallon;Fanny.Mallon@gmail.com;worker
1345;Harmonia;Sadowski;Harmonia.Sadowski@gmail.com;firefighter
1346;Mariann;Grimbly;Mariann.Grimbly@gmail.com;developer
1347;Glynnis;Wenda;Glynnis.Wenda@gmail.com;firefighter
1348;Aubrie;Abram;Aubrie.Abram@gmail.com;police officer
1349;Genevra;Nisbet;Genevra.Nisbet@gmail.com;developer
1350;Veda;Edison;Veda.Edison@gmail.com;doctor
1351;Orsola;McNully;Orsola.McNully@gmail.com;developer
1352;Cherrita;Isacco;Cherrita.Isacco@gmail.com;worker
1353;Vevay;Cornelia;Vevay.Cornelia@gmail.com;police officer
1354;Elie;Hamil;Elie.Hamil@gmail.com;worker
1355;Minne;Taima;Minne.Taima@gmail.com;firefighter
1356;Henriette;Zrike;Henriette.Zrike@gmail.com;police officer
1357;Rayna;Joli;Rayna.Joli@gmail.com;worker
1358;Rosanne;Ackerley;Rosanne.Ackerley@gmail.com;police officer
1359;Gratia;Alwin;Gratia.Alwin@gmail.com;police officer
1360;Tomasina;Niles;Tomasina.Niles@gmail.com;developer
1361;Nannie;Stelle;Nannie.Stelle@gmail.com;police officer
1362;Nariko;Hertzfeld;Nariko.Hertzfeld@gmail.com;police officer
1363;Goldie;Kaete;Goldie.Kaete@gmail.com;police officer
1364;Cristine;Stoller;Cristine.Stoller@gmail.com;firefighter
1365;Lexine;Malanie;Lexine.Malanie@gmail.com;firefighter
1366;Carilyn;Irmine;Carilyn.Irmine@gmail.com;police officer
1367;Dianemarie;Hashim;Dianemarie.Hashim@gmail.com;developer
1368;Lonnie;Phi;Lonnie.Phi@gmail.com;police officer
1369;Berta;Hashim;Berta.Hashim@gmail.com;worker
1370;Ebonee;Bahr;Ebonee.Bahr@gmail.com;doctor
1371;Annaliese;Carlson;Annaliese.Carlson@gmail.com;firefighter
1372;Ezmeralda;Blisse;Ezmeralda.Blisse@gmail.com;worker
1373;Gavrielle;Alabaster;Gavrielle.Alabaster@gmail.com;worker
1374;Lila;Barney;Lila.Barney@gmail.com;worker
1375;Daryl;Latini;Daryl.Latini@gmail.com;developer
1376;Alleen;Raychel;Alleen.Raychel@gmail.com;police officer
1377;Harmonia;Buttaro;Harmonia.Buttaro@gmail.com;police officer
1378;Chloris;Ehrman;Chloris.Ehrman@gmail.com;doctor
1379;Collen;Deegan;Collen.Deegan@gmail.com;doctor
1380;Jaime;Hanleigh;Jaime.Hanleigh@gmail.com;police officer
1381;Emma;Cleo;Emma.Cleo@gmail.com;developer
1382;Gerianna;Dowski;Gerianna.Dowski@gmail.com;developer
1383;Demetris;Lynn;Demetris.Lynn@gmail.com;developer
1384;Lory;Hollingsworth;Lory.Hollingsworth@gmail.com;developer
1385;Lucy;Buckler;Lucy.Buckler@gmail.com;worker
1386;Ariela;Redmond;Ariela.Redmond@gmail.com;worker
1387;Gratia;Roche;Gratia.Roche@gmail.com;worker
1388;Phedra;Cohdwell;Phedra.Cohdwell@gmail.com;worker
1389;Marinna;Stoller;Marinna.Stoller@gmail.com;worker
1390;Valera;Hollingsworth;Valera.Hollingsworth@gmail.com;police officer
1391;Daune;Kesley;Daune.Kesley@gmail.com;police officer
1392;Dania;Trey;Dania.Trey@gmail.com;firefighter
1393;Cristine;Schlosser;Cristine.Schlosser@gmail.com;doctor
1394;Gale;Goerke;Gale.Goerke@gmail.com;developer
1395;Marsiella;Clywd;Marsiella.Clywd@gmail.com;doctor
1396;Paola;Millda;Paola.Millda@gmail.com;firefighter
1397;Marita;Giff;Marita.Giff@gmail.com;developer
1398;Giustina;Pattin;Giustina.Pattin@gmail.com;developer
1399;Odessa;Guildroy;Odessa.Guildroy@gmail.com;police officer
1400;Brynna;Gower;Brynna.Gower@gmail.com;worker
1401;Rosene;Bonilla;Rosene.Bonilla@gmail.com;police officer
1402;Elise;Pettiford;Elise.Pettiford@gmail.com;developer
1403;Vita;Marlie;Vita.Marlie@gmail.com;firefighter
1404;Loree;Zitvaa;Loree.Zitvaa@gmail.com;developer
1405;Joane;Mintz;Joane.Mintz@gmail.com;worker
1406;Babita;Wesle;Babita.Wesle@gmail.com;worker
1407;Olivette;Elo;Olivette.Elo@gmail.com;worker
1408;Adele;Thad;Adele.Thad@gmail.com;firefighter
1409;Randa;Raychel;Randa.Raychel@gmail.com;developer
1410;Anica;Oscar;Anica.Oscar@gmail.com;doctor
1411;Phylis;Delila;Phylis.Delila@gmail.com;firefighter
1412;Aimil;Goldina;Aimil.Goldina@gmail.com;developer
1413;Lorne;Tacye;Lorne.Tacye@gmail.com;doctor
1414;Giustina;Bow;Giustina.Bow@gmail.com;developer
1415;Gusty;Tamar;Gusty.Tamar@gmail.com;firefighter
1416;Viki;Ackerley;Viki.Ackerley@gmail.com;developer
1417;Caressa;Valerio;Caressa.Valerio@gmail.com;police officer
1418;Nariko;Palocz;Nariko.Palocz@gmail.com;doctor
1419;Ida;Harl;Ida.Harl@gmail.com;police officer
1420;Gusella;Stefa;Gusella.Stefa@gmail.com;worker
1421;Genevra;Salchunas;Genevra.Salchunas@gmail.com;police officer
1422;Arabel;Heidt;Arabel.Heidt@gmail.com;worker
1423;June;Catie;June.Catie@gmail.com;police officer
1424;Lanna;Hanshaw;Lanna.Hanshaw@gmail.com;doctor
1425;Nananne;Joseph;Nananne.Joseph@gmail.com;worker
1426;Eugine;Norvol;Eugine.Norvol@gmail.com;firefighter
1427;Dede;Flita;Dede.Flita@gmail.com;developer
1428;Petronia;Suk;Petronia.Suk@gmail.com;doctor
1429;Annecorinne;Lea;Annecorinne.Lea@gmail.com;firefighter
1430;Dawn;Etom;Dawn.Etom@gmail.com;police officer
1431;Amii;Charity;Amii.Charity@gmail.com;firefighter
1432;Kayla;Garek;Kayla.Garek@gmail.com;police officer
1433;Asia;Suk;Asia.Suk@gmail.com;firefighter
1434;Roslyn;Erich;Roslyn.Erich@gmail.com;developer
1435;Estell;Afton;Estell.Afton@gmail.com;police officer
1436;Estell;Rona;Estell.Rona@gmail.com;firefighter
1437;Nita;Fitzsimmons;Nita.Fitzsimmons@gmail.com;doctor
1438;Berta;Georas;Berta.Georas@gmail.com;doctor
1439;Ellette;Magdalen;Ellette.Magdalen@gmail.com;firefighter
1440;Elka;Mayeda;Elka.Mayeda@gmail.com;police officer
1441;Brandise;Gilmour;Brandise.Gilmour@gmail.com;worker
1442;June;Goerke;June.Goerke@gmail.com;firefighter
1443;Kathy;Connelly;Kathy.Connelly@gmail.com;doctor
1444;Tabbatha;Kaja;Tabbatha.Kaja@gmail.com;developer
1445;Linzy;Lunsford;Linzy.Lunsford@gmail.com;developer
1446;Cherrita;Geffner;Cherrita.Geffner@gmail.com;police officer
1447;Catharine;Peg;Catharine.Peg@gmail.com;police officer
1448;Dorothy;Viddah;Dorothy.Viddah@gmail.com;developer
1449;Vanessa;Docilla;Vanessa.Docilla@gmail.com;police officer
1450;Molli;Carmena;Molli.Carmena@gmail.com;doctor
1451;Millie;Wyn;Millie.Wyn@gmail.com;worker
1452;Marinna;Krystle;Marinna.Krystle@gmail.com;worker
1453;Sean;Raseda;Sean.Raseda@gmail.com;developer
1454;Cathyleen;McNully;Cathyleen.McNully@gmail.com;police officer
1455;Raquela;Melleta;Raquela.Melleta@gmail.com;police officer
1456;Brana;Maisey;Brana.Maisey@gmail.com;doctor
1457;Correy;Egbert;Correy.Egbert@gmail.com;police officer
1458;Aimil;Tayib;Aimil.Tayib@gmail.com;worker
1459;Augustine;Garek;Augustine.Garek@gmail.com;developer
1460;Ekaterina;Jacinda;Ekaterina.Jacinda@gmail.com;firefighter
1461;Aili;Tengdin;Aili.Tengdin@gmail.com;police officer
1462;Zondra;Hessler;Zondra.Hessler@gmail.com;worker
1463;Aurore;Tarrant;Aurore.Tarrant@gmail.com;developer
1464;Basia;Maiah;Basia.Maiah@gmail.com;developer
1465;Dolli;Dosia;Dolli.Dosia@gmail.com;worker
1466;Jan;Carlson;Jan.Carlson@gmail.com;doctor
1467;Sabina;Hunfredo;Sabina.Hunfredo@gmail.com;firefighter
1468;Jackie;Thomasina;Jackie.Thomasina@gmail.com;police officer
1469;Zaria;Goth;Zaria.Goth@gmail.com;firefighter
1470;Sabina;Henrie;Sabina.Henrie@gmail.com;developer
1471;Janey;Pacorro;Janey.Pacorro@gmail.com;doctor
1472;Marcelline;Sprage;Marcelline.Sprage@gmail.com;developer
1473;Celisse;Bethany;Celisse.Bethany@gmail.com;developer
1474;Millie;Medrek;Millie.Medrek@gmail.com;police officer
1475;Sarette;Phyllis;Sarette.Phyllis@gmail.com;worker
1476;Ekaterina;Gusella;Ekaterina.Gusella@gmail.com;doctor
1477;Kellen;Moina;Kellen.Moina@gmail.com;firefighter
1478;Rosaline;Dorine;Rosaline.Dorine@gmail.com;police officer
1479;Jasmina;Lesley;Jasmina.Lesley@gmail.com;worker
1480;Myrtice;Egbert;Myrtice.Egbert@gmail.com;worker
1481;Selia;Raul;Selia.Raul@gmail.com;doctor
1482;Leontine;Ehrman;Leontine.Ehrman@gmail.com;firefighter
1483;Clarice;Yam;Clarice.Yam@gmail.com;firefighter
1484;Trixi;Bari;Trixi.Bari@gmail.com;doctor
1485;Emelina;Dorine;Emelina.Dorine@gmail.com;developer
1486;Barbi;Hertzfeld;Barbi.Hertzfeld@gmail.com;firefighter
1487;Esmeralda;Wu;Esmeralda.Wu@gmail.com;developer
1488;Valli;Chinua;Valli.Chinua@gmail.com;doctor
1489;Petronia;Suk;Petronia.Suk@gmail.com;worker
1490;Xylina;Borrell;Xylina.Borrell@gmail.com;police officer
1491;Sybille;Soneson;Sybille.Soneson@gmail.com;police officer
1492;Konstance;Meli;Konstance.Meli@gmail.com;firefighter
1493;Alexine;Fancie;Alexine.Fancie@gmail.com;firefighter
1494;Clarice;Anastatius;Clarice.Anastatius@gmail.com;police officer
1495;Shell;Randene;Shell.Randene@gmail.com;worker
1496;Amelia;Plato;Amelia.Plato@gmail.com;police officer
1497;Renie;Laverne;Renie.Laverne@gmail.com;firefighter
1498;Jackie;Kinnard;Jackie.Kinnard@gmail.com;firefighter
1499;Agnese;Lattie;Agnese.Lattie@gmail.com;worker
1500;Ira;Nance;Ira.Nance@gmail.com;developer
1501;Ginnie;Marisa;Ginnie.Marisa@gmail.com;doctor
1502;Brietta;Dimitris;Brietta.Dimitris@gmail.com;doctor
1503;Candi;Edvard;Candi.Edvard@gmail.com;firefighter
1504;Kial;Morehouse;Kial.Morehouse@gmail.com;firefighter
1505;Katleen;Gino;Katleen.Gino@gmail.com;worker
1506;Valeda;Ethban;Valeda.Ethban@gmail.com;police officer
1507;Gisela;Bibi;Gisela.Bibi@gmail.com;worker
1508;Pierette;Hollingsworth;Pierette.Hollingsworth@gmail.com;police officer
1509;Corene;Bohlin;Corene.Bohlin@gmail.com;doctor
1510;Mathilda;Natalia;Mathilda.Natalia@gmail.com;developer
1511;Teriann;Madox;Teriann.Madox@gmail.com;firefighter
1512;Myrtice;Miru;Myrtice.Miru@gmail.com;firefighter
1513;Fidelia;Pandolfi;Fidelia.Pandolfi@gmail.com;developer
1514;Brena;Berne;Brena.Berne@gmail.com;worker
1515;Maye;Cosenza;Maye.Cosenza@gmail.com;developer
1516;Ulrike;Carvey;Ulrike.Carvey@gmail.com;firefighter
1517;Zondra;Sundin;Zondra.Sundin@gmail.com;firefighter
1518;Merrie;Craggie;Merrie.Craggie@gmail.com;developer
1519;Dawn;Erb;Dawn.Erb@gmail.com;developer
1520;Vanessa;Wenda;Vanessa.Wenda@gmail.com;doctor
1521;Lily;Stephie;Lily.Stephie@gmail.com;worker
1522;Glynnis;Suk;Glynnis.Suk@gmail.com;developer
1523;Jasmina;Smitt;Jasmina.Smitt@gmail.com;police officer
1524;Codie;Wilona;Codie.Wilona@gmail.com;worker
1525;Valeda;Ioab;Valeda.Ioab@gmail.com;firefighter
1526;Tracey;Fulmer;Tracey.Fulmer@gmail.com;firefighter
1527;Cyndie;Reneta;Cyndie.Reneta@gmail.com;firefighter
1528;Clary;Arley;Clary.Arley@gmail.com;doctor
1529;Lexine;Berl;Lexine.Berl@gmail.com;developer
1530;Sibella;Virgin;Sibella.Virgin@gmail.com;doctor
1531;Verla;Fillbert;Verla.Fillbert@gmail.com;doctor
1532;Dode;Sasnett;Dode.Sasnett@gmail.com;doctor
1533;Sara-Ann;Keelia;Sara-Ann.Keelia@gmail.com;worker
1534;Gloria;Dash;Gloria.Dash@gmail.com;doctor
1535;Madelle;Nea;Madelle.Nea@gmail.com;police officer
1536;Brena;Bennie;Brena.Bennie@gmail.com;developer
1537;Randa;Even;Randa.Even@gmail.com;worker
1538;Jaime;Raimondo;Jaime.Raimondo@gmail.com;worker
1539;Trudie;Oscar;Trudie.Oscar@gmail.com;police officer
1540;Betta;Fontana;Betta.Fontana@gmail.com;worker
1541;Roxane;Jehu;Roxane.Jehu@gmail.com;police officer
1542;Loree;Khorma;Loree.Khorma@gmail.com;doctor
1543;Ellette;Schlosser;Ellette.Schlosser@gmail.com;police officer
1544;Basia;Septima;Basia.Septima@gmail.com;developer
1545;Feliza;Lilybelle;Feliza.Lilybelle@gmail.com;police officer
1546;Jsandye;Payson;Jsandye.Payson@gmail.com;police officer
1547;Kelly;Hollingsworth;Kelly.Hollingsworth@gmail.com;firefighter
1548;Rochette;Hoban;Rochette.Hoban@gmail.com;worker
1549;Sandie;Goode;Sandie.Goode@gmail.com;doctor
1550;Emylee;Nadia;Emylee.Nadia@gmail.com;worker
1551;Ronna;Barrus;Ronna.Barrus@gmail.com;police officer
1552;Merle;McClimans;Merle.McClimans@gmail.com;worker
1553;Valeda;Boehike;Valeda.Boehike@gmail.com;worker
1554;Lizzie;Karylin;Lizzie.Karylin@gmail.com;developer
1555;Janey;Roche;Janey.Roche@gmail.com;developer
1556;Alia;Seumas;Alia.Seumas@gmail.com;doctor
1557;Imojean;O'Rourke;Imojean.O'Rourke@gmail.com;developer
1558;Dominga;Sacken;Dominga.Sacken@gmail.com;police officer
1559;Loree;Strephon;Loree.Strephon@gmail.com;firefighter
1560;Gloria;Rooney;Gloria.Rooney@gmail.com;firefighter
1561;Amara;Neva;Amara.Neva@gmail.com;doctor
1562;Joleen;Bouchard;Joleen.Bouchard@gmail.com;developer
1563;Joeann;Terrence;Joeann.Terrence@gmail.com;developer
1564;Maryellen;Alfons;Maryellen.Alfons@gmail.com;firefighter
1565;Loree;Kiersten;Loree.Kiersten@gmail.com;doctor
1566;Jaime;Whiffen;Jaime.Whiffen@gmail.com;doctor
1567;Pierette;Ambrosia;Pierette.Ambrosia@gmail.com;police officer
1568;Chastity;Katrine;Chastity.Katrine@gmail.com;worker
1569;Renae;Lindemann;Renae.Lindemann@gmail.com;developer
1570;Dacia;Read;Dacia.Read@gmail.com;firefighter
1571;Yolane;Darrell;Yolane.Darrell@gmail.com;doctor
1572;Steffane;Matthew;Steffane.Matthew@gmail.com;doctor
1573;Barbi;Woodberry;Barbi.Woodberry@gmail.com;police officer
1574;Gilligan;Heidt;Gilligan.Heidt@gmail.com;firefighter
1575;Brena;Strephon;Brena.Strephon@gmail.com;developer
1576;Carree;Oneida;Carree.Oneida@gmail.com;developer
1577;Donetta;Nerita;Donetta.Nerita@gmail.com;firefighter
1578;Rani;Linehan;Rani.Linehan@gmail.com;doctor
1579;Jaime;Odell;Jaime.Odell@gmail.com;developer
1580;Clo;Dash;Clo.Dash@gmail.com;police officer
1581;Nicoli;Haymes;Nicoli.Haymes@gmail.com;developer
1582;Wileen;Bendick;Wileen.Bendick@gmail.com;doctor
1583;Fidelia;Garek;Fidelia.Garek@gmail.com;firefighter
1584;Rhea;Mendez;Rhea.Mendez@gmail.com;worker
1585;Oona;Maisey;Oona.Maisey@gmail.com;doctor
1586;Dawn;Nisbet;Dawn.Nisbet@gmail.com;worker
1587;Marnia;Annice;Marnia.Annice@gmail.com;developer
1588;Heddie;Dunkin;Heddie.Dunkin@gmail.com;worker
1589;Katharina;Nerita;Katharina.Nerita@gmail.com;developer
1590;Moyna;Moina;Moyna.Moina@gmail.com;doctor
1591;Alia;Seessel;Alia.Seessel@gmail.com;firefighter
1592;Tierney;Kalinda;Tierney.Kalinda@gmail.com;police officer
1593;Blondelle;Genna;Blondelle.Genna@gmail.com;police officer
1594;Cacilie;Autrey;Cacilie.Autrey@gmail.com;police officer
1595;Joelly;Even;Joelly.Even@gmail.com;developer
1596;Deedee;Ogren;Deedee.Ogren@gmail.com;developer
1597;Angela;Malvino;Angela.Malvino@gmail.com;police officer
1598;Fanny;Westphal;Fanny.Westphal@gmail.com;doctor
1599;Dolli;Bury;Dolli.Bury@gmail.com;doctor
1600;Larine;Aaberg;Larine.Aaberg@gmail.com;doctor
1601;Vita;Primalia;Vita.Primalia@gmail.com;worker
1602;Gisela;Muriel;Gisela.Muriel@gmail.com;police officer
1603;Wanda;Eldrid;Wanda.Eldrid@gmail.com;firefighter
1604;Wileen;Jerold;Wileen.Jerold@gmail.com;police officer
1605;Viviene;Mallon;Viviene.Mallon@gmail.com;police officer
1606;Sandie;Ogren;Sandie.Ogren@gmail.com;worker
1607;Dione;Gaulin;Dione.Gaulin@gmail.com;doctor
1608;Ninnetta;Garlinda;Ninnetta.Garlinda@gmail.com;worker
1609;Fredericka;Seessel;Fredericka.Seessel@gmail.com;police officer
1610;Malina;Reneta;Malina.Reneta@gmail.com;police officer
1611;Amara;Wind;Amara.Wind@gmail.com;firefighter
1612;Charmaine;Fiester;Charmaine.Fiester@gmail.com;worker
1613;Jessy;Phyllis;Jessy.Phyllis@gmail.com;developer
1614;Blondelle;Orpah;Blondelle.Orpah@gmail.com;police officer
1615;Marti;Gavrila;Marti.Gavrila@gmail.com;firefighter
1616;Brietta;Lenny;Brietta.Lenny@gmail.com;firefighter
1617;Gwenneth;Harl;Gwenneth.Harl@gmail.com;developer
1618;Rochette;Chick;Rochette.Chick@gmail.com;police officer
1619;Aimil;Karl;Aimil.Karl@gmail.com;developer
1620;Violet;Thad;Violet.Thad@gmail.com;firefighter
1621;Deedee;Loleta;Deedee.Loleta@gmail.com;firefighter
1622;Kary;Arne;Kary.Arne@gmail.com;doctor
1623;Rani;Shuler;Rani.Shuler@gmail.com;doctor
1624;Agathe;Chaing;Agathe.Chaing@gmail.com;firefighter
1625;Regina;Merriott;Regina.Merriott@gmail.com;worker
1626;Rochette;Tannie;Rochette.Tannie@gmail.com;firefighter
1627;Joane;Alice;Joane.Alice@gmail.com;police officer
1628;Liana;Brotherson;Liana.Brotherson@gmail.com;firefighter
1629;Larine;Nea;Larine.Nea@gmail.com;doctor
1630;Jessamyn;Wolfgram;Jessamyn.Wolfgram@gmail.com;doctor
1631;Tamqrah;Hebner;Tamqrah.Hebner@gmail.com;developer
1632;Paule;Rocray;Paule.Rocray@gmail.com;developer
1633;Emilia;Madox;Emilia.Madox@gmail.com;police officer
1634;Wanda;Dalli;Wanda.Dalli@gmail.com;firefighter
1635;Deloria;Codding;Deloria.Codding@gmail.com;developer
1636;Ebonee;Korey;Ebonee.Korey@gmail.com;police officer
1637;Yvonne;Rubie;Yvonne.Rubie@gmail.com;police officer
1638;Shaine;Hurley;Shaine.Hurley@gmail.com;developer
1639;Collen;Maiah;Collen.Maiah@gmail.com;police officer
1640;Rivalee;Karylin;Rivalee.Karylin@gmail.com;firefighter
1641;Nariko;Celestine;Nariko.Celestine@gmail.com;firefighter
1642;Ashlee;Solitta;Ashlee.Solitta@gmail.com;worker
1643;Orelia;Publia;Orelia.Publia@gmail.com;police officer
1644;Blake;Aurelio;Blake.Aurelio@gmail.com;police officer
1645;Viviene;Saunderson;Viviene.Saunderson@gmail.com;worker
1646;Micheline;Wilona;Micheline.Wilona@gmail.com;police officer
1647;Viki;Shields;Viki.Shields@gmail.com;doctor
1648;Fanny;Clarissa;Fanny.Clarissa@gmail.com;developer
1649;Modestia;Ellord;Modestia.Ellord@gmail.com;doctor
1650;Neila;Dunkin;Neila.Dunkin@gmail.com;police officer
1651;Almeta;Lynn;Almeta.Lynn@gmail.com;doctor
1652;Gilligan;Fulmer;Gilligan.Fulmer@gmail.com;police officer
1653;Vita;Cassius;Vita.Cassius@gmail.com;police officer
1654;Tersina;O'Neill;Tersina.O'Neill@gmail.com;police officer
1655;Jinny;Hathaway;Jinny.Hathaway@gmail.com;firefighter
1656;Caritta;Arne;Caritta.Arne@gmail.com;police officer
1657;Brianna;Shirberg;Brianna.Shirberg@gmail.com;developer
1658;Chrystel;Hertzfeld;Chrystel.Hertzfeld@gmail.com;firefighter
1659;Rori;Saree;Rori.Saree@gmail.com;doctor
1660;Gale;Emmaline;Gale.Emmaline@gmail.com;developer
1661;Jackie;Damarra;Jackie.Damarra@gmail.com;police officer
1662;Dorothy;Thomasina;Dorothy.Thomasina@gmail.com;worker
1663;Heida;Firmin;Heida.Firmin@gmail.com;police officer
1664;Damaris;Laverne;Damaris.Laverne@gmail.com;doctor
1665;Dania;Seligman;Dania.Seligman@gmail.com;developer
1666;Rochette;Sundin;Rochette.Sundin@gmail.com;developer
1667;Caryl;Hortensia;Caryl.Hortensia@gmail.com;police officer
1668;Rori;Jagir;Rori.Jagir@gmail.com;developer
1669;Chrystel;Amethist;Chrystel.Amethist@gmail.com;firefighter
1670;Sindee;Lea;Sindee.Lea@gmail.com;doctor
1671;Sonni;McNully;Sonni.McNully@gmail.com;doctor
1672;Kassey;Bettine;Kassey.Bettine@gmail.com;police officer
1673;Elvira;Zeeba;Elvira.Zeeba@gmail.com;firefighter
1674;Basia;Pauly;Basia.Pauly@gmail.com;firefighter
1675;Tami;Huggins;Tami.Huggins@gmail.com;police officer
1676;Lita;Toni;Lita.Toni@gmail.com;developer
1677;Margarette;Darrell;Margarette.Darrell@gmail.com;doctor
1678;Marjie;Nisbet;Marjie.Nisbet@gmail.com;police officer
1679;Cathie;Luhe;Cathie.Luhe@gmail.com;firefighter
1680;Konstance;Ade;Konstance.Ade@gmail.com;developer
1681;Nataline;Izaak;Nataline.Izaak@gmail.com;police officer
1682;Binny;Jacqui;Binny.Jacqui@gmail.com;police officer
1683;Adriana;Rosemary;Adriana.Rosemary@gmail.com;worker
1684;Joleen;Jobi;Joleen.Jobi@gmail.com;police officer
1685;Consuela;Claudine;Consuela.Claudine@gmail.com;worker
1686;Caritta;Ade;Caritta.Ade@gmail.com;police officer
1687;Concettina;Barrus;Concettina.Barrus@gmail.com;police officer
1688;Clary;Dorothy;Clary.Dorothy@gmail.com;police officer
1689;Wendi;Erich;Wendi.Erich@gmail.com;police officer
1690;Nelle;Baylor;Nelle.Baylor@gmail.com;firefighter
1691;Beth;Dorine;Beth.Dorine@gmail.com;doctor
1692;Caryl;Tice;Caryl.Tice@gmail.com;developer
1693;Paule;Herrera;Paule.Herrera@gmail.com;police officer
1694;Beverley;Lilybelle;Beverley.Lilybelle@gmail.com;firefighter
1695;Maryellen;Cecile;Maryellen.Cecile@gmail.com;firefighter
1696;Leona;Fillbert;Leona.Fillbert@gmail.com;developer
1697;Ricky;O'Rourke;Ricky.O'Rourke@gmail.com;firefighter
1698;Lynea;Helfand;Lynea.Helfand@gmail.com;firefighter
1699;Candy;Rad;Candy.Rad@gmail.com;police officer
1700;Brooks;Philoo;Brooks.Philoo@gmail.com;doctor
1701;Deedee;Reneta;Deedee.Reneta@gmail.com;doctor
1702;Angela;Bertold;Angela.Bertold@gmail.com;developer
1703;Viviene;Reneta;Viviene.Reneta@gmail.com;worker
1704;Bobbi;Vale;Bobbi.Vale@gmail.com;doctor
1705;Dari;Jotham;Dari.Jotham@gmail.com;police officer
1706;Brandise;Dominy;Brandise.Dominy@gmail.com;doctor
1707;Teddie;Gavrila;Teddie.Gavrila@gmail.com;firefighter
1708;Carree;Modie;Carree.Modie@gmail.com;doctor
1709;Dorene;Cloris;Dorene.Cloris@gmail.com;police officer
1710;Rubie;Gemini;Rubie.Gemini@gmail.com;developer
1711;Modestia;Alcott;Modestia.Alcott@gmail.com;developer
1712;Coral;Morrill;Coral.Morrill@gmail.com;firefighter
1713;Konstance;Shields;Konstance.Shields@gmail.com;police officer
1714;Ardeen;Redmond;Ardeen.Redmond@gmail.com;police officer
1715;Celisse;Eben;Celisse.Eben@gmail.com;worker
1716;Vinita;Docilla;Vinita.Docilla@gmail.com;worker
1717;Lenna;Greyson;Lenna.Greyson@gmail.com;developer
1718;Celene;Ashely;Celene.Ashely@gmail.com;firefighter
1719;Steffane;Korey;Steffane.Korey@gmail.com;firefighter
1720;Britte;Gahl;Britte.Gahl@gmail.com;police officer
1721;Trixi;Arne;Trixi.Arne@gmail.com;worker
1722;Cherilyn;Kirstin;Cherilyn.Kirstin@gmail.com;police officer
1723;Dulce;Mallon;Dulce.Mallon@gmail.com;firefighter
1724;Rani;Fosque;Rani.Fosque@gmail.com;police officer
1725;Rozele;Edee;Rozele.Edee@gmail.com;worker
1726;Penelopa;Giff;Penelopa.Giff@gmail.com;doctor
1727;Konstance;MacIntosh;Konstance.MacIntosh@gmail.com;police officer
1728;Madelle;Lalitta;Madelle.Lalitta@gmail.com;firefighter
1729;Charissa;Shields;Charissa.Shields@gmail.com;police officer
1730;Corly;Grosz;Corly.Grosz@gmail.com;developer
1731;Therine;Munn;Therine.Munn@gmail.com;firefighter
1732;Wileen;Old;Wileen.Old@gmail.com;firefighter
1733;Cindelyn;Cookie;Cindelyn.Cookie@gmail.com;police officer
1734;Roz;Haerr;Roz.Haerr@gmail.com;worker
1735;Kellen;Carleen;Kellen.Carleen@gmail.com;firefighter
1736;Zsa Zsa;Smitt;Zsa Zsa.Smitt@gmail.com;police officer
1737;Emylee;Codding;Emylee.Codding@gmail.com;doctor
1738;Cissiee;Dawkins;Cissiee.Dawkins@gmail.com;developer
1739;Chastity;Ummersen;Chastity.Ummersen@gmail.com;police officer
1740;Florencia;Baylor;Florencia.Baylor@gmail.com;developer
1741;Farrah;Jacqui;Farrah.Jacqui@gmail.com;developer
1742;Chandra;Kenney;Chandra.Kenney@gmail.com;worker
1743;Cecile;Rona;Cecile.Rona@gmail.com;firefighter
1744;Constance;Adalbert;Constance.Adalbert@gmail.com;firefighter
1745;Ada;Drisko;Ada.Drisko@gmail.com;police officer
1746;Flo;Lamoree;Flo.Lamoree@gmail.com;worker
1747;Belva;Codding;Belva.Codding@gmail.com;doctor
1748;Wanda;Hashim;Wanda.Hashim@gmail.com;worker
1749;Jobi;Cyrie;Jobi.Cyrie@gmail.com;worker
1750;Frances;Heisel;Frances.Heisel@gmail.com;firefighter
1751;Peri;Pip;Peri.Pip@gmail.com;doctor
1752;Ricky;Norvol;Ricky.Norvol@gmail.com;doctor
1753;Kellen;Gino;Kellen.Gino@gmail.com;firefighter
1754;Pollyanna;Brackely;Pollyanna.Brackely@gmail.com;firefighter
1755;Cacilie;Ruvolo;Cacilie.Ruvolo@gmail.com;firefighter
1756;Halette;Dosia;Halette.Dosia@gmail.com;firefighter
1757;Barbi;Dex;Barbi.Dex@gmail.com;doctor
1758;Hildegaard;Lindemann;Hildegaard.Lindemann@gmail.com;developer
1759;Petronia;Cordi;Petronia.Cordi@gmail.com;firefighter
1760;Julieta;Wu;Julieta.Wu@gmail.com;police officer
1761;Annice;Fitzsimmons;Annice.Fitzsimmons@gmail.com;developer
1762;Verla;Martguerita;Verla.Martguerita@gmail.com;worker
1763;Harrietta;Mitzi;Harrietta.Mitzi@gmail.com;worker
1764;Nonnah;Center;Nonnah.Center@gmail.com;police officer
1765;Nerta;Leonard;Nerta.Leonard@gmail.com;developer
1766;Moyna;Joni;Moyna.Joni@gmail.com;firefighter
1767;Bertine;Stav;Bertine.Stav@gmail.com;worker
1768;Sabina;Scammon;Sabina.Scammon@gmail.com;developer
1769;Fernande;Kristi;Fernande.Kristi@gmail.com;developer
1770;Emylee;Ricki;Emylee.Ricki@gmail.com;doctor
1771;Margette;Bergman;Margette.Bergman@gmail.com;firefighter
1772;Paule;Kathie;Paule.Kathie@gmail.com;worker
1773;Fredericka;Maribeth;Fredericka.Maribeth@gmail.com;police officer
1774;Flory;Emmy;Flory.Emmy@gmail.com;worker
1775;Moyna;Euridice;Moyna.Euridice@gmail.com;firefighter
1776;Malina;Douglass;Malina.Douglass@gmail.com;police officer
1777;Joy;Pozzy;Joy.Pozzy@gmail.com;worker
1778;Cherilyn;Zamora;Cherilyn.Zamora@gmail.com;doctor
1779;Eadie;Levey;Eadie.Levey@gmail.com;developer
1780;Gwyneth;Ciro;Gwyneth.Ciro@gmail.com;developer
1781;Nickie;Egbert;Nickie.Egbert@gmail.com;firefighter
1782;Claudina;Ingra;Claudina.Ingra@gmail.com;doctor
1783;Dorothy;Tremayne;Dorothy.Tremayne@gmail.com;developer
1784;Vevay;Hillel;Vevay.Hillel@gmail.com;police officer
1785;Linet;Odysseus;Linet.Odysseus@gmail.com;police officer
1786;Brooks;Lucienne;Brooks.Lucienne@gmail.com;firefighter
1787;Tobe;Tatianas;Tobe.Tatianas@gmail.com;firefighter
1788;Aimil;Goerke;Aimil.Goerke@gmail.com;developer
1789;Amalie;Hartnett;Amalie.Hartnett@gmail.com;firefighter
1790;Carree;Rossner;Carree.Rossner@gmail.com;firefighter
1791;Jacenta;Franza;Jacenta.Franza@gmail.com;doctor
1792;Nyssa;Elephus;Nyssa.Elephus@gmail.com;worker
1793;Tonia;Aprile;Tonia.Aprile@gmail.com;developer
1794;Cathyleen;Margret;Cathyleen.Margret@gmail.com;police officer
1795;Veda;Hirsch;Veda.Hirsch@gmail.com;police officer
1796;Karolina;Junie;Karolina.Junie@gmail.com;developer
1797;Jillayne;Wallis;Jillayne.Wallis@gmail.com;developer
1798;Atlanta;O'Neill;Atlanta.O'Neill@gmail.com;worker
1799;Jasmina;Torray;Jasmina.Torray@gmail.com;developer
1800;Rozele;Lorenz;Rozele.Lorenz@gmail.com;police officer
1801;Zia;Love;Zia.Love@gmail.com;worker
1802;Rayna;Dorine;Rayna.Dorine@gmail.com;developer
1803;Anthia;Bethany;Anthia.Bethany@gmail.com;police officer
1804;Cordi;Grobe;Cordi.Grobe@gmail.com;doctor
1805;Nadine;Ophelia;Nadine.Ophelia@gmail.com;doctor
1806;Janeczka;Liebermann;Janeczka.Liebermann@gmail.com;police officer
1807;Rivalee;Tjon;Rivalee.Tjon@gmail.com;worker
1808;Karolina;Maryanne;Karolina.Maryanne@gmail.com;firefighter
1809;Linzy;Howlyn;Linzy.Howlyn@gmail.com;police officer
1810;Sean;Fennessy;Sean.Fennessy@gmail.com;firefighter
1811;Gilligan;Marlie;Gilligan.Marlie@gmail.com;developer
1812;Brana;Emmy;Brana.Emmy@gmail.com;firefighter
1813;Marline;Bluh;Marline.Bluh@gmail.com;firefighter
1814;Xylina;Gwenore;Xylina.Gwenore@gmail.com;firefighter
1815;Carolina;Vary;Carolina.Vary@gmail.com;worker
1816;Hermione;Gower;Hermione.Gower@gmail.com;doctor
1817;Meg;Garek;Meg.Garek@gmail.com;firefighter
1818;Atlanta;Dearborn;Atlanta.Dearborn@gmail.com;developer
1819;Alleen;Gaspard;Alleen.Gaspard@gmail.com;firefighter
1820;Karlee;Abram;Karlee.Abram@gmail.com;developer
1821;Marnia;Gahl;Marnia.Gahl@gmail.com;firefighter
1822;Ninnetta;Goode;Ninnetta.Goode@gmail.com;police officer
1823;Damaris;Lattie;Damaris.Lattie@gmail.com;police officer
1824;Chere;Ortrude;Chere.Ortrude@gmail.com;worker
1825;Aili;Markman;Aili.Markman@gmail.com;police officer
1826;Konstance;Croix;Konstance.Croix@gmail.com;doctor
1827;Lolita;Lareena;Lolita.Lareena@gmail.com;doctor
1828;Rochette;Nicoline;Rochette.Nicoline@gmail.com;developer
1829;Maridel;Tillford;Maridel.Tillford@gmail.com;police officer
1830;Carol-Jean;Zrike;Carol-Jean.Zrike@gmail.com;doctor
1831;Jolyn;Carleen;Jolyn.Carleen@gmail.com;worker
1832;Almeta;Lorenz;Almeta.Lorenz@gmail.com;doctor
1833;Aaren;Autrey;Aaren.Autrey@gmail.com;doctor
1834;Modestia;Urania;Modestia.Urania@gmail.com;doctor
1835;Joleen;Vharat;Joleen.Vharat@gmail.com;firefighter
1836;Di;Wilkinson;Di.Wilkinson@gmail.com;doctor
1837;Nanete;Durante;Nanete.Durante@gmail.com;police officer
1838;Margarette;Randene;Margarette.Randene@gmail.com;worker
1839;Mariann;Letsou;Mariann.Letsou@gmail.com;firefighter
1840;Kimberley;Cristi;Kimberley.Cristi@gmail.com;police officer
1841;Melisent;Milde;Melisent.Milde@gmail.com;worker
1842;Clarice;Lane;Clarice.Lane@gmail.com;firefighter
1843;Janey;Weide;Janey.Weide@gmail.com;police officer
1844;Catrina;Carvey;Catrina.Carvey@gmail.com;doctor
1845;Zia;Horan;Zia.Horan@gmail.com;doctor
1846;Karina;Sibyls;Karina.Sibyls@gmail.com;developer
1847;Fina;Macey;Fina.Macey@gmail.com;developer
1848;Melisent;Himelman;Melisent.Himelman@gmail.com;firefighter
1849;Meg;Argus;Meg.Argus@gmail.com;firefighter
1850;Mildrid;Glovsky;Mildrid.Glovsky@gmail.com;doctor
1851;Theodora;Shirberg;Theodora.Shirberg@gmail.com;firefighter
1852;Sonni;Noelyn;Sonni.Noelyn@gmail.com;doctor
1853;Clementine;Erlandson;Clementine.Erlandson@gmail.com;worker
1854;Miquela;Whittaker;Miquela.Whittaker@gmail.com;police officer
1855;Kaja;Engdahl;Kaja.Engdahl@gmail.com;developer
1856;Margarette;Milde;Margarette.Milde@gmail.com;doctor
1857;Roz;Jerald;Roz.Jerald@gmail.com;developer
1858;Nanete;Korey;Nanete.Korey@gmail.com;worker
1859;Millie;Deegan;Millie.Deegan@gmail.com;police officer
1860;Ingrid;Nickola;Ingrid.Nickola@gmail.com;developer
1861;Basia;Astra;Basia.Astra@gmail.com;developer
1862;Melina;Seligman;Melina.Seligman@gmail.com;firefighter
1863;Lenna;Capello;Lenna.Capello@gmail.com;developer
1864;Shell;Madox;Shell.Madox@gmail.com;developer
1865;Theodora;Strephon;Theodora.Strephon@gmail.com;developer
1866;Evaleen;Maroney;Evaleen.Maroney@gmail.com;firefighter
1867;Ricky;Mendez;Ricky.Mendez@gmail.com;police officer
1868;Pollyanna;Jotham;Pollyanna.Jotham@gmail.com;firefighter
1869;Andeee;Mich;Andeee.Mich@gmail.com;police officer
1870;Kristina;Byrne;Kristina.Byrne@gmail.com;firefighter
1871;Philis;Hylan;Philis.Hylan@gmail.com;worker
1872;Adriana;Kussell;Adriana.Kussell@gmail.com;firefighter
1873;Elfreda;Hartnett;Elfreda.Hartnett@gmail.com;police officer
1874;Starla;Martsen;Starla.Martsen@gmail.com;firefighter
1875;Fawne;Jethro;Fawne.Jethro@gmail.com;worker
1876;Luci;Federica;Luci.Federica@gmail.com;firefighter
1877;Beverley;Dyche;Beverley.Dyche@gmail.com;firefighter
1878;Catrina;Buttaro;Catrina.Buttaro@gmail.com;doctor
1879;Shirlee;Chapland;Shirlee.Chapland@gmail.com;worker
1880;Rosaline;Kare;Rosaline.Kare@gmail.com;police officer
1881;Claresta;Kaete;Claresta.Kaete@gmail.com;worker
1882;Devina;Mozelle;Devina.Mozelle@gmail.com;developer
1883;Renae;Cloris;Renae.Cloris@gmail.com;doctor
1884;Hettie;Gahl;Hettie.Gahl@gmail.com;firefighter
1885;Sindee;Bahr;Sindee.Bahr@gmail.com;worker
1886;Livvyy;Kimmie;Livvyy.Kimmie@gmail.com;worker
1887;Stacey;Sallyann;Stacey.Sallyann@gmail.com;police officer
1888;Hermione;Capello;Hermione.Capello@gmail.com;firefighter
1889;Angela;Mintz;Angela.Mintz@gmail.com;developer
1890;Dominga;Marsden;Dominga.Marsden@gmail.com;worker
1891;Gabi;Norvol;Gabi.Norvol@gmail.com;doctor
1892;Dode;Strephon;Dode.Strephon@gmail.com;firefighter
1893;Tersina;Rona;Tersina.Rona@gmail.com;worker
1894;Lorenza;Presber;Lorenza.Presber@gmail.com;worker
1895;Amelia;Ellerey;Amelia.Ellerey@gmail.com;developer
1896;Binny;Kannry;Binny.Kannry@gmail.com;police officer
1897;Petronia;Zachary;Petronia.Zachary@gmail.com;worker
1898;Valeda;Ellerey;Valeda.Ellerey@gmail.com;developer
1899;Letizia;Hailee;Letizia.Hailee@gmail.com;developer
1900;Gertrud;Avi;Gertrud.Avi@gmail.com;police officer
1901;Meriel;Donoghue;Meriel.Donoghue@gmail.com;worker
1902;Adelle;Emmaline;Adelle.Emmaline@gmail.com;firefighter
1903;Ermengarde;Juliet;Ermengarde.Juliet@gmail.com;worker
1904;Corene;Dahlia;Corene.Dahlia@gmail.com;doctor
1905;Lucy;Poppy;Lucy.Poppy@gmail.com;police officer
1906;Mary;Reinke;Mary.Reinke@gmail.com;police officer
1907;Luci;Erb;Luci.Erb@gmail.com;developer
1908;Marjie;Rebecka;Marjie.Rebecka@gmail.com;developer
1909;Jackie;Howlyn;Jackie.Howlyn@gmail.com;developer
1910;Kaia;Jagir;Kaia.Jagir@gmail.com;police officer
1911;Caressa;Burch;Caressa.Burch@gmail.com;worker
1912;Jordan;Smitt;Jordan.Smitt@gmail.com;worker
1913;Kore;Ashely;Kore.Ashely@gmail.com;firefighter
1914;Ottilie;Georgy;Ottilie.Georgy@gmail.com;firefighter
1915;Jolyn;Decato;Jolyn.Decato@gmail.com;developer
1916;Yvonne;Kesley;Yvonne.Kesley@gmail.com;developer
1917;Loree;Avi;Loree.Avi@gmail.com;developer
1918;Jolyn;Arquit;Jolyn.Arquit@gmail.com;doctor
1919;Deedee;Vanni;Deedee.Vanni@gmail.com;police officer
1920;Ronna;Zina;Ronna.Zina@gmail.com;doctor
1921;Emma;Suzetta;Emma.Suzetta@gmail.com;police officer
1922;Berget;Elvyn;Berget.Elvyn@gmail.com;firefighter
1923;Roz;Tacye;Roz.Tacye@gmail.com;doctor
1924;Margarette;Birdella;Margarette.Birdella@gmail.com;police officer
1925;Larine;Edee;Larine.Edee@gmail.com;developer
1926;Blinni;Hartnett;Blinni.Hartnett@gmail.com;doctor
1927;Lanna;Brandice;Lanna.Brandice@gmail.com;police officer
1928;Di;Sawtelle;Di.Sawtelle@gmail.com;doctor
1929;Cherilyn;Aurelio;Cherilyn.Aurelio@gmail.com;police officer
1930;Keelia;Christine;Keelia.Christine@gmail.com;developer
1931;Tina;Casimir;Tina.Casimir@gmail.com;developer
1932;Ardys;Nicoline;Ardys.Nicoline@gmail.com;police officer
1933;Karolina;Reinke;Karolina.Reinke@gmail.com;worker
1934;Winny;Quent;Winny.Quent@gmail.com;worker
1935;Kirstin;Secrest;Kirstin.Secrest@gmail.com;developer
1936;Kaja;Allare;Kaja.Allare@gmail.com;developer
1937;Chickie;Larochelle;Chickie.Larochelle@gmail.com;firefighter
1938;Malina;Quinn;Malina.Quinn@gmail.com;police officer
1939;Karolina;Daveta;Karolina.Daveta@gmail.com;developer
1940;Dawn;Vernier;Dawn.Vernier@gmail.com;developer
1941;Cyb;Zamora;Cyb.Zamora@gmail.com;police officer
1942;Melina;Chandler;Melina.Chandler@gmail.com;worker
1943;Imojean;Pauly;Imojean.Pauly@gmail.com;firefighter
1944;Gerrie;Emmaline;Gerrie.Emmaline@gmail.com;doctor
1945;Dominga;Killigrew;Dominga.Killigrew@gmail.com;worker
1946;Cassandra;Geffner;Cassandra.Geffner@gmail.com;developer
1947;Randa;Koehler;Randa.Koehler@gmail.com;worker
1948;Livvyy;Oster;Livvyy.Oster@gmail.com;police officer
1949;Lyssa;Eliathas;Lyssa.Eliathas@gmail.com;firefighter
1950;Janeczka;Lattie;Janeczka.Lattie@gmail.com;worker
1951;Adore;Fulmer;Adore.Fulmer@gmail.com;worker
1952;Vere;Albertine;Vere.Albertine@gmail.com;doctor
1953;Melisent;Ilka;Melisent.Ilka@gmail.com;doctor
1954;Nessie;Kolnick;Nessie.Kolnick@gmail.com;developer
1955;Ilse;Mayeda;Ilse.Mayeda@gmail.com;worker
1956;Mallory;Anestassia;Mallory.Anestassia@gmail.com;worker
1957;Steffane;Deegan;Steffane.Deegan@gmail.com;police officer
1958;Maud;Briney;Maud.Briney@gmail.com;firefighter
1959;Edee;Sheng;Edee.Sheng@gmail.com;developer
1960;Gusella;Eno;Gusella.Eno@gmail.com;firefighter
1961;Nyssa;Thilda;Nyssa.Thilda@gmail.com;firefighter
1962;Lindie;Ranjiv;Lindie.Ranjiv@gmail.com;firefighter
1963;Augustine;Thar;Augustine.Thar@gmail.com;worker
1964;Krystle;Cosenza;Krystle.Cosenza@gmail.com;doctor
1965;Elsie;Sidonius;Elsie.Sidonius@gmail.com;firefighter
1966;Fred;Bord;Fred.Bord@gmail.com;firefighter
1967;Melisent;Wareing;Melisent.Wareing@gmail.com;firefighter
1968;Belinda;Suzetta;Belinda.Suzetta@gmail.com;firefighter
1969;Adele;Monk;Adele.Monk@gmail.com;firefighter
1970;Louella;Henrie;Louella.Henrie@gmail.com;doctor
1971;Anallese;Garbe;Anallese.Garbe@gmail.com;developer
1972;Ilse;Dorcy;Ilse.Dorcy@gmail.com;firefighter
1973;Dede;Lissi;Dede.Lissi@gmail.com;developer
1974;Kenna;Chrystel;Kenna.Chrystel@gmail.com;doctor
1975;Peri;Zaslow;Peri.Zaslow@gmail.com;police officer
1976;Stevana;Doig;Stevana.Doig@gmail.com;firefighter
1977;Marsiella;Alice;Marsiella.Alice@gmail.com;police officer
1978;Atlanta;Merriott;Atlanta.Merriott@gmail.com;developer
1979;Celisse;Atonsah;Celisse.Atonsah@gmail.com;developer
1980;Jessamyn;Brenn;Jessamyn.Brenn@gmail.com;firefighter
1981;Arlena;Valoniah;Arlena.Valoniah@gmail.com;police officer
1982;Ingrid;Geffner;Ingrid.Geffner@gmail.com;worker
1983;Isa;Haymes;Isa.Haymes@gmail.com;worker
1984;Marjie;Pond;Marjie.Pond@gmail.com;doctor
1985;Linet;Saint;Linet.Saint@gmail.com;worker
1986;Betta;Tarrant;Betta.Tarrant@gmail.com;police officer
1987;Taffy;Dawkins;Taffy.Dawkins@gmail.com;doctor
1988;Rani;Rocray;Rani.Rocray@gmail.com;developer
1989;Genovera;Breed;Genovera.Breed@gmail.com;developer
1990;Gusella;Kendrick;Gusella.Kendrick@gmail.com;doctor
1991;Demetris;Ammann;Demetris.Ammann@gmail.com;worker
1992;Lacie;Flyn;Lacie.Flyn@gmail.com;doctor
1993;Karly;Adamsen;Karly.Adamsen@gmail.com;doctor
1994;Leeanne;Fax;Leeanne.Fax@gmail.com;doctor
1995;Isa;Vins;Isa.Vins@gmail.com;worker
1996;Rochette;Faso;Rochette.Faso@gmail.com;firefighter
1997;Lynde;Estella;Lynde.Estella@gmail.com;police officer
1998;Ingrid;Brian;Ingrid.Brian@gmail.com;developer
1999;Madalyn;Destinee;Madalyn.Destinee@gmail.com;doctor
2000;Felice;Gillan;Felice.Gillan@gmail.com;worker
2001;Frances;Amethist;Frances.Amethist@gmail.com;police officer
2002;Georgina;Ferrell;Georgina.Ferrell@gmail.com;doctor
2003;Renie;Sheng;Renie.Sheng@gmail.com;developer
2004;Letizia;Daniele;Letizia.Daniele@gmail.com;worker
2005;Emylee;Devlen;Emylee.Devlen@gmail.com;developer
2006;Lynnea;Arley;Lynnea.Arley@gmail.com;police officer
2007;Sharlene;Erb;Sharlene.Erb@gmail.com;firefighter
2008;Sharai;Ricki;Sharai.Ricki@gmail.com;doctor
2009;Thalia;Mallon;Thalia.Mallon@gmail.com;doctor
2010;Verla;Joli;Verla.Joli@gmail.com;doctor
2011;Janenna;Vivle;Janenna.Vivle@gmail.com;police officer
2012;Meriel;Kaja;Meriel.Kaja@gmail.com;worker
2013;Cassondra;Elbertina;Cassondra.Elbertina@gmail.com;firefighter
2014;Audrie;Adamsen;Audrie.Adamsen@gmail.com;developer
2015;Christian;Morgun;Christian.Morgun@gmail.com;doctor
2016;Briney;Iiette;Briney.Iiette@gmail.com;doctor
2017;Ida;Briney;Ida.Briney@gmail.com;worker
2018;Barbi;Edee;Barbi.Edee@gmail.com;firefighter
2019;Queenie;Lory;Queenie.Lory@gmail.com;developer
2020;Jere;Raffo;Jere.Raffo@gmail.com;worker
2021;Addia;Jerald;Addia.Jerald@gmail.com;doctor
2022;Hannis;Terrence;Hannis.Terrence@gmail.com;police officer
2023;Paule;Pierette;Paule.Pierette@gmail.com;developer
2024;Roslyn;Dreda;Roslyn.Dreda@gmail.com;developer
2025;Shirlee;Hedve;Shirlee.Hedve@gmail.com;police officer
2026;Lesly;Hunfredo;Lesly.Hunfredo@gmail.com;worker
2027;Candy;Loring;Candy.Loring@gmail.com;police officer
2028;Sophia;Wind;Sophia.Wind@gmail.com;doctor
2029;Zia;Turne;Zia.Turne@gmail.com;firefighter
2030;Ana;Freddi;Ana.Freddi@gmail.com;doctor
2031;Sadie;Terencio;Sadie.Terencio@gmail.com;police officer
2032;Olivette;Arquit;Olivette.Arquit@gmail.com;firefighter
2033;Cyb;Israeli;Cyb.Israeli@gmail.com;developer
2034;Celisse;Sundin;Celisse.Sundin@gmail.com;developer
2035;Aurore;Maples;Aurore.Maples@gmail.com;doctor
2036;Donnie;Grosz;Donnie.Grosz@gmail.com;developer
2037;Darci;Leary;Darci.Leary@gmail.com;doctor
2038;Christian;Infield;Christian.Infield@gmail.com;developer
2039;Suzette;Kaja;Suzette.Kaja@gmail.com;police officer
2040;Hannis;Sothena;Hannis.Sothena@gmail.com;firefighter
2041;Bee;Taima;Bee.Taima@gmail.com;worker
2042;Willetta;Gillan;Willetta.Gillan@gmail.com;police officer
2043;Bill;Sancho;Bill.Sancho@gmail.com;doctor
2044;Joleen;Wooster;Joleen.Wooster@gmail.com;police officer
2045;Annabela;Marsden;Annabela.Marsden@gmail.com;firefighter
2046;Bernardine;Vernier;Bernardine.Vernier@gmail.com;doctor
2047;Ketti;Aprile;Ketti.Aprile@gmail.com;worker
2048;Wynne;Brackely;Wynne.Brackely@gmail.com;police officer
2049;Dulcinea;Iphlgenia;Dulcinea.Iphlgenia@gmail.com;worker
2050;Evita;Jagir;Evita.Jagir@gmail.com;firefighter
2051;Gusella;Valerio;Gusella.Valerio@gmail.com;police officer
2052;Ermengarde;Libna;Ermengarde.Libna@gmail.com;doctor
2053;Jacenta;Llovera;Jacenta.Llovera@gmail.com;police officer
2054;Sindee;Egbert;Sindee.Egbert@gmail.com;doctor
2055;Joceline;Vittoria;Joceline.Vittoria@gmail.com;firefighter
2056;Celestyna;Cullin;Celestyna.Cullin@gmail.com;worker
2057;Maye;Smitt;Maye.Smitt@gmail.com;firefighter
2058;Robbi;Noman;Robbi.Noman@gmail.com;police officer
2059;Damaris;Noman;Damaris.Noman@gmail.com;police officer
2060;Adelle;Fancie;Adelle.Fancie@gmail.com;worker
2061;Merci;Dominy;Merci.Dominy@gmail.com;doctor
2062;Bernardine;Berne;Bernardine.Berne@gmail.com;firefighter
2063;Willetta;Noam;Willetta.Noam@gmail.com;developer
2064;Leeanne;Berard;Leeanne.Berard@gmail.com;developer
2065;Alisha;Wareing;Alisha.Wareing@gmail.com;police officer
2066;Ottilie;Federica;Ottilie.Federica@gmail.com;police officer
2067;Rhoda;Craggie;Rhoda.Craggie@gmail.com;developer
2068;Dode;Argus;Dode.Argus@gmail.com;doctor
2069;Gusty;Yuille;Gusty.Yuille@gmail.com;police officer
2070;Wendi;Douglass;Wendi.Douglass@gmail.com;firefighter
2071;Luci;Stefa;Luci.Stefa@gmail.com;developer
2072;Betta;Capello;Betta.Capello@gmail.com;developer
2073;Petronia;Erskine;Petronia.Erskine@gmail.com;police officer
2074;Phedra;Juliet;Phedra.Juliet@gmail.com;firefighter
2075;Dacia;Revkah;Dacia.Revkah@gmail.com;firefighter
2076;Aili;Masao;Aili.Masao@gmail.com;doctor
2077;Joceline;Rebecka;Joceline.Rebecka@gmail.com;firefighter
2078;Diena;Aaberg;Diena.Aaberg@gmail.com;firefighter
2079;Juliane;Kellby;Juliane.Kellby@gmail.com;firefighter
2080;Etta;Grayce;Etta.Grayce@gmail.com;worker
2081;Genovera;Ophelia;Genovera.Ophelia@gmail.com;doctor
2082;Maye;Uund;Maye.Uund@gmail.com;doctor
2083;Ida;Bergman;Ida.Bergman@gmail.com;developer
2084;Aeriela;Blase;Aeriela.Blase@gmail.com;developer
2085;Selia;Wildermuth;Selia.Wildermuth@gmail.com;firefighter
2086;Lacie;Bryna;Lacie.Bryna@gmail.com;doctor
2087;Corly;Annice;Corly.Annice@gmail.com;worker
2088;Theodora;Zuzana;Theodora.Zuzana@gmail.com;police officer
2089;Ann-Marie;Yerkovich;Ann-Marie.Yerkovich@gmail.com;firefighter
2090;Leia;Parsaye;Leia.Parsaye@gmail.com;firefighter
2091;Karlee;Sheng;Karlee.Sheng@gmail.com;developer
2092;Magdalena;Avi;Magdalena.Avi@gmail.com;worker
2093;Gaylene;Chabot;Gaylene.Chabot@gmail.com;worker
2094;Sindee;Vins;Sindee.Vins@gmail.com;developer
2095;Kassey;Kristi;Kassey.Kristi@gmail.com;firefighter
2096;Sandie;Bashemeth;Sandie.Bashemeth@gmail.com;doctor
2097;Mara;Chapland;Mara.Chapland@gmail.com;doctor
2098;Briney;Podvin;Briney.Podvin@gmail.com;doctor
2099;Veda;Raimondo;Veda.Raimondo@gmail.com;developer