id;firstname;lastname;email;profession
3100;Calla;Buffum;Calla.Buffum@gmail.com;worker
3101;Lanae;Roarke;Lanae.Roarke@gmail.com;doctor
3102;Marjie;Elisha;Marjie.Elisha@gmail.com;developer
3103;Vivia;Kermit;Vivia.Kermit@gmail.com;firefighter
3104;Alexine;Ovid;Alexine.Ovid@gmail.com;police officer
3105;Carolina;Saunderson;Carolina.Saunderson@gmail.com;police officer
3106;Pierette;Felecia;Pierette.Felecia@gmail.com;police officer
3107;Sharlene;Odell;Sharlene.Odell@gmail.com;developer
3108;Frances;Lattie;Frances.Lattie@gmail.com;developer
3109;Mady;Ursulette;Mady.Ursulette@gmail.com;developer
3110;Marinna;Pond;Marinna.Pond@gmail.com;police officer
3111;Miquela;Catie;Miquela.Catie@gmail.com;developer
3112;Jemie;Honoria;Jemie.Honoria@gmail.com;worker
3113;Lelah;Kevon;Lelah.Kevon@gmail.com;doctor
3114;Kimberley;Truc;Kimberley.Truc@gmail.com;doctor
3115;Sara-Ann;Sikorski;Sara-Ann.Sikorski@gmail.com;firefighter
3116;Tiffie;Ilka;Tiffie.Ilka@gmail.com;doctor
3117;Deane;Hertzfeld;Deane.Hertzfeld@gmail.com;developer
3118;Gale;Niles;Gale.Niles@gmail.com;developer
3119;Di;Cherianne;Di.Cherianne@gmail.com;firefighter
3120;Sara-Ann;Bobbee;Sara-Ann.Bobbee@gmail.com;doctor
3121;Dode;Bobbee;Dode.Bobbee@gmail.com;firefighter
3122;Jasmina;Durware;Jasmina.Durware@gmail.com;developer
3123;Celisse;Danby;Celisse.Danby@gmail.com;firefighter
3124;Eadie;Dom;Eadie.Dom@gmail.com;doctor
3125;Winifred;Merna;Winifred.Merna@gmail.com;firefighter
3126;Danika;Kirstin;Danika.Kirstin@gmail.com;police officer
3127;Tori;Darbie;Tori.Darbie@gmail.com;developer
3128;Demetris;Freddi;Demetris.Freddi@gmail.com;police officer
3129;Daune;Jalbert;Daune.Jalbert@gmail.com;developer
3130;Ermengarde;Callista;Ermengarde.Callista@gmail.com;developer
3131;Elvira;Center;Elvira.Center@gmail.com;developer
3132;Rhoda;Verger;Rhoda.Verger@gmail.com;police officer
3133;Myriam;Melan;Myriam.Melan@gmail.com;doctor
3134;Tersina;Argus;Tersina.Argus@gmail.com;police officer
3135;Lindie;Tiffa;Lindie.Tiffa@gmail.com;firefighter
3136;Carolina;Colleen;Carolina.Colleen@gmail.com;worker
3137;Peri;Marisa;Peri.Marisa@gmail.com;police officer
3138;Alleen;Teryn;Alleen.Teryn@gmail.com;developer
3139;Latisha;Lamoree;Latisha.Lamoree@gmail.com;firefighter
3140;Ottilie;Franza;Ottilie.Franza@gmail.com;doctor
3141;Heida;Hurley;Heida.Hurley@gmail.com;developer
3142;Jemie;Harned;Jemie.Harned@gmail.com;police officer
3143;Tracey;Old;Tracey.Old@gmail.com;firefighter
3144;Silvana;Melleta;Silvana.Melleta@gmail.com;firefighter
3145;Dode;Sigfrid;Dode.Sigfrid@gmail.com;worker
3146;Adele;Kannry;Adele.Kannry@gmail.com;developer
3147;Anallese;Greenwald;Anallese.Greenwald@gmail.com;worker
3148;Basia;Giule;Basia.Giule@gmail.com;developer
3149;Tamqrah;Jary;Tamqrah.Jary@gmail.com;developer
3150;Nananne;Schonfeld;Nananne.Schonfeld@gmail.com;firefighter
3151;Sadie;Bronk;Sadie.Bronk@gmail.com;developer
3152;Chickie;Ingra;Chickie.Ingra@gmail.com;firefighter
3153;Fawne;Garlinda;Fawne.Garlinda@gmail.com;developer
3154;Diena;Santoro;Diena.Santoro@gmail.com;police officer
3155;Berget;Fry;Berget.Fry@gmail.com;firefighter
3156;Elie;Lenny;Elie.Lenny@gmail.com;firefighter
3157;Robinia;Edison;Robinia.Edison@gmail.com;firefighter
3158;Peri;Yoko;Peri.Yoko@gmail.com;doctor
3159;Lucille;Felizio;Lucille.Felizio@gmail.com;firefighter
3160;Alisha;Hachmin;Alisha.Hachmin@gmail.com;worker
3161;Mireielle;Terrence;Mireielle.Terrence@gmail.com;police officer
3162;Jenda;Kamaria;Jenda.Kamaria@gmail.com;firefighter
3163;Jany;Marden;Jany.Marden@gmail.com;worker
3164;Donetta;Engdahl;Donetta.Engdahl@gmail.com;worker
3165;Karlee;Linskey;Karlee.Linskey@gmail.com;developer
3166;Clementine;Garlinda;Clementine.Garlinda@gmail.com;firefighter
3167;Dari;Breed;Dari.Breed@gmail.com;police officer
3168;Pollyanna;Barney;Pollyanna.Barney@gmail.com;developer
3169;Nita;Felizio;Nita.Felizio@gmail.com;police officer
3170;Kate;Artie;Kate.Artie@gmail.com;developer
3171;Patricia;Lane;Patricia.Lane@gmail.com;doctor
3172;Fidelia;Sidonius;Fidelia.Sidonius@gmail.com;firefighter
3173;Lonnie;Artie;Lonnie.Artie@gmail.com;firefighter
3174;Phylis;Lynn;Phylis.Lynn@gmail.com;worker
3175;Maryellen;Voletta;Maryellen.Voletta@gmail.com;police officer
3176;Libbie;Saint;Libbie.Saint@gmail.com;firefighter
3177;Orsola;Christine;Orsola.Christine@gmail.com;firefighter
3178;Lily;Miru;Lily.Miru@gmail.com;doctor
3179;Celestyna;Kenney;Celestyna.Kenney@gmail.com;firefighter
3180;Sindee;Hathaway;Sindee.Hathaway@gmail.com;worker
3181;Cacilie;Llovera;Cacilie.Llovera@gmail.com;worker
3182;Barbi;Westphal;Barbi.Westphal@gmail.com;firefighter
3183;Dale;Burkle;Dale.Burkle@gmail.com;developer
3184;Dolli;Lipson;Dolli.Lipson@gmail.com;police officer
3185;Nelle;Nance;Nelle.Nance@gmail.com;worker
3186;Letizia;Merell;Letizia.Merell@gmail.com;worker
3187;Rosene;Juan;Rosene.Juan@gmail.com;developer
3188;Eugine;Zrike;Eugine.Zrike@gmail.com;worker
3189;Valera;Lory;Valera.Lory@gmail.com;police officer
3190;Corina;Keily;Corina.Keily@gmail.com;worker
3191;Sophia;Erminia;Sophia.Erminia@gmail.com;police officer
3192;Jaime;Kravits;Jaime.Kravits@gmail.com;developer
3193;Xylina;Nickola;Xylina.Nickola@gmail.com;worker
3194;Cyndie;Mike;Cyndie.Mike@gmail.com;developer
3195;Lolita;Daniele;Lolita.Daniele@gmail.com;firefighter
3196;Harmonia;Ardra;Harmonia.Ardra@gmail.com;worker
3197;Darci;Reidar;Darci.Reidar@gmail.com;doctor
3198;Marylou;Agle;Marylou.Agle@gmail.com;doctor
3199;Natka;Dahlia;Natka.Dahlia@gmail.com;worker
3200;Catrina;Kendrick;Catrina.Kendrick@gmail.com;doctor
3201;Xylina;Macey;Xylina.Macey@gmail.com;worker
3202;Theodora;Mandler;Theodora.Mandler@gmail.com;police officer
3203;Pearline;Bord;Pearline.Bord@gmail.com;doctor
3204;Celene;Elbertina;Celene.Elbertina@gmail.com;developer
3205;Giustina;Billye;Giustina.Billye@gmail.com;police officer
3206;Sallie;Keelia;Sallie.Keelia@gmail.com;developer
3207;Josephine;Giff;Josephine.Giff@gmail.com;developer
3208;Jolyn;Briney;Jolyn.Briney@gmail.com;police officer
3209;Elena;Corilla;Elena.Corilla@gmail.com;doctor
3210;Marylou;Sabella;Marylou.Sabella@gmail.com;worker
3211;Hildegaard;Kendrick;Hildegaard.Kendrick@gmail.com;worker
3212;Kimmy;Socha;Kimmy.Socha@gmail.com;developer
3213;Esmeralda;Pernick;Esmeralda.Pernick@gmail.com;firefighter
3214;Kassey;Autrey;Kassey.Autrey@gmail.com;police officer
3215;Eugine;Ariella;Eugine.Ariella@gmail.com;worker
3216;Leona;Rozanna;Leona.Rozanna@gmail.com;developer
3217;Ellette;Fennessy;Ellette.Fennessy@gmail.com;doctor
3218;Tressa;Gamaliel;Tressa.Gamaliel@gmail.com;police officer
3219;Korrie;Raimondo;Korrie.Raimondo@gmail.com;police officer
3220;Bobbi;Poppy;Bobbi.Poppy@gmail.com;worker
3221;Teddie;Nadia;Teddie.Nadia@gmail.com;police officer
3222;Sam;Westphal;Sam.Westphal@gmail.com;doctor
3223;Alejandra;Arne;Alejandra.Arne@gmail.com;worker
3224;Clo;Charity;Clo.Charity@gmail.com;developer
3225;Marcy;Luhe;Marcy.Luhe@gmail.com;firefighter
3226;Ezmeralda;Girardo;Ezmeralda.Girardo@gmail.com;developer
3227;Kaja;Llovera;Kaja.Llovera@gmail.com;developer
3228;Nataline;Eachern;Nataline.Eachern@gmail.com;developer
3229;Rosaline;Brenn;Rosaline.Brenn@gmail.com;developer
3230;Pamella;Lay;Pamella.Lay@gmail.com;developer
3231;Myrtice;Isidore;Myrtice.Isidore@gmail.com;worker
3232;Hyacinthe;Jacobah;Hyacinthe.Jacobah@gmail.com;developer
3233;Micheline;Bronk;Micheline.Bronk@gmail.com;worker
3234;Silvana;Briney;Silvana.Briney@gmail.com;worker
3235;Beatriz;Teddman;Beatriz.Teddman@gmail.com;developer
3236;Evita;Sancho;Evita.Sancho@gmail.com;firefighter
3237;Adele;Neils;Adele.Neils@gmail.com;police officer
3238;Jennica;Mathilde;Jennica.Mathilde@gmail.com;worker
3239;Gwenneth;Whiffen;Gwenneth.Whiffen@gmail.com;police officer
3240;Ayn;Plato;Ayn.Plato@gmail.com;firefighter
3241;Michaelina;Pillsbury;Michaelina.Pillsbury@gmail.com;worker
3242;Alleen;Felecia;Alleen.Felecia@gmail.com;doctor
3243;Gusty;Si;Gusty.Si@gmail.com;developer
3244;Jaclyn;Swigart;Jaclyn.Swigart@gmail.com;worker
3245;Gisela;Gualtiero;Gisela.Gualtiero@gmail.com;developer
3246;Trixi;Syd;Trixi.Syd@gmail.com;police officer
3247;Amelia;Ralfston;Amelia.Ralfston@gmail.com;doctor
3248;Kayla;Leonard;Kayla.Leonard@gmail.com;worker
3249;Farrah;Carvey;Farrah.Carvey@gmail.com;developer
3250;Marinna;Behre;Marinna.Behre@gmail.com;firefighter
3251;Kassey;Pozzy;Kassey.Pozzy@gmail.com;worker
3252;Stevana;Maurine;Stevana.Maurine@gmail.com;police officer
3253;Mariele;Bivins;Mariele.Bivins@gmail.com;doctor
3254;Ida;Sandye;Ida.Sandye@gmail.com;firefighter
3255;Viviene;Reneta;Viviene.Reneta@gmail.com;firefighter
3256;Joceline;Bigner;Joceline.Bigner@gmail.com;firefighter
3257;Kate;Lewes;Kate.Lewes@gmail.com;worker
3258;Charissa;Arquit;Charissa.Arquit@gmail.com;developer
3259;Tina;Joni;Tina.Joni@gmail.com;firefighter
3260;Debee;Sikorski;Debee.Sikorski@gmail.com;worker
3261;Basia;Colp;Basia.Colp@gmail.com;police officer
3262;Kaia;Olin;Kaia.Olin@gmail.com;doctor
3263;Sindee;Kazimir;Sindee.Kazimir@gmail.com;doctor
3264;Bertine;Bari;Bertine.Bari@gmail.com;firefighter
3265;Teriann;Travax;Teriann.Travax@gmail.com;worker
3266;Angelique;Carolin;Angelique.Carolin@gmail.com;worker
3267;Merrie;Travax;Merrie.Travax@gmail.com;worker
3268;Oralee;Kiyoshi;Oralee.Kiyoshi@gmail.com;worker
3269;Claresta;Elsinore;Claresta.Elsinore@gmail.com;developer
3270;Tera;Brandice;Tera.Brandice@gmail.com;doctor
3271;Ivett;Odell;Ivett.Odell@gmail.com;doctor
3272;Sara-Ann;Chaing;Sara-Ann.Chaing@gmail.com;doctor
3273;Desirae;Byrne;Desirae.Byrne@gmail.com;developer
3274;Juliane;Margret;Juliane.Margret@gmail.com;worker
3275;Nyssa;Donell;Nyssa.Donell@gmail.com;developer
3276;Elie;Elsinore;Elie.Elsinore@gmail.com;police officer
3277;Elmira;Sperling;Elmira.Sperling@gmail.com;firefighter
3278;Carilyn;Tjon;Carilyn.Tjon@gmail.com;developer
3279;Mellicent;Allina;Mellicent.Allina@gmail.com;doctor
3280;Lanna;Kylander;Lanna.Kylander@gmail.com;firefighter
3281;Lynea;Mauer;Lynea.Mauer@gmail.com;worker
3282;Genevra;Merna;Genevra.Merna@gmail.com;firefighter
3283;Ilse;Dannye;Ilse.Dannye@gmail.com;firefighter
3284;Annecorinne;Erich;Annecorinne.Erich@gmail.com;police officer
3285;Devina;Emmy;Devina.Emmy@gmail.com;firefighter
3286;Karina;Orpah;Karina.Orpah@gmail.com;firefighter
3287;Christal;Karylin;Christal.Karylin@gmail.com;police officer
3288;Sophia;Alarise;Sophia.Alarise@gmail.com;developer
3289;Mildrid;Jess;Mildrid.Jess@gmail.com;police officer
3290;Tera;Kimmie;Tera.Kimmie@gmail.com;firefighter
3291;Tomasina;Ardra;Tomasina.Ardra@gmail.com;doctor
3292;Jenda;Malanie;Jenda.Malanie@gmail.com;doctor
3293;Jennica;Cordi;Jennica.Cordi@gmail.com;developer
3294;Dianemarie;Jillane;Dianemarie.Jillane@gmail.com;developer
3295;Bernie;Morehouse;Bernie.Morehouse@gmail.com;doctor
3296;Fawne;Haerr;Fawne.Haerr@gmail.com;worker
3297;Doralynne;Sasnett;Doralynne.Sasnett@gmail.com;doctor
3298;Gaylene;Gilbertson;Gaylene.Gilbertson@gmail.com;developer
3299;Oona;Barbey;Oona.Barbey@gmail.com;firefighter
3300;Celisse;Stoller;Celisse.Stoller@gmail.com;firefighter
3301;Phylis;Hieronymus;Phylis.Hieronymus@gmail.com;firefighter
3302;Cristine;Constancy;Cristine.Constancy@gmail.com;firefighter
3303;Carolina;Eachern;Carolina.Eachern@gmail.com;doctor
3304;Lila;Barbey;Lila.Barbey@gmail.com;worker
3305;Louella;Girardo;Louella.Girardo@gmail.com;developer
3306;Gusella;Lorain;Gusella.Lorain@gmail.com;police officer
3307;Rayna;Peg;Rayna.Peg@gmail.com;doctor
3308;Vivia;Wareing;Vivia.Wareing@gmail.com;firefighter
3309;Juliane;Viddah;Juliane.Viddah@gmail.com;doctor
3310;Jacenta;Emanuel;Jacenta.Emanuel@gmail.com;doctor
3311;Felice;Milde;Felice.Milde@gmail.com;developer
3312;Rosabelle;Rogerio;Rosabelle.Rogerio@gmail.com;firefighter
3313;Allyce;Hylan;Allyce.Hylan@gmail.com;developer
3314;Lanna;Old;Lanna.Old@gmail.com;worker
3315;Latisha;Newell;Latisha.Newell@gmail.com;worker
3316;Elka;Fiann;Elka.Fiann@gmail.com;doctor
3317;Mellicent;Westphal;Mellicent.Westphal@gmail.com;doctor
3318;Celene;Simmonds;Celene.Simmonds@gmail.com;doctor
3319;Leontine;Dawkins;Leontine.Dawkins@gmail.com;doctor
3320;Morganica;Muriel;Morganica.Muriel@gmail.com;developer
3321;Mary;Wadell;Mary.Wadell@gmail.com;police officer
3322;Madalyn;Bollay;Madalyn.Bollay@gmail.com;doctor
3323;Misha;Thema;Misha.Thema@gmail.com;police officer
3324;Sabina;Newell;Sabina.Newell@gmail.com;firefighter
3325;Livvyy;Bouchard;Livvyy.Bouchard@gmail.com;worker
3326;Elyssa;Vins;Elyssa.Vins@gmail.com;worker
3327;Kirstin;Mayeda;Kirstin.Mayeda@gmail.com;police officer
3328;Annice;Moseley;Annice.Moseley@gmail.com;doctor
3329;Drucie;Iaverne;Drucie.Iaverne@gmail.com;police officer
3330;Kalina;Linskey;Kalina.Linskey@gmail.com;firefighter
3331;Fayre;Darbie;Fayre.Darbie@gmail.com;firefighter
3332;Doro;Adamsen;Doro.Adamsen@gmail.com;developer
3333;Lyssa;Ciro;Lyssa.Ciro@gmail.com;police officer
3334;Hope;Pillsbury;Hope.Pillsbury@gmail.com;worker
3335;Augustine;Hourigan;Augustine.Hourigan@gmail.com;worker
3336;Agnese;Hebner;Agnese.Hebner@gmail.com;developer
3337;Jeanna;Camden;Jeanna.Camden@gmail.com;doctor
3338;Katharina;Arley;Katharina.Arley@gmail.com;worker
3339;Inga;Kauppi;Inga.Kauppi@gmail.com;doctor
3340;Morganica;Urania;Morganica.Urania@gmail.com;developer
3341;Isa;Zetta;Isa.Zetta@gmail.com;developer
3342;Celestyna;Baylor;Celestyna.Baylor@gmail.com;worker
3343;Aryn;Brodench;Aryn.Brodench@gmail.com;firefighter
3344;Sidoney;Norvol;Sidoney.Norvol@gmail.com;developer
3345;Lizzie;O'Carroll;Lizzie.O'Carroll@gmail.com;doctor
3346;Marinna;Maiah;Marinna.Maiah@gmail.com;firefighter
3347;Meriel;Autrey;Meriel.Autrey@gmail.com;firefighter
3348;Edee;McGrody;Edee.McGrody@gmail.com;firefighter
3349;Dode;Sekofski;Dode.Sekofski@gmail.com;developer
3350;Ekaterina;O'Neill;Ekaterina.O'Neill@gmail.com;firefighter
3351;Kaia;Cloris;Kaia.Cloris@gmail.com;police officer
3352;Betta;Bollay;Betta.Bollay@gmail.com;police officer
3353;Verla;Denis;Verla.Denis@gmail.com;developer
3354;Ursulina;Heidt;Ursulina.Heidt@gmail.com;developer
3355;Cyndie;Meter;Cyndie.Meter@gmail.com;firefighter
3356;Calla;Roxanna;Calla.Roxanna@gmail.com;firefighter
3357;Lila;Lesley;Lila.Lesley@gmail.com;developer
3358;Taffy;Zina;Taffy.Zina@gmail.com;worker
3359;Max;Atonsah;Max.Atonsah@gmail.com;developer
3360;Devina;Joni;Devina.Joni@gmail.com;developer
3361;Wilma;Land;Wilma.Land@gmail.com;worker
3362;Rochette;Therine;Rochette.Therine@gmail.com;developer
3363;Giustina;Nore;Giustina.Nore@gmail.com;firefighter
3364;Aurore;Boehike;Aurore.Boehike@gmail.com;worker
3365;Robinia;Mata;Robinia.Mata@gmail.com;developer
3366;Therine;Felecia;Therine.Felecia@gmail.com;developer
3367;Sherrie;Madaih;Sherrie.Madaih@gmail.com;doctor
3368;Minda;Cynar;Minda.Cynar@gmail.com;doctor
3369;Kary;Tamar;Kary.Tamar@gmail.com;firefighter
3370;Adele;Rossner;Adele.Rossner@gmail.com;worker
3371;Ira;Bendick;Ira.Bendick@gmail.com;doctor
3372;Wilma;Ludewig;Wilma.Ludewig@gmail.com;firefighter
3373;Ekaterina;Bakerman;Ekaterina.Bakerman@gmail.com;firefighter
3374;Ayn;Rogerio;Ayn.Rogerio@gmail.com;doctor
3375;Frieda;Gherardo;Frieda.Gherardo@gmail.com;doctor
3376;Korrie;Burkle;Korrie.Burkle@gmail.com;police officer
3377;Krystle;Nickola;Krystle.Nickola@gmail.com;firefighter
3378;Marti;Margarete;Marti.Margarete@gmail.com;developer
3379;Robbi;Yerkovich;Robbi.Yerkovich@gmail.com;developer
3380;Ruthe;Sperling;Ruthe.Sperling@gmail.com;developer
3381;Tomasina;Ariella;Tomasina.Ariella@gmail.com;developer
3382;Karena;Hashim;Karena.Hashim@gmail.com;police officer
3383;Jasmina;Schroth;Jasmina.Schroth@gmail.com;developer
3384;Charlena;Gordon;Charlena.Gordon@gmail.com;worker
3385;Gertrud;Paine;Gertrud.Paine@gmail.com;police officer
3386;Norine;Demitria;Norine.Demitria@gmail.com;doctor
3387;Daune;Burnside;Daune.Burnside@gmail.com;police officer
3388;Angela;Ax;Angela.Ax@gmail.com;developer
3389;Frank;Capello;Frank.Capello@gmail.com;doctor
3390;Nariko;Kolnick;Nariko.Kolnick@gmail.com;doctor
3391;Thalia;Gamaliel;Thalia.Gamaliel@gmail.com;worker
3392;Jere;Linskey;Jere.Linskey@gmail.com;developer
3393;Shaine;Fink;Shaine.Fink@gmail.com;police officer
3394;Gisela;Caitlin;Gisela.Caitlin@gmail.com;firefighter
3395;Jean;Albertine;Jean.Albertine@gmail.com;worker
3396;Anallese;Sundin;Anallese.Sundin@gmail.com;firefighter
3397;Dennie;Jotham;Dennie.Jotham@gmail.com;firefighter
3398;Letizia;Mendez;Letizia.Mendez@gmail.com;doctor
3399;Kathi;Pascia;Kathi.Pascia@gmail.com;worker
3400;Emelina;Henrie;Emelina.Henrie@gmail.com;police officer
3401;Sam;Ambrosia;Sam.Ambrosia@gmail.com;police officer
3402;Marleah;Chesna;Marleah.Chesna@gmail.com;police officer
3403;Antonietta;Sheng;Antonietta.Sheng@gmail.com;police officer
3404;Shauna;Capello;Shauna.Capello@gmail.com;developer
3405;Sheree;Ventre;Sheree.Ventre@gmail.com;police officer
3406;Rosaline;Mandler;Rosaline.Mandler@gmail.com;police officer
3407;Charissa;Merriott;Charissa.Merriott@gmail.com;firefighter
3408;Ninnetta;Kazimir;Ninnetta.Kazimir@gmail.com;worker
3409;Marinna;Bibi;Marinna.Bibi@gmail.com;firefighter
3410;Gusella;Brackely;Gusella.Brackely@gmail.com;police officer
3411;Jean;Vilma;Jean.Vilma@gmail.com;firefighter
3412;Deloria;Engdahl;Deloria.Engdahl@gmail.com;worker
3413;Shaylyn;Rossner;Shaylyn.Rossner@gmail.com;police officer
3414;Allyce;Chesna;Allyce.Chesna@gmail.com;developer
3415;Dode;Adrienne;Dode.Adrienne@gmail.com;worker
3416;Lorie;Goldina;Lorie.Goldina@gmail.com;developer
3417;Hollie;Niles;Hollie.Niles@gmail.com;worker
3418;Riannon;Ricarda;Riannon.Ricarda@gmail.com;worker
3419;Shandie;Yusuk;Shandie.Yusuk@gmail.com;developer
3420;Karly;Heidt;Karly.Heidt@gmail.com;doctor
3421;Paola;Madaih;Paola.Madaih@gmail.com;firefighter
3422;Sue;Agle;Sue.Agle@gmail.com;doctor
3423;Nelle;Rozanna;Nelle.Rozanna@gmail.com;worker
3424;Kenna;Natalia;Kenna.Natalia@gmail.com;developer
3425;Lisette;Secrest;Lisette.Secrest@gmail.com;firefighter
3426;Nollie;Mata;Nollie.Mata@gmail.com;doctor
3427;Althea;Deegan;Althea.Deegan@gmail.com;police officer
3428;Theodora;Wildermuth;Theodora.Wildermuth@gmail.com;developer
3429;Natka;Prouty;Natka.Prouty@gmail.com;developer
3430;Ericka;Glovsky;Ericka.Glovsky@gmail.com;police officer
3431;Jeanna;Rad;Jeanna.Rad@gmail.com;police officer
3432;Dede;Lymann;Dede.Lymann@gmail.com;doctor
3433;Moyna;Lareena;Moyna.Lareena@gmail.com;worker
3434;Ofilia;Sharl;Ofilia.Sharl@gmail.com;worker
3435;Linzy;Bashemeth;Linzy.Bashemeth@gmail.com;police officer
3436;Sonni;Raychel;Sonni.Raychel@gmail.com;developer
3437;Odessa;Serilda;Odessa.Serilda@gmail.com;police officer
3438;Amara;Tatianas;Amara.Tatianas@gmail.com;developer
3439;Silvana;Dermott;Silvana.Dermott@gmail.com;police officer
3440;Kylynn;Taima;Kylynn.Taima@gmail.com;police officer
3441;Chickie;Paine;Chickie.Paine@gmail.com;developer
3442;Molli;Waldron;Molli.Waldron@gmail.com;doctor
3443;Albertina;Bonucci;Albertina.Bonucci@gmail.com;developer
3444;Ginnie;Grimbly;Ginnie.Grimbly@gmail.com;police officer
3445;Linzy;Ingra;Linzy.Ingra@gmail.com;worker
3446;Chere;Georas;Chere.Georas@gmail.com;developer
3447;Ardys;Naashom;Ardys.Naashom@gmail.com;developer
3448;Dawn;Peg;Dawn.Peg@gmail.com;developer
3449;Kalina;Howlyn;Kalina.Howlyn@gmail.com;developer
3450;Gilda;Weitman;Gilda.Weitman@gmail.com;doctor
3451;Marika;Helve;Marika.Helve@gmail.com;doctor
3452;Beatriz;Harriman;Beatriz.Harriman@gmail.com;police officer
3453;Raina;Zaslow;Raina.Zaslow@gmail.com;police officer
3454;Pollyanna;Elsinore;Pollyanna.Elsinore@gmail.com;doctor
3455;Cathyleen;Ophelia;Cathyleen.Ophelia@gmail.com;police officer
3456;Jorry;Smitt;Jorry.Smitt@gmail.com;police officer
3457;Atlanta;Brandice;Atlanta.Brandice@gmail.com;police officer
3458;Imojean;Docilla;Imojean.Docilla@gmail.com;police officer
3459;Annaliese;Berne;Annaliese.Berne@gmail.com;police officer
3460;Starla;Vale;Starla.Vale@gmail.com;police officer
3461;Xylina;Chrystel;Xylina.Chrystel@gmail.com;police officer
3462;Reeba;Knowling;Reeba.Knowling@gmail.com;developer
3463;Janis;Verger;Janis.Verger@gmail.com;doctor
3464;Jenilee;Greenwald;Jenilee.Greenwald@gmail.com;police officer
3465;Chloris;Armanda;Chloris.Armanda@gmail.com;police officer
3466;Stephanie;Wyn;Stephanie.Wyn@gmail.com;firefighter
3467;Goldie;Janith;Goldie.Janith@gmail.com;worker
3468;Lisette;Travax;Lisette.Travax@gmail.com;firefighter
3469;Basia;Alwin;Basia.Alwin@gmail.com;firefighter
3470;Millie;Kermit;Millie.Kermit@gmail.com;worker
3471;Maye;Elsinore;Maye.Elsinore@gmail.com;firefighter
3472;Cordi;Skell;Cordi.Skell@gmail.com;firefighter
3473;Kellen;Tippets;Kellen.Tippets@gmail.com;developer
3474;Ardys;Rheingold;Ardys.Rheingold@gmail.com;police officer
3475;Maisey;Chesna;Maisey.Chesna@gmail.com;firefighter
3476;Tarra;Harned;Tarra.Harned@gmail.com;worker
3477;Lyssa;Kronfeld;Lyssa.Kronfeld@gmail.com;worker
3478;Ileana;Lytton;Ileana.Lytton@gmail.com;worker
3479;Lusa;Vary;Lusa.Vary@gmail.com;firefighter
3480;Madalyn;Hilbert;Madalyn.Hilbert@gmail.com;police officer
3481;Lorenza;Sigfrid;Lorenza.Sigfrid@gmail.com;worker
3482;Ninnetta;Verger;Ninnetta.Verger@gmail.com;police officer
3483;Inga;Morrill;Inga.Morrill@gmail.com;developer
3484;Nannie;Fredi;Nannie.Fredi@gmail.com;worker
3485;Jacenta;Jary;Jacenta.Jary@gmail.com;police officer
3486;Brynna;Zola;Brynna.Zola@gmail.com;doctor
3487;Kelly;Glenden;Kelly.Glenden@gmail.com;worker
3488;Myriam;Wilkinson;Myriam.Wilkinson@gmail.com;worker
3489;Addia;Justinn;Addia.Justinn@gmail.com;developer
3490;Jolyn;Clara;Jolyn.Clara@gmail.com;police officer
3491;Laurene;Denis;Laurene.Denis@gmail.com;firefighter
3492;Ericka;Mehalek;Ericka.Mehalek@gmail.com;firefighter
3493;Riannon;Kannry;Riannon.Kannry@gmail.com;firefighter
3494;Atlanta;Selway;Atlanta.Selway@gmail.com;developer
3495;Orsola;Braun;Orsola.Braun@gmail.com;doctor
3496;Ronna;Telfer;Ronna.Telfer@gmail.com;developer
3497;Cristabel;Bebe;Cristabel.Bebe@gmail.com;police officer
3498;Aigneis;Gregrory;Aigneis.Gregrory@gmail.com;firefighter
3499;Renae;Stanwood;Renae.Stanwood@gmail.com;developer
3500;Roberta;Ulphia;Roberta.Ulphia@gmail.com;firefighter
3501;Aeriela;Amadas;Aeriela.Amadas@gmail.com;doctor
3502;Grier;Connelly;Grier.Connelly@gmail.com;firefighter
3503;Willetta;Cynar;Willetta.Cynar@gmail.com;doctor
3504;Andree;Orelee;Andree.Orelee@gmail.com;worker
3505;Theodora;Lea;Theodora.Lea@gmail.com;firefighter
3506;Alia;Krystle;Alia.Krystle@gmail.com;firefighter
3507;Georgina;Ehrman;Georgina.Ehrman@gmail.com;worker
3508;Marnia;Phyllis;Marnia.Phyllis@gmail.com;firefighter
3509;Amalie;Read;Amalie.Read@gmail.com;developer
3510;Quintina;Sperling;Quintina.Sperling@gmail.com;firefighter
3511;Selma;Brodench;Selma.Brodench@gmail.com;doctor
3512;Starla;Bury;Starla.Bury@gmail.com;developer
3513;Priscilla;Narton;Priscilla.Narton@gmail.com;firefighter
3514;Shell;Valoniah;Shell.Valoniah@gmail.com;worker
3515;Ronna;Gert;Ronna.Gert@gmail.com;police officer
3516;Kathi;Sabella;Kathi.Sabella@gmail.com;firefighter
3517;Luci;Billye;Luci.Billye@gmail.com;police officer
3518;Jere;Whittaker;Jere.Whittaker@gmail.com;worker
3519;Nyssa;Poll;Nyssa.Poll@gmail.com;police officer
3520;Dari;Lymann;Dari.Lymann@gmail.com;firefighter
3521;Ida;Vilma;Ida.Vilma@gmail.com;police officer
3522;Molli;Sparhawk;Molli.Sparhawk@gmail.com;police officer
3523;Ingrid;Ventre;Ingrid.Ventre@gmail.com;doctor
3524;Darci;Llovera;Darci.Llovera@gmail.com;worker
3525;Modestia;Nea;Modestia.Nea@gmail.com;worker
3526;Annora;Lia;Annora.Lia@gmail.com;firefighter
3527;Di;Earlie;Di.Earlie@gmail.com;police officer
3528;Alleen;Shields;Alleen.Shields@gmail.com;developer
3529;Carmencita;Socha;Carmencita.Socha@gmail.com;police officer
3530;Fina;Melleta;Fina.Melleta@gmail.com;worker
3531;Ronna;Abernon;Ronna.Abernon@gmail.com;police officer
3532;Yetty;Hepsibah;Yetty.Hepsibah@gmail.com;worker
3533;Selia;Monk;Selia.Monk@gmail.com;doctor
3534;Dennie;Fax;Dennie.Fax@gmail.com;worker
3535;Fina;Pearse;Fina.Pearse@gmail.com;developer
3536;Halette;Barbey;Halette.Barbey@gmail.com;developer
3537;Maryellen;Suzetta;Maryellen.Suzetta@gmail.com;developer
3538;Lenna;Lane;Lenna.Lane@gmail.com;firefighter
3539;Inga;Turne;Inga.Turne@gmail.com;doctor
3540;Meg;Eben;Meg.Eben@gmail.com;police officer
3541;Goldie;Buffum;Goldie.Buffum@gmail.com;worker
3542;Camile;Eckblad;Camile.Eckblad@gmail.com;police officer
3543;Lynnea;Jerald;Lynnea.Jerald@gmail.com;police officer
3544;Shirlee;Japeth;Shirlee.Japeth@gmail.com;firefighter
3545;Clary;Iphlgenia;Clary.Iphlgenia@gmail.com;police officer
3546;Ellette;Kolnick;Ellette.Kolnick@gmail.com;worker
3547;Georgetta;Brandice;Georgetta.Brandice@gmail.com;developer
3548;Rani;Wilkinson;Rani.Wilkinson@gmail.com;developer
3549;Laure;Emmy;Laure.Emmy@gmail.com;police officer
3550;Asia;Wesle;Asia.Wesle@gmail.com;firefighter
3551;Arabel;Briney;Arabel.Briney@gmail.com;police officer
3552;Brooks;Eugenia;Brooks.Eugenia@gmail.com;police officer
3553;Candi;Lucienne;Candi.Lucienne@gmail.com;firefighter
3554;Genevra;Lipson;Genevra.Lipson@gmail.com;doctor
3555;Kara-Lynn;Ax;Kara-Lynn.Ax@gmail.com;doctor
3556;Basia;Velick;Basia.Velick@gmail.com;worker
3557;Fred;Manolo;Fred.Manolo@gmail.com;developer
3558;Agathe;Nelsen;Agathe.Nelsen@gmail.com;doctor
3559;Korrie;Euridice;Korrie.Euridice@gmail.com;firefighter
3560;Anica;Fleeta;Anica.Fleeta@gmail.com;developer
3561;Bee;Cornelia;Bee.Cornelia@gmail.com;doctor
3562;Benita;Vins;Benita.Vins@gmail.com;police officer
3563;Janey;Pyle;Janey.Pyle@gmail.com;police officer
3564;Edyth;Brian;Edyth.Brian@gmail.com;developer
3565;Melodie;Lane;Melodie.Lane@gmail.com;developer
3566;Chastity;Kazimir;Chastity.Kazimir@gmail.com;police officer
3567;Jaclyn;Callista;Jaclyn.Callista@gmail.com;police officer
3568;Talya;Jacinda;Talya.Jacinda@gmail.com;doctor
3569;Fanchon;Keelia;Fanchon.Keelia@gmail.com;police officer
3570;Netty;Thomasina;Netty.Thomasina@gmail.com;worker
3571;Yolane;Marden;Yolane.Marden@gmail.com;doctor
3572;Goldie;Mozelle;Goldie.Mozelle@gmail.com;police officer
3573;Joy;Cordi;Joy.Cordi@gmail.com;developer
3574;Tybie;Percy;Tybie.Percy@gmail.com;firefighter
3575;Rosaline;Dex;Rosaline.Dex@gmail.com;worker
3576;Leontine;Hessler;Leontine.Hessler@gmail.com;police officer
3577;Nita;Fax;Nita.Fax@gmail.com;developer
3578;Dolli;Hailee;Dolli.Hailee@gmail.com;doctor
3579;Mamie;Sherfield;Mamie.Sherfield@gmail.com;police officer
3580;Ida;Rogerio;Ida.Rogerio@gmail.com;worker
3581;Kirbee;Anestassia;Kirbee.Anestassia@gmail.com;firefighter
3582;Kary;McAdams;Kary.McAdams@gmail.com;developer
3583;Berta;Chapland;Berta.Chapland@gmail.com;doctor
3584;Shell;Angelis;Shell.Angelis@gmail.com;doctor
3585;Dede;Ezar;Dede.Ezar@gmail.com;worker
3586;Aubrie;Zitvaa;Aubrie.Zitvaa@gmail.com;developer
3587;Alleen;Oriana;Alleen.Oriana@gmail.com;doctor
3588;Amii;Nahum;Amii.Nahum@gmail.com;doctor
3589;Vita;Mallon;Vita.Mallon@gmail.com;worker
3590;Hope;Etom;Hope.Etom@gmail.com;police officer
3591;Nariko;Hashim;Nariko.Hashim@gmail.com;developer
3592;Gavrielle;Linehan;Gavrielle.Linehan@gmail.com;developer
3593;Veda;Norvol;Veda.Norvol@gmail.com;firefighter
3594;Mariele;Maroney;Mariele.Maroney@gmail.com;developer
3595;Arlina;Israeli;Arlina.Israeli@gmail.com;firefighter
3596;Glenda;Xerxes;Glenda.Xerxes@gmail.com;police officer
3597;Gerrie;Charmine;Gerrie.Charmine@gmail.com;worker
3598;Cassondra;Wenda;Cassondra.Wenda@gmail.com;police officer
3599;Letizia;Modie;Letizia.Modie@gmail.com;police officer
3600;Yvonne;Hillel;Yvonne.Hillel@gmail.com;developer
3601;Dione;Rad;Dione.Rad@gmail.com;police officer
3602;Catharine;Sandye;Catharine.Sandye@gmail.com;worker
3603;Quintina;Kauppi;Quintina.Kauppi@gmail.com;police officer
3604;Clary;Vary;Clary.Vary@gmail.com;worker
3605;Henriette;Denis;Henriette.Denis@gmail.com;worker
3606;Elmira;Libna;Elmira.Libna@gmail.com;firefighter
3607;Justinn;Estella;Justinn.Estella@gmail.com;developer
3608;Danny;Corrine;Danny.Corrine@gmail.com;police officer
3609;Lanna;Millda;Lanna.Millda@gmail.com;doctor
3610;Randa;Suk;Randa.Suk@gmail.com;police officer
3611;Nonnah;Pacorro;Nonnah.Pacorro@gmail.com;firefighter
3612;Damaris;Schroth;Damaris.Schroth@gmail.com;police officer
3613;Mureil;Calhoun;Mureil.Calhoun@gmail.com;worker
3614;Rochette;Korey;Rochette.Korey@gmail.com;doctor
3615;Heddie;Yoko;Heddie.Yoko@gmail.com;worker
3616;Judy;Fabiola;Judy.Fabiola@gmail.com;developer
3617;Helsa;Jerald;Helsa.Jerald@gmail.com;firefighter
3618;Shaine;Ader;Shaine.Ader@gmail.com;firefighter
3619;Marcy;Tillford;Marcy.Tillford@gmail.com;developer
3620;Roz;Calhoun;Roz.Calhoun@gmail.com;worker
3621;Clementine;Blase;Clementine.Blase@gmail.com;police officer
3622;Dode;Pacorro;Dode.Pacorro@gmail.com;doctor
3623;Belva;Thad;Belva.Thad@gmail.com;police officer
3624;Olivette;Honoria;Olivette.Honoria@gmail.com;developer
3625;Arlina;Eugenia;Arlina.Eugenia@gmail.com;police officer
3626;Pearline;Voletta;Pearline.Voletta@gmail.com;worker
3627;Cindelyn;Auberbach;Cindelyn.Auberbach@gmail.com;worker
3628;Sindee;Lipson;Sindee.Lipson@gmail.com;developer
3629;Raquela;Rodmann;Raquela.Rodmann@gmail.com;worker
3630;Andree;Leopold;Andree.Leopold@gmail.com;police officer
3631;Kerrin;Wadell;Kerrin.Wadell@gmail.com;worker
3632;Atlanta;Lilybelle;Atlanta.Lilybelle@gmail.com;developer
3633;Oralee;Letsou;Oralee.Letsou@gmail.com;police officer
3634;Brandise;Lindemann;Brandise.Lindemann@gmail.com;worker
3635;Antonietta;Lilas;Antonietta.Lilas@gmail.com;worker
3636;Barbi;Lasley;Barbi.Lasley@gmail.com;developer
3637;Peri;Tufts;Peri.Tufts@gmail.com;worker
3638;Yetty;Aida;Yetty.Aida@gmail.com;doctor
3639;Ricky;Weaks;Ricky.Weaks@gmail.com;police officer
3640;Kate;Bow;Kate.Bow@gmail.com;police officer
3641;Gwenneth;Sidonius;Gwenneth.Sidonius@gmail.com;worker
3642;Reeba;Philipp;Reeba.Philipp@gmail.com;developer
3643;Nollie;Harl;Nollie.Harl@gmail.com;police officer
3644;Allyce;Hathaway;Allyce.Hathaway@gmail.com;developer
3645;Aaren;Gilbertson;Aaren.Gilbertson@gmail.com;firefighter
3646;Louella;Skurnik;Louella.Skurnik@gmail.com;worker
3647;Aubrie;Kress;Aubrie.Kress@gmail.com;firefighter
3648;Ann-Marie;Morrill;Ann-Marie.Morrill@gmail.com;police officer
3649;Gilligan;Tannie;Gilligan.Tannie@gmail.com;doctor
3650;Aimil;Berard;Aimil.Berard@gmail.com;worker
3651;Ardeen;Prober;Ardeen.Prober@gmail.com;police officer
3652;Gretal;Larochelle;Gretal.Larochelle@gmail.com;developer
3653;Carlie;Infield;Carlie.Infield@gmail.com;developer
3654;Jenilee;Lilybelle;Jenilee.Lilybelle@gmail.com;doctor
3655;Norine;Pacorro;Norine.Pacorro@gmail.com;doctor
3656;Christian;Stilwell;Christian.Stilwell@gmail.com;doctor
3657;Augustine;Redmond;Augustine.Redmond@gmail.com;firefighter
3658;Cyb;Dunkin;Cyb.Dunkin@gmail.com;police officer
3659;Glenda;Carvey;Glenda.Carvey@gmail.com;firefighter
3660;Cissiee;Dorothy;Cissiee.Dorothy@gmail.com;doctor
3661;Dale;Turne;Dale.Turne@gmail.com;firefighter
3662;Deloria;Melleta;Deloria.Melleta@gmail.com;doctor
3663;Zaria;Jary;Zaria.Jary@gmail.com;developer
3664;Lenna;Lenny;Lenna.Lenny@gmail.com;firefighter
3665;Rayna;Ummersen;Rayna.Ummersen@gmail.com;developer
3666;Jemie;Shuler;Jemie.Shuler@gmail.com;doctor
3667;Jaime;Gaspard;Jaime.Gaspard@gmail.com;doctor
3668;Glynnis;Gherardo;Glynnis.Gherardo@gmail.com;doctor
3669;Angelique;Noman;Angelique.Noman@gmail.com;developer
3670;Courtnay;Vittoria;Courtnay.Vittoria@gmail.com;developer
3671;Sam;Hortensia;Sam.Hortensia@gmail.com;police officer
3672;Tobe;Helfand;Tobe.Helfand@gmail.com;police officer
3673;Kenna;Dearborn;Kenna.Dearborn@gmail.com;firefighter
3674;Lynea;Buttaro;Lynea.Buttaro@gmail.com;worker
3675;Sindee;Margret;Sindee.Margret@gmail.com;worker
3676;Alia;Alfons;Alia.Alfons@gmail.com;police officer
3677;Vere;Koehler;Vere.Koehler@gmail.com;developer
3678;Carree;Hanshaw;Carree.Hanshaw@gmail.com;police officer
3679;Mariann;Lia;Mariann.Lia@gmail.com;developer
3680;Norine;LaRue;Norine.LaRue@gmail.com;police officer
3681;Suzette;Buttaro;Suzette.Buttaro@gmail.com;worker
3682;Lorie;Linehan;Lorie.Linehan@gmail.com;doctor
3683;Catharine;Edmund;Catharine.Edmund@gmail.com;worker
3684;Collen;Cavan;Collen.Cavan@gmail.com;firefighter
3685;Sybille;Dulciana;Sybille.Dulciana@gmail.com;firefighter
3686;Dotty;Iaverne;Dotty.Iaverne@gmail.com;developer
3687;Ezmeralda;Janith;Ezmeralda.Janith@gmail.com;doctor
3688;Aryn;Leffen;Aryn.Leffen@gmail.com;doctor
3689;Belinda;Yusuk;Belinda.Yusuk@gmail.com;doctor
3690;Alleen;Moseley;Alleen.Moseley@gmail.com;developer
3691;Phedra;Arathorn;Phedra.Arathorn@gmail.com;developer
3692;Ofilia;Tomasina;Ofilia.Tomasina@gmail.com;doctor
3693;Catharine;Berne;Catharine.Berne@gmail.com;worker
3694;Marjie;Hoenack;Marjie.Hoenack@gmail.com;firefighter
3695;Doralynne;Iaverne;Doralynne.Iaverne@gmail.com;police officer
3696;Dyann;Felecia;Dyann.Felecia@gmail.com;worker
3697;Olwen;Wenda;Olwen.Wenda@gmail.com;police officer
3698;Amii;Noman;Amii.Noman@gmail.com;worker
3699;Lucille;Urania;Lucille.Urania@gmail.com;doctor
3700;Lanae;Rosemary;Lanae.Rosemary@gmail.com;firefighter
3701;Helsa;Philoo;Helsa.Philoo@gmail.com;developer
3702;Emelina;Palocz;Emelina.Palocz@gmail.com;developer
3703;Leia;Viddah;Leia.Viddah@gmail.com;firefighter
3704;Deirdre;Tippets;Deirdre.Tippets@gmail.com;doctor
3705;Perry;Mike;Perry.Mike@gmail.com;developer
3706;Cordi;Madelene;Cordi.Madelene@gmail.com;developer
3707;Ardys;Seessel;Ardys.Seessel@gmail.com;worker
3708;Merrie;Frodi;Merrie.Frodi@gmail.com;worker
3709;Veda;Cullin;Veda.Cullin@gmail.com;worker
3710;Maryellen;Alice;Maryellen.Alice@gmail.com;worker
3711;Sallie;Buttaro;Sallie.Buttaro@gmail.com;doctor
3712;Tiffie;Fiann;Tiffie.Fiann@gmail.com;doctor
3713;Tani;Paton;Tani.Paton@gmail.com;police officer
3714;Bee;Emmaline;Bee.Emmaline@gmail.com;worker
3715;Ermengarde;Ardra;Ermengarde.Ardra@gmail.com;worker
3716;Millie;Avi;Millie.Avi@gmail.com;police officer
3717;Lonnie;Ummersen;Lonnie.Ummersen@gmail.com;doctor
3718;Stacey;Gemini;Stacey.Gemini@gmail.com;doctor
3719;Tina;Seligman;Tina.Seligman@gmail.com;developer
3720;Letizia;Carri;Letizia.Carri@gmail.com;developer
3721;Lelah;Gusella;Lelah.Gusella@gmail.com;developer
3722;Kerrin;Mike;Kerrin.Mike@gmail.com;police officer
3723;Leanna;Atcliffe;Leanna.Atcliffe@gmail.com;developer
3724;Andeee;Riva;Andeee.Riva@gmail.com;developer
3725;Carly;Reinke;Carly.Reinke@gmail.com;doctor
3726;Janeczka;Oneida;Janeczka.Oneida@gmail.com;worker
3727;Sheree;Meli;Sheree.Meli@gmail.com;firefighter
3728;Etta;O'Neill;Etta.O'Neill@gmail.com;doctor
3729;Annabela;Lia;Annabela.Lia@gmail.com;doctor
3730;Ardenia;Wiener;Ardenia.Wiener@gmail.com;doctor
3731;Zia;Agle;Zia.Agle@gmail.com;worker
3732;Leia;Urania;Leia.Urania@gmail.com;developer
3733;Alisha;Saint;Alisha.Saint@gmail.com;firefighter
3734;Kimberley;Bohlin;Kimberley.Bohlin@gmail.com;developer
3735;Genevra;Ardra;Genevra.Ardra@gmail.com;doctor
3736;Almeta;Carey;Almeta.Carey@gmail.com;firefighter
3737;Zaria;Morrill;Zaria.Morrill@gmail.com;police officer
3738;Annora;Alice;Annora.Alice@gmail.com;worker
3739;Valera;Amadas;Valera.Amadas@gmail.com;developer
3740;Gusty;Sparhawk;Gusty.Sparhawk@gmail.com;worker
3741;Maye;Brenn;Maye.Brenn@gmail.com;firefighter
3742;Averyl;Saree;Averyl.Saree@gmail.com;doctor
3743;Queenie;Nikaniki;Queenie.Nikaniki@gmail.com;worker
3744;Myriam;Ailyn;Myriam.Ailyn@gmail.com;developer
3745;Sophia;Borrell;Sophia.Borrell@gmail.com;worker
3746;Madalyn;Danby;Madalyn.Danby@gmail.com;worker
3747;Donnie;Hanleigh;Donnie.Hanleigh@gmail.com;police officer
3748;Gerianna;Fadiman;Gerianna.Fadiman@gmail.com;police officer
3749;Tressa;Gerge;Tressa.Gerge@gmail.com;doctor
3750;Kittie;Giff;Kittie.Giff@gmail.com;doctor
3751;Aubrie;Irmine;Aubrie.Irmine@gmail.com;firefighter
3752;Andree;Hilbert;Andree.Hilbert@gmail.com;worker
3753;Addia;Stevy;Addia.Stevy@gmail.com;doctor
3754;Kaja;Suanne;Kaja.Suanne@gmail.com;developer
3755;Sabina;Baudin;Sabina.Baudin@gmail.com;doctor
3756;Allyce;Kare;Allyce.Kare@gmail.com;firefighter
3757;Trudie;Niles;Trudie.Niles@gmail.com;firefighter
3758;Claresta;Masao;Claresta.Masao@gmail.com;worker
3759;Rani;Dominy;Rani.Dominy@gmail.com;developer
3760;Cristabel;Henebry;Cristabel.Henebry@gmail.com;doctor
3761;Linzy;Annabella;Linzy.Annabella@gmail.com;doctor
3762;Hope;Amethist;Hope.Amethist@gmail.com;doctor
3763;Marinna;Velick;Marinna.Velick@gmail.com;police officer
3764;Britte;Haymes;Britte.Haymes@gmail.com;worker
3765;Steffane;Lorenz;Steffane.Lorenz@gmail.com;doctor
3766;Beatriz;Genna;Beatriz.Genna@gmail.com;doctor
3767;Jordan;Markman;Jordan.Markman@gmail.com;police officer
3768;Candi;Saint;Candi.Saint@gmail.com;firefighter
3769;Elyssa;Ulphia;Elyssa.Ulphia@gmail.com;doctor
3770;Debee;Fancie;Debee.Fancie@gmail.com;firefighter
3771;Lelah;Alrich;Lelah.Alrich@gmail.com;worker
3772;Lanna;Loeb;Lanna.Loeb@gmail.com;worker
3773;Charissa;Breed;Charissa.Breed@gmail.com;worker
3774;Larine;Laurianne;Larine.Laurianne@gmail.com;firefighter
3775;Jaime;Lunsford;Jaime.Lunsford@gmail.com;police officer
3776;Ruthe;Yam;Ruthe.Yam@gmail.com;developer
3777;Lyssa;Croix;Lyssa.Croix@gmail.com;worker
3778;Amii;Elisha;Amii.Elisha@gmail.com;firefighter
3779;Consuela;Payson;Consuela.Payson@gmail.com;firefighter
3780;Siana;Johnsson;Siana.Johnsson@gmail.com;firefighter
3781;Demetris;Baylor;Demetris.Baylor@gmail.com;police officer
3782;Ulrike;Seligman;Ulrike.Seligman@gmail.com;firefighter
3783;Jasmina;Guildroy;Jasmina.Guildroy@gmail.com;doctor
3784;Aurelie;Kat;Aurelie.Kat@gmail.com;developer
3785;Karina;Bach;Karina.Bach@gmail.com;developer
3786;Lindie;Bandeen;Lindie.Bandeen@gmail.com;firefighter
3787;Brynna;Horan;Brynna.Horan@gmail.com;police officer
3788;Corly;Sammons;Corly.Sammons@gmail.com;police officer
3789;Monika;Nadia;Monika.Nadia@gmail.com;firefighter
3790;Lenna;Vittoria;Lenna.Vittoria@gmail.com;doctor
3791;Dorene;Noman;Dorene.Noman@gmail.com;worker
3792;Gusella;Merna;Gusella.Merna@gmail.com;doctor
3793;Kirbee;Kalinda;Kirbee.Kalinda@gmail.com;police officer
3794;Kristina;Peti;Kristina.Peti@gmail.com;developer
3795;Melina;Terencio;Melina.Terencio@gmail.com;worker
3796;Elmira;Wattenberg;Elmira.Wattenberg@gmail.com;police officer
3797;Adore;McClimans;Adore.McClimans@gmail.com;doctor
3798;Gusty;Sawtelle;Gusty.Sawtelle@gmail.com;worker
3799;Nadine;Kress;Nadine.Kress@gmail.com;firefighter
3800;Kenna;Schalles;Kenna.Schalles@gmail.com;firefighter
3801;Fawne;Justinn;Fawne.Justinn@gmail.com;developer
3802;Misha;Hieronymus;Misha.Hieronymus@gmail.com;police officer
3803;Rosanne;Eugenia;Rosanne.Eugenia@gmail.com;worker
3804;Ana;Helve;Ana.Helve@gmail.com;worker
3805;Inga;Hamil;Inga.Hamil@gmail.com;firefighter
3806;Larine;Ilka;Larine.Ilka@gmail.com;police officer
3807;Molli;Cyrie;Molli.Cyrie@gmail.com;police officer
3808;Elie;Lalitta;Elie.Lalitta@gmail.com;firefighter
3809;Briney;Jacqui;Briney.Jacqui@gmail.com;firefighter
3810;Hope;August;Hope.August@gmail.com;firefighter
3811;Cyndie;Rossner;Cyndie.Rossner@gmail.com;doctor
3812;Katleen;Tufts;Katleen.Tufts@gmail.com;worker
3813;Chrystel;Glovsky;Chrystel.Glovsky@gmail.com;firefighter
3814;Sue;Raffo;Sue.Raffo@gmail.com;doctor
3815;Dania;Graig;Dania.Graig@gmail.com;doctor
3816;Melisent;Mott;Melisent.Mott@gmail.com;doctor
3817;Minne;McLaughlin;Minne.McLaughlin@gmail.com;firefighter
3818;Helsa;Yam;Helsa.Yam@gmail.com;police officer
3819;Elsie;Cottle;Elsie.Cottle@gmail.com;worker
3820;Beatriz;Louanna;Beatriz.Louanna@gmail.com;worker
3821;Brietta;Swigart;Brietta.Swigart@gmail.com;worker
3822;Tressa;Chobot;Tressa.Chobot@gmail.com;worker
3823;Ulrike;Delacourt;Ulrike.Delacourt@gmail.com;developer
3824;Tobe;Leary;Tobe.Leary@gmail.com;police officer
3825;Marcy;Jerold;Marcy.Jerold@gmail.com;police officer
3826;Selma;Heidt;Selma.Heidt@gmail.com;worker
3827;Berta;Magnolia;Berta.Magnolia@gmail.com;developer
3828;Christal;Plato;Christal.Plato@gmail.com;doctor
3829;Rivalee;Iiette;Rivalee.Iiette@gmail.com;police officer
3830;Lanae;Eben;Lanae.Eben@gmail.com;firefighter
3831;Brynna;Mike;Brynna.Mike@gmail.com;firefighter
3832;Johna;Truc;Johna.Truc@gmail.com;police officer
3833;June;Rodmann;June.Rodmann@gmail.com;worker
3834;Cathyleen;Dosia;Cathyleen.Dosia@gmail.com;firefighter
3835;Carolina;Kiyoshi;Carolina.Kiyoshi@gmail.com;firefighter
3836;Dari;Tiffa;Dari.Tiffa@gmail.com;firefighter
3837;Ernesta;Jena;Ernesta.Jena@gmail.com;worker
3838;Maye;Serilda;Maye.Serilda@gmail.com;firefighter
3839;Chandra;Sprage;Chandra.Sprage@gmail.com;firefighter
3840;Marcy;Thema;Marcy.Thema@gmail.com;police officer
3841;Genovera;O'Neill;Genovera.O'Neill@gmail.com;developer
3842;Selma;Garbe;Selma.Garbe@gmail.com;developer
3843;Margette;Hutchison;Margette.Hutchison@gmail.com;developer
3844;Arlena;Darrell;Arlena.Darrell@gmail.com;firefighter
3845;Anallese;Atonsah;Anallese.Atonsah@gmail.com;developer
3846;Dianemarie;Olnee;Dianemarie.Olnee@gmail.com;developer
3847;Heddie;Evangelia;Heddie.Evangelia@gmail.com;firefighter
3848;Imojean;Tacye;Imojean.Tacye@gmail.com;firefighter
3849;Amalie;Iaverne;Amalie.Iaverne@gmail.com;worker
3850;Tybie;Richers;Tybie.Richers@gmail.com;police officer
3851;Dominga;Phaidra;Dominga.Phaidra@gmail.com;developer
3852;Lauryn;Mayeda;Lauryn.Mayeda@gmail.com;developer
3853;Fawne;Montgomery;Fawne.Montgomery@gmail.com;developer
3854;Vere;Autrey;Vere.Autrey@gmail.com;developer
3855;Corina;Pulsifer;Corina.Pulsifer@gmail.com;developer
3856;Farrah;Parette;Farrah.Parette@gmail.com;police officer
3857;Dagmar;Anselmi;Dagmar.Anselmi@gmail.com;firefighter
3858;Karolina;Beebe;Karolina.Beebe@gmail.com;doctor
3859;Danika;Naor;Danika.Naor@gmail.com;worker
3860;Marleah;Killigrew;Marleah.Killigrew@gmail.com;firefighter
3861;Arlina;Yam;Arlina.Yam@gmail.com;worker
3862;Glynnis;Darrell;Glynnis.Darrell@gmail.com;developer
3863;Raf;Fairweather;Raf.Fairweather@gmail.com;developer
3864;Cecile;Yam;Cecile.Yam@gmail.com;firefighter
3865;Cristabel;Erlandson;Cristabel.Erlandson@gmail.com;doctor
3866;Blake;Joeann;Blake.Joeann@gmail.com;developer
3867;Marnia;Bennie;Marnia.Bennie@gmail.com;police officer
3868;Mary;Narton;Mary.Narton@gmail.com;developer
3869;Noelle;Arquit;Noelle.Arquit@gmail.com;police officer
3870;Susan;Germann;Susan.Germann@gmail.com;doctor
3871;Shandie;Naashom;Shandie.Naashom@gmail.com;developer
3872;Cherrita;Merna;Cherrita.Merna@gmail.com;firefighter
3873;Clementine;Bennie;Clementine.Bennie@gmail.com;developer
3874;Marjie;Edvard;Marjie.Edvard@gmail.com;worker
3875;Dorthy;Woodberry;Dorthy.Woodberry@gmail.com;worker
3876;Zaria;Skell;Zaria.Skell@gmail.com;worker
3877;Alisha;Dulciana;Alisha.Dulciana@gmail.com;firefighter
3878;Mariele;Jorgan;Mariele.Jorgan@gmail.com;developer
3879;Aurelie;Merna;Aurelie.Merna@gmail.com;developer
3880;Christal;Saint;Christal.Saint@gmail.com;worker
3881;Shandie;Liva;Shandie.Liva@gmail.com;worker
3882;Concettina;Konyn;Concettina.Konyn@gmail.com;developer
3883;Celisse;Dalli;Celisse.Dalli@gmail.com;developer
3884;Kylynn;Leopold;Kylynn.Leopold@gmail.com;police officer
3885;Deane;Holtz;Deane.Holtz@gmail.com;police officer
3886;Rosene;Trace;Rosene.Trace@gmail.com;developer
3887;Benita;Poppy;Benita.Poppy@gmail.com;developer
3888;Teriann;Sherrie;Teriann.Sherrie@gmail.com;doctor
3889;Shell;Bronk;Shell.Bronk@gmail.com;developer
3890;Tybie;Munn;Tybie.Munn@gmail.com;police officer
3891;Bertine;Ahab;Bertine.Ahab@gmail.com;firefighter
3892;Madelle;Joseph;Madelle.Joseph@gmail.com;firefighter
3893;Nananne;Sadowski;Nananne.Sadowski@gmail.com;doctor
3894;Georgetta;Keelia;Georgetta.Keelia@gmail.com;worker
3895;Minda;Phi;Minda.Phi@gmail.com;developer
3896;Mireielle;Gilmour;Mireielle.Gilmour@gmail.com;worker
3897;Lindie;Ezar;Lindie.Ezar@gmail.com;police officer
3898;Dorene;Cosenza;Dorene.Cosenza@gmail.com;firefighter
3899;Marleah;Artie;Marleah.Artie@gmail.com;doctor
3900;Caritta;Charmine;Caritta.Charmine@gmail.com;developer
3901;Fred;Verger;Fred.Verger@gmail.com;doctor
3902;Romona;Sholley;Romona.Sholley@gmail.com;developer
3903;Gilligan;Lareena;Gilligan.Lareena@gmail.com;worker
3904;Debee;Mendez;Debee.Mendez@gmail.com;developer
3905;Melina;Harned;Melina.Harned@gmail.com;doctor
3906;Trixi;Strephon;Trixi.Strephon@gmail.com;police officer
3907;Hettie;Septima;Hettie.Septima@gmail.com;developer
3908;Mamie;Donoghue;Mamie.Donoghue@gmail.com;developer
3909;Gwenneth;Vorster;Gwenneth.Vorster@gmail.com;developer
3910;Justinn;Knowling;Justinn.Knowling@gmail.com;developer
3911;Marline;Destinee;Marline.Destinee@gmail.com;developer
3912;Sybille;Marisa;Sybille.Marisa@gmail.com;police officer
3913;Meriel;Laverne;Meriel.Laverne@gmail.com;developer
3914;Addia;Santoro;Addia.Santoro@gmail.com;worker
3915;Florencia;Corabella;Florencia.Corabella@gmail.com;developer
3916;Roz;Rodmann;Roz.Rodmann@gmail.com;firefighter
3917;Emelina;Atcliffe;Emelina.Atcliffe@gmail.com;doctor
3918;Celestyna;Aldric;Celestyna.Aldric@gmail.com;developer
3919;Marcelline;Croix;Marcelline.Croix@gmail.com;worker
3920;Gabi;Oscar;Gabi.Oscar@gmail.com;police officer
3921;Jerry;Bobbee;Jerry.Bobbee@gmail.com;police officer
3922;Vonny;Kiyoshi;Vonny.Kiyoshi@gmail.com;police officer
3923;Bettine;Keily;Bettine.Keily@gmail.com;police officer
3924;Teriann;Christine;Teriann.Christine@gmail.com;worker
3925;Lauryn;Rebecka;Lauryn.Rebecka@gmail.com;worker
3926;Demetris;Cullin;Demetris.Cullin@gmail.com;firefighter
3927;Annaliese;Cristi;Annaliese.Cristi@gmail.com;doctor
3928;Corry;Egbert;Corry.Egbert@gmail.com;police officer
3929;Joeann;Millda;Joeann.Millda@gmail.com;police officer
3930;Jackie;Cherianne;Jackie.Cherianne@gmail.com;police officer
3931;Romona;Salvidor;Romona.Salvidor@gmail.com;police officer
3932;Candy;Borrell;Candy.Borrell@gmail.com;doctor
3933;Codie;Abernon;Codie.Abernon@gmail.com;doctor
3934;Paule;Gaal;Paule.Gaal@gmail.com;worker
3935;Ana;Haymes;Ana.Haymes@gmail.com;worker
3936;Annaliese;Slifka;Annaliese.Slifka@gmail.com;worker
3937;Norine;Goldina;Norine.Goldina@gmail.com;worker
3938;Hollie;Paine;Hollie.Paine@gmail.com;developer
3939;Randa;Kiyoshi;Randa.Kiyoshi@gmail.com;doctor
3940;Tilly;Melleta;Tilly.Melleta@gmail.com;firefighter
3941;Lita;Magdalen;Lita.Magdalen@gmail.com;worker
3942;Elora;Gahl;Elora.Gahl@gmail.com;doctor
3943;Sharai;Sinegold;Sharai.Sinegold@gmail.com;doctor
3944;Cathie;Merna;Cathie.Merna@gmail.com;firefighter
3945;Cacilie;Lutero;Cacilie.Lutero@gmail.com;worker
3946;Vivia;Eno;Vivia.Eno@gmail.com;police officer
3947;Olwen;Obed;Olwen.Obed@gmail.com;police officer
3948;Kristina;Capello;Kristina.Capello@gmail.com;doctor
3949;Babita;Wareing;Babita.Wareing@gmail.com;police officer
3950;Drucie;Ailyn;Drucie.Ailyn@gmail.com;police officer
3951;Tatiania;Robertson;Tatiania.Robertson@gmail.com;police officer
3952;Leona;Madox;Leona.Madox@gmail.com;doctor
3953;Leia;Cadmar;Leia.Cadmar@gmail.com;police officer
3954;Elise;Delacourt;Elise.Delacourt@gmail.com;police officer
3955;Averyl;McAdams;Averyl.McAdams@gmail.com;developer
3956;Ivett;Lamoree;Ivett.Lamoree@gmail.com;firefighter
3957;Paule;Socha;Paule.Socha@gmail.com;doctor
3958;Cissiee;Suzetta;Cissiee.Suzetta@gmail.com;developer
3959;Bernardine;Gunn;Bernardine.Gunn@gmail.com;firefighter
3960;Cam;Kristi;Cam.Kristi@gmail.com;police officer
3961;Gloria;Ledah;Gloria.Ledah@gmail.com;doctor
3962;Annaliese;Erminia;Annaliese.Erminia@gmail.com;firefighter
3963;Marcy;Reneta;Marcy.Reneta@gmail.com;doctor
3964;Peri;Noman;Peri.Noman@gmail.com;firefighter
3965;Monika;Melony;Monika.Melony@gmail.com;developer
3966;Margette;Gherardo;Margette.Gherardo@gmail.com;developer
3967;Shaylyn;Adore;Shaylyn.Adore@gmail.com;developer
3968;Ekaterina;Marden;Ekaterina.Marden@gmail.com;police officer
3969;Melina;Tristram;Melina.Tristram@gmail.com;developer
3970;Correy;Tengdin;Correy.Tengdin@gmail.com;police officer
3971;Lucille;Nicoline;Lucille.Nicoline@gmail.com;worker
3972;Marti;Syd;Marti.Syd@gmail.com;worker
3973;Shirlee;Arne;Shirlee.Arne@gmail.com;developer
3974;Roslyn;Concha;Roslyn.Concha@gmail.com;worker
3975;Kial;Medrek;Kial.Medrek@gmail.com;developer
3976;Sharlene;Anis;Sharlene.Anis@gmail.com;worker
3977;Shell;Bollay;Shell.Bollay@gmail.com;developer
3978;Ida;Lumbard;Ida.Lumbard@gmail.com;worker
3979;Rosanne;Cadmar;Rosanne.Cadmar@gmail.com;doctor
3980;Andree;Peonir;Andree.Peonir@gmail.com;worker
3981;Marjie;Anyah;Marjie.Anyah@gmail.com;police officer
3982;Kelly;Smitt;Kelly.Smitt@gmail.com;doctor
3983;Norine;Mata;Norine.Mata@gmail.com;doctor
3984;Shell;Rustice;Shell.Rustice@gmail.com;firefighter
3985;Chloris;Arne;Chloris.Arne@gmail.com;firefighter
3986;Elfreda;Kannry;Elfreda.Kannry@gmail.com;worker
3987;Corry;Whittaker;Corry.Whittaker@gmail.com;worker
3988;Fernande;Amand;Fernande.Amand@gmail.com;worker
3989;Candi;Lutero;Candi.Lutero@gmail.com;worker
3990;Moyna;Delila;Moyna.Delila@gmail.com;police officer
3991;Nadine;Letsou;Nadine.Letsou@gmail.com;developer
3992;Jordan;Voletta;Jordan.Voletta@gmail.com;police officer
3993;Andeee;Wyn;Andeee.Wyn@gmail.com;firefighter
3994;Roxane;Joseph;Roxane.Joseph@gmail.com;worker
3995;Tomasina;Barney;Tomasina.Barney@gmail.com;developer
3996;Priscilla;Gower;Priscilla.Gower@gmail.com;doctor
3997;Raina;Lissi;Raina.Lissi@gmail.com;police officer
3998;Hyacinthe;Dowski;Hyacinthe.Dowski@gmail.com;developer
3999;Olwen;Saunderson;Olwen.Saunderson@gmail.com;firefighter
4000;Bibby;Faria;Bibby.Faria@gmail.com;firefighter
4001;Ofilia;Pond;Ofilia.Pond@gmail.com;firefighter
4002;Jany;Hurley;Jany.Hurley@gmail.com;firefighter
4003;Ivett;Duwalt;Ivett.Duwalt@gmail.com;doctor
4004;Carol-Jean;McClimans;Carol-Jean.McClimans@gmail.com;doctor
4005;Kara-Lynn;Winthorpe;Kara-Lynn.Winthorpe@gmail.com;firefighter
4006;Nonnah;Christine;Nonnah.Christine@gmail.com;police officer
4007;Tarra;Tamsky;Tarra.Tamsky@gmail.com;police officer
4008;Kimmy;Vernier;Kimmy.Vernier@gmail.com;doctor
4009;Shirlee;Clarissa;Shirlee.Clarissa@gmail.com;police officer
4010;Molli;Thar;Molli.Thar@gmail.com;police officer
4011;Clary;Lilybelle;Clary.Lilybelle@gmail.com;police officer
4012;Annaliese;Adamsen;Annaliese.Adamsen@gmail.com;firefighter
4013;Gertrud;Thilda;Gertrud.Thilda@gmail.com;developer
4014;Correy;Jerald;Correy.Jerald@gmail.com;police officer
4015;Teriann;Thema;Teriann.Thema@gmail.com;firefighter
4016;Sybille;Forrer;Sybille.Forrer@gmail.com;police officer
4017;Modestia;Goerke;Modestia.Goerke@gmail.com;firefighter
4018;Nelle;Nahum;Nelle.Nahum@gmail.com;developer
4019;Donetta;Parsaye;Donetta.Parsaye@gmail.com;doctor
4020;Jasmina;Charity;Jasmina.Charity@gmail.com;worker
4021;Sharai;Gualtiero;Sharai.Gualtiero@gmail.com;police officer
4022;Margarette;Madelene;Margarette.Madelene@gmail.com;worker
4023;Desirae;Barbey;Desirae.Barbey@gmail.com;police officer
4024;Carolina;Olin;Carolina.Olin@gmail.com;doctor
4025;Elfreda;Telfer;Elfreda.Telfer@gmail.com;worker
4026;Selma;Fabiola;Selma.Fabiola@gmail.com;developer
4027;Paola;Rurik;Paola.Rurik@gmail.com;firefighter
4028;Berta;Dannye;Berta.Dannye@gmail.com;worker
4029;Brynna;Vharat;Brynna.Vharat@gmail.com;developer
4030;Fayre;Alarise;Fayre.Alarise@gmail.com;doctor
4031;Giustina;Catie;Giustina.Catie@gmail.com;worker
4032;Hermione;Sidonius;Hermione.Sidonius@gmail.com;worker
4033;Celestyna;Kermit;Celestyna.Kermit@gmail.com;worker
4034;Britte;Philipp;Britte.Philipp@gmail.com;police officer
4035;Ethel;Toor;Ethel.Toor@gmail.com;police officer
4036;Cassandra;Agle;Cassandra.Agle@gmail.com;doctor
4037;Susan;Dreda;Susan.Dreda@gmail.com;developer
4038;Evaleen;Grayce;Evaleen.Grayce@gmail.com;doctor
4039;Lilith;Lane;Lilith.Lane@gmail.com;developer
4040;Marsiella;Dalli;Marsiella.Dalli@gmail.com;worker
4041;Max;Kenney;Max.Kenney@gmail.com;doctor
4042;Angelique;Guthrie;Angelique.Guthrie@gmail.com;firefighter
4043;Elyssa;Dearborn;Elyssa.Dearborn@gmail.com;worker
4044;Elena;Vastah;Elena.Vastah@gmail.com;police officer
4045;Isa;Hachmin;Isa.Hachmin@gmail.com;firefighter
4046;Sissy;Gaspard;Sissy.Gaspard@gmail.com;developer
4047;Althea;Elisha;Althea.Elisha@gmail.com;police officer
4048;Raina;Linehan;Raina.Linehan@gmail.com;doctor
4049;Susette;Travax;Susette.Travax@gmail.com;doctor
4050;Blondelle;Madaih;Blondelle.Madaih@gmail.com;developer
4051;Roseline;Reneta;Roseline.Reneta@gmail.com;worker
4052;Sandie;Harned;Sandie.Harned@gmail.com;firefighter
4053;Miquela;Nadia;Miquela.Nadia@gmail.com;doctor
4054;Arabel;Casimir;Arabel.Casimir@gmail.com;police officer
4055;Arabel;Sherrie;Arabel.Sherrie@gmail.com;doctor
4056;Mellicent;Rolf;Mellicent.Rolf@gmail.com;firefighter
4057;Leona;Eldrid;Leona.Eldrid@gmail.com;developer
4058;Lynnea;Eiser;Lynnea.Eiser@gmail.com;doctor
4059;Ruthe;Japeth;Ruthe.Japeth@gmail.com;firefighter
4060;Constance;Dowski;Constance.Dowski@gmail.com;firefighter
4061;Rosaline;Shanley;Rosaline.Shanley@gmail.com;police officer
4062;Annora;Elisha;Annora.Elisha@gmail.com;firefighter
4063;Ana;Chaing;Ana.Chaing@gmail.com;worker
4064;Gabriellia;Vharat;Gabriellia.Vharat@gmail.com;firefighter
4065;Jennica;Regan;Jennica.Regan@gmail.com;developer
4066;Tarra;Ophelia;Tarra.Ophelia@gmail.com;firefighter
4067;Nyssa;Buttaro;Nyssa.Buttaro@gmail.com;doctor
4068;Georgina;Arquit;Georgina.Arquit@gmail.com;police officer
4069;Kristan;Trinetta;Kristan.Trinetta@gmail.com;police officer
4070;Constance;Dimitris;Constance.Dimitris@gmail.com;police officer
4071;Kassey;Percy;Kassey.Percy@gmail.com;police officer
4072;Gratia;McNully;Gratia.McNully@gmail.com;worker
4073;Kial;Daegal;Kial.Daegal@gmail.com;firefighter
4074;Lulita;Grimbly;Lulita.Grimbly@gmail.com;firefighter
4075;Dode;Linehan;Dode.Linehan@gmail.com;developer
4076;Kerrin;Amand;Kerrin.Amand@gmail.com;developer
4077;Britni;Dielu;Britni.Dielu@gmail.com;firefighter
4078;Merry;Imelida;Merry.Imelida@gmail.com;police officer
4079;Sophia;Blisse;Sophia.Blisse@gmail.com;firefighter
4080;Marguerite;Marisa;Marguerite.Marisa@gmail.com;police officer
4081;Mellicent;Lesley;Mellicent.Lesley@gmail.com;firefighter
4082;Ninnetta;Buttaro;Ninnetta.Buttaro@gmail.com;firefighter
4083;Lucy;Bonilla;Lucy.Bonilla@gmail.com;firefighter
4084;Stevana;Burch;Stevana.Burch@gmail.com;developer
4085;Yolane;Jacobah;Yolane.Jacobah@gmail.com;firefighter
4086;Rayna;Bertold;Rayna.Bertold@gmail.com;worker
4087;Beth;Shanley;Beth.Shanley@gmail.com;developer
4088;Millie;Bonilla;Millie.Bonilla@gmail.com;police officer
4089;Kassey;Mintz;Kassey.Mintz@gmail.com;doctor
4090;Deloria;Krystle;Deloria.Krystle@gmail.com;worker
4091;Raquela;Klotz;Raquela.Klotz@gmail.com;doctor
4092;Halette;Hewitt;Halette.Hewitt@gmail.com;developer
4093;Corene;Hamil;Corene.Hamil@gmail.com;police officer
4094;Sybille;Luhe;Sybille.Luhe@gmail.com;doctor
4095;Pollyanna;Parette;Pollyanna.Parette@gmail.com;developer
4096;Adore;Clara;Adore.Clara@gmail.com;firefighter
4097;Kalina;Colleen;Kalina.Colleen@gmail.com;worker
4098;Gaylene;Modie;Gaylene.Modie@gmail.com;firefighter
4099;Jordan;Jerold;Jordan.Jerold@gmail.com;firefighter