id;firstname;lastname;email;profession
4100;Flo;Plato;Flo.Plato@gmail.com;doctor
4101;Cyndie;Tristram;Cyndie.Tristram@gmail.com;firefighter
4102;Lynde;Hieronymus;Lynde.Hieronymus@gmail.com;firefighter
4103;Gilda;Hollingsworth;Gilda.Hollingsworth@gmail.com;doctor
4104;Vinita;Hutchison;Vinita.Hutchison@gmail.com;firefighter
4105;Krystle;Dearborn;Krystle.Dearborn@gmail.com;worker
4106;Teriann;Blake;Teriann.Blake@gmail.com;developer
4107;Thalia;Pond;Thalia.Pond@gmail.com;police officer
4108;Belva;Tufts;Belva.Tufts@gmail.com;firefighter
4109;Edyth;Richers;Edyth.Richers@gmail.com;doctor
4110;Quintina;Malanie;Quintina.Malanie@gmail.com;worker
4111;Elyssa;Sabella;Elyssa.Sabella@gmail.com;firefighter
4112;Michaelina;Felizio;Michaelina.Felizio@gmail.com;worker
4113;Kimberley;Skell;Kimberley.Skell@gmail.com;developer
4114;Constance;Francyne;Constance.Francyne@gmail.com;doctor
4115;Halette;Sibyls;Halette.Sibyls@gmail.com;police officer
4116;Paulita;Artie;Paulita.Artie@gmail.com;developer
4117;Xylina;Buffum;Xylina.Buffum@gmail.com;worker
4118;Margarette;Docilla;Margarette.Docilla@gmail.com;firefighter
4119;Tabbatha;Karl;Tabbatha.Karl@gmail.com;firefighter
4120;Nikki;Lane;Nikki.Lane@gmail.com;police officer
4121;Elora;Skurnik;Elora.Skurnik@gmail.com;firefighter
4122;Valeda;Valoniah;Valeda.Valoniah@gmail.com;worker
4123;Eolanda;Neils;Eolanda.Neils@gmail.com;police officer
4124;Gilda;Keily;Gilda.Keily@gmail.com;developer
4125;Ronna;Palocz;Ronna.Palocz@gmail.com;developer
4126;Desirae;Simmonds;Desirae.Simmonds@gmail.com;firefighter
4127;Pierette;Joseph;Pierette.Joseph@gmail.com;doctor
4128;Raf;Stelle;Raf.Stelle@gmail.com;police officer
4129;Tori;Dearborn;Tori.Dearborn@gmail.com;doctor
4130;Sadie;Girardo;Sadie.Girardo@gmail.com;developer
4131;Regina;Bandeen;Regina.Bandeen@gmail.com;developer
4132;Doro;Nunci;Doro.Nunci@gmail.com;police officer
4133;Devina;Kelula;Devina.Kelula@gmail.com;worker
4134;Sallie;Madelene;Sallie.Madelene@gmail.com;firefighter
4135;Riannon;Lamoree;Riannon.Lamoree@gmail.com;developer
4136;Yetty;Lamoree;Yetty.Lamoree@gmail.com;developer
4137;Jan;Bonilla;Jan.Bonilla@gmail.com;doctor
4138;Marylou;Georas;Marylou.Georas@gmail.com;firefighter
4139;Dorice;Pascia;Dorice.Pascia@gmail.com;firefighter
4140;Elie;Ogren;Elie.Ogren@gmail.com;worker
4141;Jeanna;Wolfgram;Jeanna.Wolfgram@gmail.com;police officer
4142;Jessy;Ammann;Jessy.Ammann@gmail.com;doctor
4143;Sybille;Desai;Sybille.Desai@gmail.com;worker
4144;Violet;Ivens;Violet.Ivens@gmail.com;doctor
4145;Talya;Janene;Talya.Janene@gmail.com;firefighter
4146;Kittie;Yam;Kittie.Yam@gmail.com;firefighter
4147;Pamella;Phyllis;Pamella.Phyllis@gmail.com;firefighter
4148;Aryn;Giule;Aryn.Giule@gmail.com;police officer
4149;Alleen;Greyson;Alleen.Greyson@gmail.com;police officer
4150;Gabriellia;Nikaniki;Gabriellia.Nikaniki@gmail.com;worker
4151;Lilith;Wooster;Lilith.Wooster@gmail.com;worker
4152;Margette;Karylin;Margette.Karylin@gmail.com;police officer
4153;Ericka;Harned;Ericka.Harned@gmail.com;developer
4154;Wynne;Medrek;Wynne.Medrek@gmail.com;worker
4155;Ida;Grobe;Ida.Grobe@gmail.com;firefighter
4156;Britni;Cohdwell;Britni.Cohdwell@gmail.com;firefighter
4157;Cacilie;Jeanne;Cacilie.Jeanne@gmail.com;firefighter
4158;Roz;Rogerio;Roz.Rogerio@gmail.com;worker
4159;Gertrud;Alwin;Gertrud.Alwin@gmail.com;firefighter
4160;Danny;Lowry;Danny.Lowry@gmail.com;doctor
4161;Moyna;McCutcheon;Moyna.McCutcheon@gmail.com;developer
4162;Kathy;Garbe;Kathy.Garbe@gmail.com;worker
4163;Dorice;Kauppi;Dorice.Kauppi@gmail.com;firefighter
4164;Moyna;Tillford;Moyna.Tillford@gmail.com;worker
4165;Brana;Thornburg;Brana.Thornburg@gmail.com;developer
4166;Marika;Pattin;Marika.Pattin@gmail.com;police officer
4167;Elbertina;Milde;Elbertina.Milde@gmail.com;developer
4168;Arlina;Abram;Arlina.Abram@gmail.com;police officer
4169;Shel;Stover;Shel.Stover@gmail.com;worker
4170;Odessa;Jacqui;Odessa.Jacqui@gmail.com;worker
4171;Carly;Cynar;Carly.Cynar@gmail.com;police officer
4172;Stephanie;Paton;Stephanie.Paton@gmail.com;doctor
4173;Elyssa;Flita;Elyssa.Flita@gmail.com;developer
4174;Ericka;Seumas;Ericka.Seumas@gmail.com;worker
4175;Kelly;Stilwell;Kelly.Stilwell@gmail.com;doctor
4176;Lilith;Gombach;Lilith.Gombach@gmail.com;doctor
4177;Norine;Daegal;Norine.Daegal@gmail.com;developer
4178;Sindee;Plato;Sindee.Plato@gmail.com;police officer
4179;Dominga;Yuille;Dominga.Yuille@gmail.com;worker
4180;Misha;Brady;Misha.Brady@gmail.com;doctor
4181;Susan;Swigart;Susan.Swigart@gmail.com;worker
4182;Oona;Hebner;Oona.Hebner@gmail.com;developer
4183;Ann-Marie;Soneson;Ann-Marie.Soneson@gmail.com;developer
4184;Fanny;Noelyn;Fanny.Noelyn@gmail.com;developer
4185;Elie;Marisa;Elie.Marisa@gmail.com;worker
4186;Jaime;Hachmin;Jaime.Hachmin@gmail.com;doctor
4187;Nelle;Charmine;Nelle.Charmine@gmail.com;developer
4188;Gwyneth;Albertine;Gwyneth.Albertine@gmail.com;developer
4189;Janeczka;Penelopa;Janeczka.Penelopa@gmail.com;worker
4190;Clo;Brittani;Clo.Brittani@gmail.com;developer
4191;Brandise;Dosia;Brandise.Dosia@gmail.com;doctor
4192;Averyl;Bergman;Averyl.Bergman@gmail.com;police officer
4193;Maud;Longfellow;Maud.Longfellow@gmail.com;developer
4194;Zaria;Redmond;Zaria.Redmond@gmail.com;developer
4195;Mara;Jary;Mara.Jary@gmail.com;doctor
4196;Mignon;Cressida;Mignon.Cressida@gmail.com;developer
4197;Millie;Imelida;Millie.Imelida@gmail.com;firefighter
4198;Regina;Tjon;Regina.Tjon@gmail.com;firefighter
4199;Correy;Pascia;Correy.Pascia@gmail.com;worker
4200;Margalo;Alrich;Margalo.Alrich@gmail.com;firefighter
4201;Ketti;Creamer;Ketti.Creamer@gmail.com;doctor
4202;Angela;Wyn;Angela.Wyn@gmail.com;firefighter
4203;Rosaline;Etom;Rosaline.Etom@gmail.com;police officer
4204;Deane;Phyllis;Deane.Phyllis@gmail.com;developer
4205;Aryn;Aaberg;Aryn.Aaberg@gmail.com;police officer
4206;Cissiee;Japeth;Cissiee.Japeth@gmail.com;doctor
4207;Allyce;Neva;Allyce.Neva@gmail.com;doctor
4208;Justinn;Warthman;Justinn.Warthman@gmail.com;worker
4209;Doralynne;Mike;Doralynne.Mike@gmail.com;developer
4210;Cherrita;Gert;Cherrita.Gert@gmail.com;police officer
4211;Orelia;Lunsford;Orelia.Lunsford@gmail.com;developer
4212;Sue;Raama;Sue.Raama@gmail.com;firefighter
4213;Luci;Rheingold;Luci.Rheingold@gmail.com;developer
4214;Hildegaard;Wilona;Hildegaard.Wilona@gmail.com;developer
4215;Sam;Morgun;Sam.Morgun@gmail.com;worker
4216;Dawn;Bury;Dawn.Bury@gmail.com;worker
4217;Deloria;Aida;Deloria.Aida@gmail.com;police officer
4218;Nelle;Greenwald;Nelle.Greenwald@gmail.com;doctor
4219;Magdalena;Rooney;Magdalena.Rooney@gmail.com;doctor
4220;Ginnie;Jeanne;Ginnie.Jeanne@gmail.com;developer
4221;Asia;Herrera;Asia.Herrera@gmail.com;police officer
4222;Nyssa;Estella;Nyssa.Estella@gmail.com;developer
4223;Elvira;Bari;Elvira.Bari@gmail.com;developer
4224;Jerry;Persse;Jerry.Persse@gmail.com;developer
4225;Kenna;Autrey;Kenna.Autrey@gmail.com;doctor
4226;Annecorinne;Hedve;Annecorinne.Hedve@gmail.com;developer
4227;Agathe;Sharl;Agathe.Sharl@gmail.com;firefighter
4228;Emmey;Irmine;Emmey.Irmine@gmail.com;firefighter
4229;Debee;Oneida;Debee.Oneida@gmail.com;doctor
4230;Joy;Martguerita;Joy.Martguerita@gmail.com;doctor
4231;Jobi;Letsou;Jobi.Letsou@gmail.com;worker
4232;Mireielle;Haerr;Mireielle.Haerr@gmail.com;firefighter
4233;Merrie;Hurley;Merrie.Hurley@gmail.com;worker
4234;Sibella;Fennessy;Sibella.Fennessy@gmail.com;developer
4235;Lusa;Pernick;Lusa.Pernick@gmail.com;worker
4236;Gretal;Ferino;Gretal.Ferino@gmail.com;firefighter
4237;Catrina;Roumell;Catrina.Roumell@gmail.com;doctor
4238;Marti;Gahl;Marti.Gahl@gmail.com;firefighter
4239;Blondelle;Fosque;Blondelle.Fosque@gmail.com;developer
4240;Clo;Hedve;Clo.Hedve@gmail.com;doctor
4241;Albertina;Edmund;Albertina.Edmund@gmail.com;doctor
4242;Sharai;Keelia;Sharai.Keelia@gmail.com;firefighter
4243;Eugine;Regan;Eugine.Regan@gmail.com;doctor
4244;Noelle;Neva;Noelle.Neva@gmail.com;worker
4245;Ira;Libna;Ira.Libna@gmail.com;police officer
4246;Nollie;Mayeda;Nollie.Mayeda@gmail.com;developer
4247;Wendi;Cassius;Wendi.Cassius@gmail.com;doctor
4248;Teddie;Blisse;Teddie.Blisse@gmail.com;worker
4249;Dolli;Kiyoshi;Dolli.Kiyoshi@gmail.com;worker
4250;Frank;Cassius;Frank.Cassius@gmail.com;worker
4251;Suzette;Wu;Suzette.Wu@gmail.com;worker
4252;Edyth;Sadowski;Edyth.Sadowski@gmail.com;doctor
4253;Phylis;Odell;Phylis.Odell@gmail.com;firefighter
4254;Brietta;Faro;Brietta.Faro@gmail.com;police officer
4255;Kylynn;Goode;Kylynn.Goode@gmail.com;worker
4256;Margarette;Byrne;Margarette.Byrne@gmail.com;doctor
4257;Sashenka;Stuart;Sashenka.Stuart@gmail.com;worker
4258;Sheree;Sperling;Sheree.Sperling@gmail.com;police officer
4259;Danika;Brieta;Danika.Brieta@gmail.com;doctor
4260;Joelly;Rheingold;Joelly.Rheingold@gmail.com;worker
4261;Aaren;Malanie;Aaren.Malanie@gmail.com;police officer
4262;Rosaline;Timon;Rosaline.Timon@gmail.com;police officer
4263;Rayna;Old;Rayna.Old@gmail.com;police officer
4264;Kittie;An;Kittie.An@gmail.com;doctor
4265;Shandie;Cassius;Shandie.Cassius@gmail.com;developer
4266;Roz;Christal;Roz.Christal@gmail.com;police officer
4267;Fina;Lorenz;Fina.Lorenz@gmail.com;police officer
4268;Dolli;Hilbert;Dolli.Hilbert@gmail.com;worker
4269;Cherilyn;Vale;Cherilyn.Vale@gmail.com;worker
4270;Agnese;Belanger;Agnese.Belanger@gmail.com;doctor
4271;Binny;Kenney;Binny.Kenney@gmail.com;worker
4272;Olivette;Arvo;Olivette.Arvo@gmail.com;police officer
4273;Kirbee;Peti;Kirbee.Peti@gmail.com;developer
4274;Meghann;Bollay;Meghann.Bollay@gmail.com;firefighter
4275;Trixi;Reneta;Trixi.Reneta@gmail.com;worker
4276;Elsie;Dermott;Elsie.Dermott@gmail.com;worker
4277;Annice;Amasa;Annice.Amasa@gmail.com;developer
4278;Peri;Westphal;Peri.Westphal@gmail.com;worker
4279;Bernie;Kevon;Bernie.Kevon@gmail.com;developer
4280;Tobe;Roscoe;Tobe.Roscoe@gmail.com;doctor
4281;Inga;Loring;Inga.Loring@gmail.com;worker
4282;Berta;Riva;Berta.Riva@gmail.com;police officer
4283;Annora;Neils;Annora.Neils@gmail.com;doctor
4284;Viviene;Anton;Viviene.Anton@gmail.com;worker
4285;Oralee;Phi;Oralee.Phi@gmail.com;police officer
4286;Maye;Ader;Maye.Ader@gmail.com;doctor
4287;Maurene;Lemuela;Maurene.Lemuela@gmail.com;developer
4288;Malina;Mott;Malina.Mott@gmail.com;worker
4289;Bill;Daveta;Bill.Daveta@gmail.com;police officer
4290;Bettine;Concha;Bettine.Concha@gmail.com;doctor
4291;Mireielle;My;Mireielle.My@gmail.com;firefighter
4292;Lory;Brieta;Lory.Brieta@gmail.com;doctor
4293;Kirstin;Amethist;Kirstin.Amethist@gmail.com;doctor
4294;Betta;Granoff;Betta.Granoff@gmail.com;doctor
4295;Adriana;Revkah;Adriana.Revkah@gmail.com;developer
4296;Gale;Lareena;Gale.Lareena@gmail.com;developer
4297;Gloria;Johanna;Gloria.Johanna@gmail.com;firefighter
4298;Madeleine;Linskey;Madeleine.Linskey@gmail.com;developer
4299;Goldie;Halsey;Goldie.Halsey@gmail.com;police officer
4300;Philis;Brenn;Philis.Brenn@gmail.com;firefighter
4301;Gretal;Wu;Gretal.Wu@gmail.com;police officer
4302;Alie;Weinreb;Alie.Weinreb@gmail.com;doctor
4303;Jaclyn;Madelene;Jaclyn.Madelene@gmail.com;police officer
4304;Livvyy;Bari;Livvyy.Bari@gmail.com;doctor
4305;Adriana;Maisey;Adriana.Maisey@gmail.com;firefighter
4306;Dorothy;Milde;Dorothy.Milde@gmail.com;worker
4307;Mureil;Barney;Mureil.Barney@gmail.com;doctor
4308;Benita;Nester;Benita.Nester@gmail.com;firefighter
4309;Florie;Rozanna;Florie.Rozanna@gmail.com;police officer
4310;Jenda;Primalia;Jenda.Primalia@gmail.com;police officer
4311;Teriann;Colbert;Teriann.Colbert@gmail.com;doctor
4312;Shannah;Redmond;Shannah.Redmond@gmail.com;doctor
4313;Goldie;Gaal;Goldie.Gaal@gmail.com;developer
4314;Hayley;Lynn;Hayley.Lynn@gmail.com;developer
4315;Stevana;Adrienne;Stevana.Adrienne@gmail.com;police officer
4316;Aurore;Terencio;Aurore.Terencio@gmail.com;police officer
4317;Gale;Rolf;Gale.Rolf@gmail.com;firefighter
4318;Grier;Cath;Grier.Cath@gmail.com;developer
4319;Amalie;Revkah;Amalie.Revkah@gmail.com;police officer
4320;Cherrita;Laverne;Cherrita.Laverne@gmail.com;developer
4321;Caritta;Odysseus;Caritta.Odysseus@gmail.com;developer
4322;Ivett;Montgomery;Ivett.Montgomery@gmail.com;police officer
4323;Renae;Ashok;Renae.Ashok@gmail.com;police officer
4324;Katuscha;Lail;Katuscha.Lail@gmail.com;police officer
4325;Orelia;Ball;Orelia.Ball@gmail.com;worker
4326;Cristine;Imelida;Cristine.Imelida@gmail.com;firefighter
4327;Kelly;Engdahl;Kelly.Engdahl@gmail.com;doctor
4328;Elvira;Craggie;Elvira.Craggie@gmail.com;worker
4329;Petronia;Adalbert;Petronia.Adalbert@gmail.com;firefighter
4330;Donetta;Urias;Donetta.Urias@gmail.com;doctor
4331;Michaelina;Nelsen;Michaelina.Nelsen@gmail.com;worker
4332;Kaja;Saunderson;Kaja.Saunderson@gmail.com;worker
4333;Eugine;Elvyn;Eugine.Elvyn@gmail.com;worker
4334;Valli;Pulsifer;Valli.Pulsifer@gmail.com;police officer
4335;Vivia;Land;Vivia.Land@gmail.com;worker
4336;Jessamyn;Tiffa;Jessamyn.Tiffa@gmail.com;police officer
4337;Clo;Poll;Clo.Poll@gmail.com;police officer
4338;Amalie;Johnsson;Amalie.Johnsson@gmail.com;firefighter
4339;Dulcinea;Haldas;Dulcinea.Haldas@gmail.com;worker
4340;Tomasina;Merat;Tomasina.Merat@gmail.com;worker
4341;Miquela;Juan;Miquela.Juan@gmail.com;police officer
4342;Larine;McClimans;Larine.McClimans@gmail.com;developer
4343;Binny;Lanita;Binny.Lanita@gmail.com;worker
4344;Marcelline;Corrine;Marcelline.Corrine@gmail.com;doctor
4345;Ronna;Clywd;Ronna.Clywd@gmail.com;doctor
4346;Gwyneth;Rugen;Gwyneth.Rugen@gmail.com;developer
4347;Tierney;Baylor;Tierney.Baylor@gmail.com;police officer
4348;Jean;Danby;Jean.Danby@gmail.com;doctor
4349;Flo;Calhoun;Flo.Calhoun@gmail.com;police officer
4350;Marjie;Tybald;Marjie.Tybald@gmail.com;developer
4351;Sophia;Ortrude;Sophia.Ortrude@gmail.com;doctor
4352;Berta;Kare;Berta.Kare@gmail.com;firefighter
4353;Joelly;Blake;Joelly.Blake@gmail.com;worker
4354;Frances;Waldron;Frances.Waldron@gmail.com;worker
4355;Esmeralda;Penelopa;Esmeralda.Penelopa@gmail.com;firefighter
4356;Pollyanna;Seligman;Pollyanna.Seligman@gmail.com;developer
4357;Gloria;Manolo;Gloria.Manolo@gmail.com;firefighter
4358;Bernie;Destinee;Bernie.Destinee@gmail.com;police officer
4359;Fawne;Solitta;Fawne.Solitta@gmail.com;developer
4360;Hettie;Angelis;Hettie.Angelis@gmail.com;police officer
4361;Lusa;Septima;Lusa.Septima@gmail.com;police officer
4362;Jobi;Trinetta;Jobi.Trinetta@gmail.com;worker
4363;Sindee;Kronfeld;Sindee.Kronfeld@gmail.com;firefighter
4364;Goldie;Hermes;Goldie.Hermes@gmail.com;firefighter
4365;Peri;Llovera;Peri.Llovera@gmail.com;developer
4366;Aryn;Zaslow;Aryn.Zaslow@gmail.com;firefighter
4367;Sissy;Amethist;Sissy.Amethist@gmail.com;worker
4368;Emmey;Olympium;Emmey.Olympium@gmail.com;worker
4369;Brena;Argus;Brena.Argus@gmail.com;doctor
4370;Susan;Allare;Susan.Allare@gmail.com;doctor
4371;Bee;Donell;Bee.Donell@gmail.com;doctor
4372;Jenda;Carolin;Jenda.Carolin@gmail.com;worker
4373;Ethel;Lucienne;Ethel.Lucienne@gmail.com;doctor
4374;Renie;Simmonds;Renie.Simmonds@gmail.com;doctor
4375;Priscilla;Konyn;Priscilla.Konyn@gmail.com;developer
4376;Ivett;Weaks;Ivett.Weaks@gmail.com;developer
4377;Barbi;Wyn;Barbi.Wyn@gmail.com;doctor
4378;Annaliese;Peonir;Annaliese.Peonir@gmail.com;doctor
4379;Genovera;Zenas;Genovera.Zenas@gmail.com;developer
4380;Valli;Erb;Valli.Erb@gmail.com;doctor
4381;Kathy;Cottle;Kathy.Cottle@gmail.com;worker
4382;Sashenka;Vins;Sashenka.Vins@gmail.com;firefighter
4383;Alexine;Camden;Alexine.Camden@gmail.com;police officer
4384;Tera;Lia;Tera.Lia@gmail.com;firefighter
4385;Stacey;Dorothy;Stacey.Dorothy@gmail.com;doctor
4386;Dania;Mott;Dania.Mott@gmail.com;firefighter
4387;Paule;Jena;Paule.Jena@gmail.com;firefighter
4388;Dulce;Hillel;Dulce.Hillel@gmail.com;developer
4389;Adele;Wandie;Adele.Wandie@gmail.com;worker
4390;Myrtice;Mintz;Myrtice.Mintz@gmail.com;developer
4391;Leanna;Sharl;Leanna.Sharl@gmail.com;doctor
4392;Eadie;Talia;Eadie.Talia@gmail.com;firefighter
4393;Anallese;Wenda;Anallese.Wenda@gmail.com;developer
4394;Kamilah;Peonir;Kamilah.Peonir@gmail.com;worker
4395;Neila;Ochs;Neila.Ochs@gmail.com;developer
4396;Clarice;Lymann;Clarice.Lymann@gmail.com;firefighter
4397;Ada;Maiah;Ada.Maiah@gmail.com;developer
4398;Estell;Madaih;Estell.Madaih@gmail.com;worker
4399;Lynde;Hanleigh;Lynde.Hanleigh@gmail.com;police officer
4400;Philis;Pelagias;Philis.Pelagias@gmail.com;firefighter
4401;Edith;Casimir;Edith.Casimir@gmail.com;developer
4402;Benita;Maisey;Benita.Maisey@gmail.com;firefighter
4403;Minne;Bord;Minne.Bord@gmail.com;police officer
4404;Rayna;Cassius;Rayna.Cassius@gmail.com;developer
4405;Darci;Carvey;Darci.Carvey@gmail.com;developer
4406;Florie;Ranjiv;Florie.Ranjiv@gmail.com;developer
4407;Libbie;Seagraves;Libbie.Seagraves@gmail.com;firefighter
4408;Blake;Fitzsimmons;Blake.Fitzsimmons@gmail.com;firefighter
4409;Nerta;Kannry;Nerta.Kannry@gmail.com;firefighter
4410;Dari;Francyne;Dari.Francyne@gmail.com;worker
4411;Isa;Skell;Isa.Skell@gmail.com;doctor
4412;Sindee;Heisel;Sindee.Heisel@gmail.com;developer
4413;Wanda;Howlyn;Wanda.Howlyn@gmail.com;worker
4414;Mildrid;Schlosser;Mildrid.Schlosser@gmail.com;firefighter
4415;Susette;Stevy;Susette.Stevy@gmail.com;firefighter
4416;Genevra;Christine;Genevra.Christine@gmail.com;firefighter
4417;Leontine;Leary;Leontine.Leary@gmail.com;worker
4418;Alia;Christal;Alia.Christal@gmail.com;developer
4419;Meriel;Egbert;Meriel.Egbert@gmail.com;firefighter
4420;Rozele;Cath;Rozele.Cath@gmail.com;developer
4421;Alexine;Lowry;Alexine.Lowry@gmail.com;worker
4422;Lorne;Riva;Lorne.Riva@gmail.com;developer
4423;Vanessa;Ilka;Vanessa.Ilka@gmail.com;worker
4424;Mariann;Cosenza;Mariann.Cosenza@gmail.com;developer
4425;Tatiania;Taam;Tatiania.Taam@gmail.com;developer
4426;Celestyna;Kazimir;Celestyna.Kazimir@gmail.com;doctor
4427;Sara-Ann;Allina;Sara-Ann.Allina@gmail.com;worker
4428;Zondra;Nea;Zondra.Nea@gmail.com;worker
4429;Charlena;Dahlia;Charlena.Dahlia@gmail.com;worker
4430;Fredericka;Wallis;Fredericka.Wallis@gmail.com;firefighter
4431;Celestyna;Marsden;Celestyna.Marsden@gmail.com;developer
4432;Roslyn;Codding;Roslyn.Codding@gmail.com;developer
4433;Louella;Sacken;Louella.Sacken@gmail.com;police officer
4434;Dode;Blase;Dode.Blase@gmail.com;doctor
4435;Cherrita;Imelida;Cherrita.Imelida@gmail.com;worker
4436;Pierette;Justinn;Pierette.Justinn@gmail.com;developer
4437;Charmaine;Schroth;Charmaine.Schroth@gmail.com;developer
4438;Beatriz;Elbertina;Beatriz.Elbertina@gmail.com;doctor
4439;Yvonne;Eckblad;Yvonne.Eckblad@gmail.com;police officer
4440;Hope;Knowling;Hope.Knowling@gmail.com;doctor
4441;Merci;Bivins;Merci.Bivins@gmail.com;police officer
4442;Glynnis;Erich;Glynnis.Erich@gmail.com;firefighter
4443;Dagmar;Firmin;Dagmar.Firmin@gmail.com;police officer
4444;Ebonee;Raffo;Ebonee.Raffo@gmail.com;firefighter
4445;Sidoney;Loeb;Sidoney.Loeb@gmail.com;police officer
4446;Edee;Regan;Edee.Regan@gmail.com;worker
4447;Claudina;Bury;Claudina.Bury@gmail.com;firefighter
4448;Berta;Rolf;Berta.Rolf@gmail.com;firefighter
4449;Alisha;Goddard;Alisha.Goddard@gmail.com;developer
4450;Lorie;Desai;Lorie.Desai@gmail.com;police officer
4451;Henriette;Schonfeld;Henriette.Schonfeld@gmail.com;firefighter
4452;Blake;Kiersten;Blake.Kiersten@gmail.com;police officer
4453;Leanna;Ax;Leanna.Ax@gmail.com;police officer
4454;Neila;Cherianne;Neila.Cherianne@gmail.com;worker
4455;Jordan;Schlosser;Jordan.Schlosser@gmail.com;police officer
4456;Fernande;Marden;Fernande.Marden@gmail.com;worker
4457;Brana;Lumbard;Brana.Lumbard@gmail.com;developer
4458;Catharine;Persse;Catharine.Persse@gmail.com;developer
4459;Moyna;Kalinda;Moyna.Kalinda@gmail.com;doctor
4460;Daune;Margret;Daune.Margret@gmail.com;doctor
4461;Raf;Haerr;Raf.Haerr@gmail.com;police officer
4462;Damaris;Creamer;Damaris.Creamer@gmail.com;firefighter
4463;Sophia;Hull;Sophia.Hull@gmail.com;firefighter
4464;Gianina;Franza;Gianina.Franza@gmail.com;developer
4465;Elka;Bearnard;Elka.Bearnard@gmail.com;developer
4466;Anestassia;Yate;Anestassia.Yate@gmail.com;doctor
4467;Basia;Narton;Basia.Narton@gmail.com;police officer
4468;Gusella;Salchunas;Gusella.Salchunas@gmail.com;worker
4469;Nita;Berard;Nita.Berard@gmail.com;worker
4470;Kirstin;Vittoria;Kirstin.Vittoria@gmail.com;firefighter
4471;Felice;Yerkovich;Felice.Yerkovich@gmail.com;developer
4472;Arlina;Glenden;Arlina.Glenden@gmail.com;worker
4473;Letizia;Wenda;Letizia.Wenda@gmail.com;doctor
4474;Pamella;Beniamino;Pamella.Beniamino@gmail.com;worker
4475;Althea;Tatianas;Althea.Tatianas@gmail.com;doctor
4476;Berget;Anyah;Berget.Anyah@gmail.com;worker
4477;Gale;Lissi;Gale.Lissi@gmail.com;worker
4478;Millie;Philipp;Millie.Philipp@gmail.com;doctor
4479;Kristan;Jehu;Kristan.Jehu@gmail.com;firefighter
4480;Carree;Darrell;Carree.Darrell@gmail.com;firefighter
4481;Maud;Koehler;Maud.Koehler@gmail.com;worker
4482;Deirdre;Peg;Deirdre.Peg@gmail.com;doctor
4483;Melodie;Wandie;Melodie.Wandie@gmail.com;worker
4484;Pamella;Richers;Pamella.Richers@gmail.com;worker
4485;Vanessa;Mozelle;Vanessa.Mozelle@gmail.com;doctor
4486;Ezmeralda;Ade;Ezmeralda.Ade@gmail.com;worker
4487;Di;O'Rourke;Di.O'Rourke@gmail.com;police officer
4488;Blake;Dom;Blake.Dom@gmail.com;firefighter
4489;Dolli;Garrison;Dolli.Garrison@gmail.com;firefighter
4490;Kaia;Stevy;Kaia.Stevy@gmail.com;developer
4491;Millie;Hazlett;Millie.Hazlett@gmail.com;doctor
4492;Carmela;Boycey;Carmela.Boycey@gmail.com;firefighter
4493;Karlee;Wu;Karlee.Wu@gmail.com;worker
4494;Bobbi;Daegal;Bobbi.Daegal@gmail.com;police officer
4495;Marguerite;Bigner;Marguerite.Bigner@gmail.com;worker
4496;Lucy;Caitlin;Lucy.Caitlin@gmail.com;doctor
4497;Lila;Johnsson;Lila.Johnsson@gmail.com;developer
4498;Sonni;Audly;Sonni.Audly@gmail.com;police officer
4499;Wendi;Hamil;Wendi.Hamil@gmail.com;police officer
4500;Aigneis;Silvan;Aigneis.Silvan@gmail.com;firefighter
4501;Ardenia;Carri;Ardenia.Carri@gmail.com;police officer
4502;Sean;Brieta;Sean.Brieta@gmail.com;firefighter
4503;Kerrin;Fredi;Kerrin.Fredi@gmail.com;doctor
4504;Dode;Wenda;Dode.Wenda@gmail.com;doctor
4505;Emilia;Hourigan;Emilia.Hourigan@gmail.com;developer
4506;Petronia;Lasley;Petronia.Lasley@gmail.com;firefighter
4507;Helena;Ciapas;Helena.Ciapas@gmail.com;worker
4508;Ofilia;Arathorn;Ofilia.Arathorn@gmail.com;firefighter
4509;Aigneis;Atonsah;Aigneis.Atonsah@gmail.com;firefighter
4510;Dode;Hutchison;Dode.Hutchison@gmail.com;doctor
4511;Ira;Meli;Ira.Meli@gmail.com;worker
4512;Sharlene;Kesley;Sharlene.Kesley@gmail.com;developer
4513;Darci;Wind;Darci.Wind@gmail.com;police officer
4514;Cristabel;Goth;Cristabel.Goth@gmail.com;firefighter
4515;Corene;Alwin;Corene.Alwin@gmail.com;police officer
4516;Emilia;Nedrud;Emilia.Nedrud@gmail.com;police officer
4517;Kerrin;Slifka;Kerrin.Slifka@gmail.com;firefighter
4518;Paola;Fax;Paola.Fax@gmail.com;developer
4519;Jemie;Kristi;Jemie.Kristi@gmail.com;worker
4520;Isa;Hilbert;Isa.Hilbert@gmail.com;developer
4521;Lynnea;Lamoree;Lynnea.Lamoree@gmail.com;firefighter
4522;Nicoli;Pandolfi;Nicoli.Pandolfi@gmail.com;doctor
4523;Delilah;Plato;Delilah.Plato@gmail.com;police officer
4524;Dotty;Sundin;Dotty.Sundin@gmail.com;firefighter
4525;Augustine;Thema;Augustine.Thema@gmail.com;worker
4526;Penelopa;Hermes;Penelopa.Hermes@gmail.com;firefighter
4527;Aimil;Cassius;Aimil.Cassius@gmail.com;firefighter
4528;Shell;Weaks;Shell.Weaks@gmail.com;doctor
4529;Orelia;Helve;Orelia.Helve@gmail.com;doctor
4530;Mariele;Madelene;Mariele.Madelene@gmail.com;firefighter
4531;Alleen;Dulciana;Alleen.Dulciana@gmail.com;worker
4532;Myrtice;Connelly;Myrtice.Connelly@gmail.com;doctor
4533;Ricky;Lia;Ricky.Lia@gmail.com;worker
4534;Penelopa;Hessler;Penelopa.Hessler@gmail.com;worker
4535;Brooks;Thema;Brooks.Thema@gmail.com;developer
4536;Marsiella;Briney;Marsiella.Briney@gmail.com;worker
4537;Augustine;Haldas;Augustine.Haldas@gmail.com;developer
4538;Valera;Fennessy;Valera.Fennessy@gmail.com;worker
4539;Lory;Gillan;Lory.Gillan@gmail.com;developer
4540;Winifred;Heisel;Winifred.Heisel@gmail.com;firefighter
4541;Dale;Schonfeld;Dale.Schonfeld@gmail.com;worker
4542;Miquela;Huggins;Miquela.Huggins@gmail.com;police officer
4543;Veda;Nedrud;Veda.Nedrud@gmail.com;firefighter
4544;Cassandra;Oriana;Cassandra.Oriana@gmail.com;worker
4545;Taffy;Shelba;Taffy.Shelba@gmail.com;developer
4546;Joy;Talia;Joy.Talia@gmail.com;doctor
4547;Britni;Karl;Britni.Karl@gmail.com;firefighter
4548;Arlena;Chabot;Arlena.Chabot@gmail.com;developer
4549;Cordi;Tomasina;Cordi.Tomasina@gmail.com;police officer
4550;Agathe;Skell;Agathe.Skell@gmail.com;firefighter
4551;Kerrin;Scammon;Kerrin.Scammon@gmail.com;developer
4552;Camile;Anselmi;Camile.Anselmi@gmail.com;firefighter
4553;Silvana;Greyson;Silvana.Greyson@gmail.com;doctor
4554;Melanie;Natalia;Melanie.Natalia@gmail.com;developer
4555;Rivalee;Remmer;Rivalee.Remmer@gmail.com;police officer
4556;Paola;Verger;Paola.Verger@gmail.com;police officer
4557;Vanessa;Karl;Vanessa.Karl@gmail.com;worker
4558;Elise;Rocray;Elise.Rocray@gmail.com;developer
4559;Glynnis;Wallis;Glynnis.Wallis@gmail.com;developer
4560;Gui;Burch;Gui.Burch@gmail.com;developer
4561;Ericka;Rosalba;Ericka.Rosalba@gmail.com;police officer
4562;Petronia;Christine;Petronia.Christine@gmail.com;developer
4563;Coral;Cutlerr;Coral.Cutlerr@gmail.com;developer
4564;Bee;Haymes;Bee.Haymes@gmail.com;doctor
4565;Tressa;An;Tressa.An@gmail.com;police officer
4566;Kassey;Miru;Kassey.Miru@gmail.com;police officer
4567;Edee;Maroney;Edee.Maroney@gmail.com;developer
4568;Kary;Cherianne;Kary.Cherianne@gmail.com;developer
4569;Dennie;Croix;Dennie.Croix@gmail.com;developer
4570;Britni;Cadmar;Britni.Cadmar@gmail.com;firefighter
4571;Corry;Ball;Corry.Ball@gmail.com;firefighter
4572;Tybie;Gillan;Tybie.Gillan@gmail.com;doctor
4573;Frieda;Urias;Frieda.Urias@gmail.com;worker
4574;Amii;Gaal;Amii.Gaal@gmail.com;developer
4575;Jorry;Haerr;Jorry.Haerr@gmail.com;worker
4576;Annice;Gladstone;Annice.Gladstone@gmail.com;doctor
4577;Alisha;Esmaria;Alisha.Esmaria@gmail.com;developer
4578;Elmira;Andrel;Elmira.Andrel@gmail.com;police officer
4579;Minda;Dannye;Minda.Dannye@gmail.com;doctor
4580;Claudina;Ruvolo;Claudina.Ruvolo@gmail.com;police officer
4581;Bobbi;Malvino;Bobbi.Malvino@gmail.com;developer
4582;Ricky;Tybald;Ricky.Tybald@gmail.com;developer
4583;Arlena;Sholley;Arlena.Sholley@gmail.com;developer
4584;Marika;Schenck;Marika.Schenck@gmail.com;worker
4585;Annaliese;Brieta;Annaliese.Brieta@gmail.com;firefighter
4586;Alie;Poppy;Alie.Poppy@gmail.com;developer
4587;Ezmeralda;Levey;Ezmeralda.Levey@gmail.com;police officer
4588;Mady;Lacombe;Mady.Lacombe@gmail.com;developer
4589;Iseabal;Sekofski;Iseabal.Sekofski@gmail.com;firefighter
4590;Carlie;Jenness;Carlie.Jenness@gmail.com;doctor
4591;Lizzie;Pozzy;Lizzie.Pozzy@gmail.com;firefighter
4592;Norine;Adamsen;Norine.Adamsen@gmail.com;worker
4593;Elvira;Beniamino;Elvira.Beniamino@gmail.com;worker
4594;Ezmeralda;Hylan;Ezmeralda.Hylan@gmail.com;worker
4595;Olwen;Dyche;Olwen.Dyche@gmail.com;developer
4596;Sharai;Giule;Sharai.Giule@gmail.com;firefighter
4597;Dennie;Buttaro;Dennie.Buttaro@gmail.com;worker
4598;Isa;Shanley;Isa.Shanley@gmail.com;police officer
4599;Alex;Doig;Alex.Doig@gmail.com;firefighter
4600;Shell;Goddard;Shell.Goddard@gmail.com;firefighter
4601;Drucie;Melleta;Drucie.Melleta@gmail.com;worker
4602;Frieda;Laurianne;Frieda.Laurianne@gmail.com;firefighter
4603;Cecile;Bouchard;Cecile.Bouchard@gmail.com;developer
4604;Consuela;Fiester;Consuela.Fiester@gmail.com;doctor
4605;Correy;Rhu;Correy.Rhu@gmail.com;police officer
4606;Althea;Valerio;Althea.Valerio@gmail.com;worker
4607;Tatiania;Bollay;Tatiania.Bollay@gmail.com;police officer
4608;Pollyanna;Mauer;Pollyanna.Mauer@gmail.com;worker
4609;Ilse;Candy;Ilse.Candy@gmail.com;police officer
4610;Rhea;Lynn;Rhea.Lynn@gmail.com;police officer
4611;Max;Tristram;Max.Tristram@gmail.com;police officer
4612;Rhea;Kelula;Rhea.Kelula@gmail.com;firefighter
4613;Ileana;Donell;Ileana.Donell@gmail.com;worker
4614;Catrina;Mandler;Catrina.Mandler@gmail.com;worker
4615;Catharine;Engdahl;Catharine.Engdahl@gmail.com;developer
4616;Barbara;Eno;Barbara.Eno@gmail.com;doctor
4617;Gratia;Barrus;Gratia.Barrus@gmail.com;doctor
4618;Isa;Colbert;Isa.Colbert@gmail.com;worker
4619;Oona;Nance;Oona.Nance@gmail.com;police officer
4620;Cyb;Louanna;Cyb.Louanna@gmail.com;police officer
4621;Lita;Turne;Lita.Turne@gmail.com;firefighter
4622;Suzette;Tyson;Suzette.Tyson@gmail.com;developer
4623;Cassandra;Anderea;Cassandra.Anderea@gmail.com;developer
4624;Kirstin;Dex;Kirstin.Dex@gmail.com;developer
4625;Dione;Kenwood;Dione.Kenwood@gmail.com;developer
4626;Chandra;Bendick;Chandra.Bendick@gmail.com;firefighter
4627;Alyda;Moseley;Alyda.Moseley@gmail.com;worker
4628;Joelly;Elo;Joelly.Elo@gmail.com;developer
4629;Tonia;Shama;Tonia.Shama@gmail.com;firefighter
4630;Stephanie;Nerita;Stephanie.Nerita@gmail.com;firefighter
4631;Nelle;Stoller;Nelle.Stoller@gmail.com;firefighter
4632;Cathyleen;Rurik;Cathyleen.Rurik@gmail.com;worker
4633;Theodora;Alisia;Theodora.Alisia@gmail.com;developer
4634;Blondelle;Goerke;Blondelle.Goerke@gmail.com;developer
4635;Suzette;Himelman;Suzette.Himelman@gmail.com;worker
4636;Nadine;Marsden;Nadine.Marsden@gmail.com;police officer
4637;Liana;Zaslow;Liana.Zaslow@gmail.com;developer
4638;Dode;Frendel;Dode.Frendel@gmail.com;worker
4639;Dode;Noelyn;Dode.Noelyn@gmail.com;firefighter
4640;Letizia;Mullane;Letizia.Mullane@gmail.com;doctor
4641;Lanae;O'Carroll;Lanae.O'Carroll@gmail.com;developer
4642;Cathie;Greenwald;Cathie.Greenwald@gmail.com;developer
4643;Melanie;Pozzy;Melanie.Pozzy@gmail.com;police officer
4644;Delilah;Sammons;Delilah.Sammons@gmail.com;worker
4645;Helena;Wenoa;Helena.Wenoa@gmail.com;police officer
4646;Cam;Bivins;Cam.Bivins@gmail.com;worker
4647;Winifred;Dunkin;Winifred.Dunkin@gmail.com;developer
4648;Nickie;Chapland;Nickie.Chapland@gmail.com;firefighter
4649;Marjie;Poppy;Marjie.Poppy@gmail.com;police officer
4650;Basia;Martsen;Basia.Martsen@gmail.com;developer
4651;Allis;Deegan;Allis.Deegan@gmail.com;police officer
4652;Augustine;Ruvolo;Augustine.Ruvolo@gmail.com;firefighter
4653;Ann-Marie;Abbot;Ann-Marie.Abbot@gmail.com;police officer
4654;Elka;Eachern;Elka.Eachern@gmail.com;worker
4655;Juliane;Christal;Juliane.Christal@gmail.com;doctor
4656;Clementine;Loeb;Clementine.Loeb@gmail.com;police officer
4657;Deane;Ball;Deane.Ball@gmail.com;firefighter
4658;Ivett;Egbert;Ivett.Egbert@gmail.com;firefighter
4659;Jasmina;Morrill;Jasmina.Morrill@gmail.com;doctor
4660;Wanda;Fosque;Wanda.Fosque@gmail.com;developer
4661;Hermione;Chesna;Hermione.Chesna@gmail.com;developer
4662;Gavrielle;Stilwell;Gavrielle.Stilwell@gmail.com;worker
4663;Sissy;Gherardo;Sissy.Gherardo@gmail.com;doctor
4664;Nadine;Margarete;Nadine.Margarete@gmail.com;worker
4665;Fina;Mitzi;Fina.Mitzi@gmail.com;doctor
4666;Binny;Sundin;Binny.Sundin@gmail.com;police officer
4667;Dulcinea;Martsen;Dulcinea.Martsen@gmail.com;police officer
4668;Ingrid;Himelman;Ingrid.Himelman@gmail.com;doctor
4669;Madelle;Weaks;Madelle.Weaks@gmail.com;worker
4670;Fidelia;Stilwell;Fidelia.Stilwell@gmail.com;police officer
4671;Eolanda;Artie;Eolanda.Artie@gmail.com;firefighter
4672;Dianemarie;Corilla;Dianemarie.Corilla@gmail.com;doctor
4673;Tressa;Candy;Tressa.Candy@gmail.com;doctor
4674;Briney;Silvan;Briney.Silvan@gmail.com;firefighter
4675;Nannie;Corrine;Nannie.Corrine@gmail.com;doctor
4676;Lexine;Ietta;Lexine.Ietta@gmail.com;police officer
4677;Harrietta;Florina;Harrietta.Florina@gmail.com;police officer
4678;Christal;Leifeste;Christal.Leifeste@gmail.com;doctor
4679;Sherrie;Lesley;Sherrie.Lesley@gmail.com;doctor
4680;Shell;Honoria;Shell.Honoria@gmail.com;developer
4681;Shaine;Ader;Shaine.Ader@gmail.com;doctor
4682;Anestassia;Jehu;Anestassia.Jehu@gmail.com;doctor
4683;Tilly;Kronfeld;Tilly.Kronfeld@gmail.com;police officer
4684;Abbie;Birdella;Abbie.Birdella@gmail.com;police officer
4685;Silvana;Jerald;Silvana.Jerald@gmail.com;doctor
4686;Mallory;Redmond;Mallory.Redmond@gmail.com;developer
4687;Hollie;Brunell;Hollie.Brunell@gmail.com;doctor
4688;Gale;Graig;Gale.Graig@gmail.com;police officer
4689;Deedee;Hoban;Deedee.Hoban@gmail.com;doctor
4690;Brooks;Kenwood;Brooks.Kenwood@gmail.com;worker
4691;Corly;Kelula;Corly.Kelula@gmail.com;doctor
4692;Karly;Garbe;Karly.Garbe@gmail.com;developer
4693;Hyacinthe;Berard;Hyacinthe.Berard@gmail.com;police officer
4694;Belva;Hoenack;Belva.Hoenack@gmail.com;firefighter
4695;Vinita;Adrienne;Vinita.Adrienne@gmail.com;firefighter
4696;Gisela;Michella;Gisela.Michella@gmail.com;doctor
4697;Kelly;Buckler;Kelly.Buckler@gmail.com;developer
4698;Ekaterina;Land;Ekaterina.Land@gmail.com;developer
4699;Adelle;Reinke;Adelle.Reinke@gmail.com;developer
4700;Jillayne;Sidonius;Jillayne.Sidonius@gmail.com;worker
4701;Karena;Maribeth;Karena.Maribeth@gmail.com;developer
4702;Layla;Primalia;Layla.Primalia@gmail.com;developer
4703;Elmira;Koehler;Elmira.Koehler@gmail.com;firefighter
4704;Meriel;Isacco;Meriel.Isacco@gmail.com;police officer
4705;Nerta;Creamer;Nerta.Creamer@gmail.com;doctor
4706;Pollyanna;Tippets;Pollyanna.Tippets@gmail.com;developer
4707;Mamie;Kenney;Mamie.Kenney@gmail.com;police officer
4708;Hallie;Gaal;Hallie.Gaal@gmail.com;developer
4709;Di;Nerita;Di.Nerita@gmail.com;worker
4710;Amelia;Swanhildas;Amelia.Swanhildas@gmail.com;firefighter
4711;Kore;Garrison;Kore.Garrison@gmail.com;doctor
4712;Kelly;Gilmour;Kelly.Gilmour@gmail.com;police officer
4713;Elyssa;Ventre;Elyssa.Ventre@gmail.com;police officer
4714;Raf;Mitzi;Raf.Mitzi@gmail.com;worker
4715;Roz;Zetta;Roz.Zetta@gmail.com;police officer
4716;Hope;Jacqui;Hope.Jacqui@gmail.com;developer
4717;Karina;Slifka;Karina.Slifka@gmail.com;firefighter
4718;Katuscha;Smitt;Katuscha.Smitt@gmail.com;doctor
4719;Nanete;Zeeba;Nanete.Zeeba@gmail.com;firefighter
4720;Ulrike;Melan;Ulrike.Melan@gmail.com;developer
4721;Elbertina;Iphlgenia;Elbertina.Iphlgenia@gmail.com;firefighter
4722;Elka;Girardo;Elka.Girardo@gmail.com;developer
4723;Constance;Giff;Constance.Giff@gmail.com;firefighter
4724;Max;Darian;Max.Darian@gmail.com;worker
4725;Xylina;Christal;Xylina.Christal@gmail.com;firefighter
4726;Joleen;Joseph;Joleen.Joseph@gmail.com;firefighter
4727;Cyb;Niccolo;Cyb.Niccolo@gmail.com;firefighter
4728;Ermengarde;Chrystel;Ermengarde.Chrystel@gmail.com;firefighter
4729;Marika;Helve;Marika.Helve@gmail.com;doctor
4730;Tabbatha;Colleen;Tabbatha.Colleen@gmail.com;police officer
4731;Marti;Swanhildas;Marti.Swanhildas@gmail.com;police officer
4732;Ann-Marie;Darbie;Ann-Marie.Darbie@gmail.com;firefighter
4733;Elena;Ackerley;Elena.Ackerley@gmail.com;developer
4734;Genevra;Bryna;Genevra.Bryna@gmail.com;firefighter
4735;Elmira;Hillel;Elmira.Hillel@gmail.com;doctor
4736;Ruthe;Maroney;Ruthe.Maroney@gmail.com;firefighter
4737;Gertrud;Philipp;Gertrud.Philipp@gmail.com;worker
4738;Clary;Odell;Clary.Odell@gmail.com;doctor
4739;Alie;Cherianne;Alie.Cherianne@gmail.com;developer
4740;Gusella;Even;Gusella.Even@gmail.com;doctor
4741;Ellette;Christal;Ellette.Christal@gmail.com;worker
4742;Starla;Goddard;Starla.Goddard@gmail.com;doctor
4743;Rayna;Ummersen;Rayna.Ummersen@gmail.com;worker
4744;Marguerite;Dorothy;Marguerite.Dorothy@gmail.com;worker
4745;Viki;Schroth;Viki.Schroth@gmail.com;developer
4746;Chere;Gahl;Chere.Gahl@gmail.com;firefighter
4747;Aubrie;Lunsford;Aubrie.Lunsford@gmail.com;developer
4748;Jillayne;Willie;Jillayne.Willie@gmail.com;doctor
4749;Constance;Leonard;Constance.Leonard@gmail.com;worker
4750;Konstance;Shama;Konstance.Shama@gmail.com;doctor
4751;Renie;Hubert;Renie.Hubert@gmail.com;firefighter
4752;Katharina;Fleeta;Katharina.Fleeta@gmail.com;doctor
4753;Binny;Septima;Binny.Septima@gmail.com;police officer
4754;Hyacinthe;Tatianas;Hyacinthe.Tatianas@gmail.com;developer
4755;Jerry;Tryck;Jerry.Tryck@gmail.com;worker
4756;Raina;Malvino;Raina.Malvino@gmail.com;worker
4757;Consuela;Eben;Consuela.Eben@gmail.com;worker
4758;Jacenta;Gilbertson;Jacenta.Gilbertson@gmail.com;worker
4759;Fayre;Whiffen;Fayre.Whiffen@gmail.com;police officer
4760;Zaria;Zola;Zaria.Zola@gmail.com;police officer
4761;Lucille;Durware;Lucille.Durware@gmail.com;worker
4762;Abbie;Monaco;Abbie.Monaco@gmail.com;doctor
4763;Dulcinea;McNully;Dulcinea.McNully@gmail.com;doctor
4764;Andeee;Desai;Andeee.Desai@gmail.com;doctor
4765;Amelia;Hanshaw;Amelia.Hanshaw@gmail.com;worker
4766;Dorice;Ailyn;Dorice.Ailyn@gmail.com;police officer
4767;Imojean;Mike;Imojean.Mike@gmail.com;firefighter
4768;Dominga;Tacye;Dominga.Tacye@gmail.com;worker
4769;Shell;Jagir;Shell.Jagir@gmail.com;police officer
4770;Ginnie;Adore;Ginnie.Adore@gmail.com;police officer
4771;Melina;Stevy;Melina.Stevy@gmail.com;doctor
4772;Bobbi;Bartlett;Bobbi.Bartlett@gmail.com;police officer
4773;Jacquetta;Sherrie;Jacquetta.Sherrie@gmail.com;police officer
4774;Aurore;Garrison;Aurore.Garrison@gmail.com;doctor
4775;Inga;Kirstin;Inga.Kirstin@gmail.com;developer
4776;Camile;Trey;Camile.Trey@gmail.com;doctor
4777;Carly;Yoko;Carly.Yoko@gmail.com;police officer
4778;Ilse;Donoghue;Ilse.Donoghue@gmail.com;worker
4779;Mireielle;Anestassia;Mireielle.Anestassia@gmail.com;doctor
4780;Pollyanna;Tice;Pollyanna.Tice@gmail.com;doctor
4781;Maisey;Forrer;Maisey.Forrer@gmail.com;worker
4782;Eadie;Ahab;Eadie.Ahab@gmail.com;doctor
4783;Tomasina;Tice;Tomasina.Tice@gmail.com;developer
4784;Anallese;Fosque;Anallese.Fosque@gmail.com;developer
4785;Carlie;Lane;Carlie.Lane@gmail.com;developer
4786;Elie;Poll;Elie.Poll@gmail.com;developer
4787;Nerta;Newell;Nerta.Newell@gmail.com;firefighter
4788;Perry;Hubert;Perry.Hubert@gmail.com;firefighter
4789;Georgina;Voletta;Georgina.Voletta@gmail.com;police officer
4790;Lorne;Velick;Lorne.Velick@gmail.com;developer
4791;Alleen;Ramona;Alleen.Ramona@gmail.com;police officer
4792;Shell;Vharat;Shell.Vharat@gmail.com;worker
4793;Angela;Junie;Angela.Junie@gmail.com;doctor
4794;Sidoney;Arne;Sidoney.Arne@gmail.com;doctor
4795;Lindie;Swigart;Lindie.Swigart@gmail.com;doctor
4796;Shannah;Croix;Shannah.Croix@gmail.com;police officer
4797;Karly;Euridice;Karly.Euridice@gmail.com;firefighter
4798;Minne;Silvan;Minne.Silvan@gmail.com;doctor
4799;Zia;Concha;Zia.Concha@gmail.com;police officer
4800;Debee;Ahab;Debee.Ahab@gmail.com;doctor
4801;Ermengarde;Ashely;Ermengarde.Ashely@gmail.com;developer
4802;Nadine;Callista;Nadine.Callista@gmail.com;developer
4803;Nariko;Concha;Nariko.Concha@gmail.com;police officer
4804;Selma;Boycey;Selma.Boycey@gmail.com;police officer
4805;Rubie;Cath;Rubie.Cath@gmail.com;doctor
4806;Elise;Bibi;Elise.Bibi@gmail.com;doctor
4807;Tori;Jess;Tori.Jess@gmail.com;developer
4808;Ardys;Gherardo;Ardys.Gherardo@gmail.com;police officer
4809;Melisent;Mathilde;Melisent.Mathilde@gmail.com;doctor
4810;Chastity;Ietta;Chastity.Ietta@gmail.com;worker
4811;Calla;Colyer;Calla.Colyer@gmail.com;police officer
4812;Kellen;Aaberg;Kellen.Aaberg@gmail.com;doctor
4813;Lorie;Alcott;Lorie.Alcott@gmail.com;doctor
4814;Sibella;Mauer;Sibella.Mauer@gmail.com;worker
4815;Hope;Pelagias;Hope.Pelagias@gmail.com;worker
4816;Jasmina;Meter;Jasmina.Meter@gmail.com;police officer
4817;Kamilah;Letsou;Kamilah.Letsou@gmail.com;developer
4818;Caritta;Janene;Caritta.Janene@gmail.com;worker
4819;Starla;Girardo;Starla.Girardo@gmail.com;worker
4820;Bill;Wolfgram;Bill.Wolfgram@gmail.com;police officer
4821;Janeczka;Hanshaw;Janeczka.Hanshaw@gmail.com;police officer
4822;Edee;Verger;Edee.Verger@gmail.com;police officer
4823;Donetta;Terrence;Donetta.Terrence@gmail.com;developer
4824;Alex;Craggie;Alex.Craggie@gmail.com;developer
4825;Christian;Goldina;Christian.Goldina@gmail.com;police officer
4826;Ruthe;Ellord;Ruthe.Ellord@gmail.com;firefighter
4827;Sonni;Johanna;Sonni.Johanna@gmail.com;worker
4828;Aigneis;Riordan;Aigneis.Riordan@gmail.com;doctor
4829;Hallie;Desai;Hallie.Desai@gmail.com;firefighter
4830;Madeleine;Lunsford;Madeleine.Lunsford@gmail.com;developer
4831;Genovera;Hachmin;Genovera.Hachmin@gmail.com;doctor
4832;Ricky;Chem;Ricky.Chem@gmail.com;worker
4833;Orelia;Thunell;Orelia.Thunell@gmail.com;police officer
4834;Catrina;Larochelle;Catrina.Larochelle@gmail.com;worker
4835;Sibella;Luhe;Sibella.Luhe@gmail.com;police officer
4836;Marika;Ade;Marika.Ade@gmail.com;firefighter
4837;Konstance;Narton;Konstance.Narton@gmail.com;firefighter
4838;Elfreda;Sheng;Elfreda.Sheng@gmail.com;developer
4839;Imojean;Stacy;Imojean.Stacy@gmail.com;doctor
4840;Neila;Eno;Neila.Eno@gmail.com;firefighter
4841;Kellen;Michella;Kellen.Michella@gmail.com;developer
4842;Britte;Shelba;Britte.Shelba@gmail.com;firefighter
4843;Moyna;Hilbert;Moyna.Hilbert@gmail.com;firefighter
4844;Melanie;Corabella;Melanie.Corabella@gmail.com;developer
4845;Evita;Maples;Evita.Maples@gmail.com;firefighter
4846;Georgina;Tannie;Georgina.Tannie@gmail.com;doctor
4847;Morganica;Phi;Morganica.Phi@gmail.com;doctor
4848;Kary;Chabot;Kary.Chabot@gmail.com;firefighter
4849;Betta;Rolf;Betta.Rolf@gmail.com;police officer
4850;Delilah;Ulphia;Delilah.Ulphia@gmail.com;developer
4851;Michaelina;Merriott;Michaelina.Merriott@gmail.com;police officer
4852;Fredericka;Gerge;Fredericka.Gerge@gmail.com;worker
4853;Paulita;Raul;Paulita.Raul@gmail.com;police officer
4854;Sidoney;Chabot;Sidoney.Chabot@gmail.com;doctor
4855;Maurene;Arley;Maurene.Arley@gmail.com;worker
4856;Millie;Adore;Millie.Adore@gmail.com;developer
4857;Janis;Barrus;Janis.Barrus@gmail.com;firefighter
4858;Philis;Gahl;Philis.Gahl@gmail.com;doctor
4859;Zia;Bonilla;Zia.Bonilla@gmail.com;firefighter
4860;Dulcinea;Tice;Dulcinea.Tice@gmail.com;doctor
4861;Dorothy;Grosz;Dorothy.Grosz@gmail.com;police officer
4862;Kathi;Sikorski;Kathi.Sikorski@gmail.com;police officer
4863;Yolane;Charity;Yolane.Charity@gmail.com;worker
4864;Consuela;Carri;Consuela.Carri@gmail.com;worker
4865;Marika;Rustice;Marika.Rustice@gmail.com;firefighter
4866;Charlena;Hachmin;Charlena.Hachmin@gmail.com;worker
4867;Annice;Arathorn;Annice.Arathorn@gmail.com;firefighter
4868;Petronia;Mayeda;Petronia.Mayeda@gmail.com;firefighter
4869;Amalie;Chick;Amalie.Chick@gmail.com;police officer
4870;Silvana;Holtz;Silvana.Holtz@gmail.com;police officer
4871;Shauna;Mallon;Shauna.Mallon@gmail.com;worker
4872;Tami;Scammon;Tami.Scammon@gmail.com;worker
4873;Florencia;Clara;Florencia.Clara@gmail.com;doctor
4874;Laure;Thema;Laure.Thema@gmail.com;worker
4875;Eve;Adlare;Eve.Adlare@gmail.com;police officer
4876;Chere;Cordi;Chere.Cordi@gmail.com;developer
4877;Joleen;Rurik;Joleen.Rurik@gmail.com;firefighter
4878;Jerry;Loleta;Jerry.Loleta@gmail.com;doctor
4879;Silvana;Elsinore;Silvana.Elsinore@gmail.com;police officer
4880;Cordi;Ehrman;Cordi.Ehrman@gmail.com;worker
4881;Di;Decato;Di.Decato@gmail.com;worker
4882;Allyce;Gamaliel;Allyce.Gamaliel@gmail.com;doctor
4883;Mellicent;Lindemann;Mellicent.Lindemann@gmail.com;developer
4884;Maisey;Susannah;Maisey.Susannah@gmail.com;developer
4885;Danika;Mata;Danika.Mata@gmail.com;police officer
4886;Alisha;Holbrook;Alisha.Holbrook@gmail.com;firefighter
4887;Layla;Pierette;Layla.Pierette@gmail.com;developer
4888;Morganica;Zola;Morganica.Zola@gmail.com;doctor
4889;Clo;Ogren;Clo.Ogren@gmail.com;firefighter
4890;Kate;Klotz;Kate.Klotz@gmail.com;doctor
4891;Sindee;Robertson;Sindee.Robertson@gmail.com;police officer
4892;Margalo;Stilwell;Margalo.Stilwell@gmail.com;developer
4893;Donnie;Loleta;Donnie.Loleta@gmail.com;police officer
4894;Tonia;Rudolph;Tonia.Rudolph@gmail.com;developer
4895;Dyann;Lilas;Dyann.Lilas@gmail.com;developer
4896;Pamella;Poppy;Pamella.Poppy@gmail.com;police officer
4897;Dorene;Pozzy;Dorene.Pozzy@gmail.com;developer
4898;Kore;Adore;Kore.Adore@gmail.com;worker
4899;Correy;Tamsky;Correy.Tamsky@gmail.com;worker
4900;Nadine;Colyer;Nadine.Colyer@gmail.com;developer
4901;Leanna;Vittoria;Leanna.Vittoria@gmail.com;doctor
4902;June;Rosalba;June.Rosalba@gmail.com;police officer
4903;Judy;Carey;Judy.Carey@gmail.com;firefighter
4904;Lusa;Cordi;Lusa.Cordi@gmail.com;firefighter
4905;Gerrie;Colbert;Gerrie.Colbert@gmail.com;police officer
4906;Aaren;Pierette;Aaren.Pierette@gmail.com;doctor
4907;Marsiella;Read;Marsiella.Read@gmail.com;doctor
4908;Addia;Hurley;Addia.Hurley@gmail.com;firefighter
4909;Yvonne;Liva;Yvonne.Liva@gmail.com;firefighter
4910;Hermione;Janene;Hermione.Janene@gmail.com;firefighter
4911;Nollie;Kress;Nollie.Kress@gmail.com;worker
4912;Ebonee;Sidonius;Ebonee.Sidonius@gmail.com;police officer
4913;Maryellen;Elisha;Maryellen.Elisha@gmail.com;developer
4914;Hildegaard;Standing;Hildegaard.Standing@gmail.com;doctor
4915;Edee;Halsey;Edee.Halsey@gmail.com;doctor
4916;Aurore;Valerio;Aurore.Valerio@gmail.com;worker
4917;Clarice;Kenney;Clarice.Kenney@gmail.com;worker
4918;Lila;Heidt;Lila.Heidt@gmail.com;police officer
4919;Sean;Monaco;Sean.Monaco@gmail.com;doctor
4920;Brena;Hoban;Brena.Hoban@gmail.com;developer
4921;Glynnis;Elbertina;Glynnis.Elbertina@gmail.com;worker
4922;Marylou;Weitman;Marylou.Weitman@gmail.com;doctor
4923;Grier;Lorain;Grier.Lorain@gmail.com;worker
4924;Sidoney;Evvie;Sidoney.Evvie@gmail.com;worker
4925;Almeta;Kravits;Almeta.Kravits@gmail.com;worker
4926;Leontine;Kaete;Leontine.Kaete@gmail.com;worker
4927;Amalie;Munn;Amalie.Munn@gmail.com;doctor
4928;Inga;Aida;Inga.Aida@gmail.com;firefighter
4929;Mary;Papageno;Mary.Papageno@gmail.com;doctor
4930;Kristina;Carey;Kristina.Carey@gmail.com;developer
4931;Roseline;Mendez;Roseline.Mendez@gmail.com;doctor
4932;Tamqrah;Fontana;Tamqrah.Fontana@gmail.com;developer
4933;Chastity;Regan;Chastity.Regan@gmail.com;firefighter
4934;Lacie;Loring;Lacie.Loring@gmail.com;police officer
4935;Almeta;Tarrant;Almeta.Tarrant@gmail.com;developer
4936;Gratia;Phyllis;Gratia.Phyllis@gmail.com;doctor
4937;Grier;Fiann;Grier.Fiann@gmail.com;firefighter
4938;Marjie;Jefferey;Marjie.Jefferey@gmail.com;police officer
4939;Gwenneth;Christal;Gwenneth.Christal@gmail.com;worker
4940;Shaylyn;Hourigan;Shaylyn.Hourigan@gmail.com;firefighter
4941;Allis;Peti;Allis.Peti@gmail.com;police officer
4942;Anthia;Izaak;Anthia.Izaak@gmail.com;firefighter
4943;Gaylene;Pip;Gaylene.Pip@gmail.com;developer
4944;Lanae;Kosey;Lanae.Kosey@gmail.com;police officer
4945;Fanny;Sophronia;Fanny.Sophronia@gmail.com;developer
4946;Britte;Thema;Britte.Thema@gmail.com;developer
4947;Pearline;Jagir;Pearline.Jagir@gmail.com;police officer
4948;Maud;Rolf;Maud.Rolf@gmail.com;firefighter
4949;Christian;Harned;Christian.Harned@gmail.com;firefighter
4950;Gerrie;Raseda;Gerrie.Raseda@gmail.com;worker
4951;Mariele;Llovera;Mariele.Llovera@gmail.com;doctor
4952;Roberta;Chapland;Roberta.Chapland@gmail.com;firefighter
4953;Adele;Shama;Adele.Shama@gmail.com;police officer
4954;Wileen;Lia;Wileen.Lia@gmail.com;firefighter
4955;Gianina;Hilbert;Gianina.Hilbert@gmail.com;worker
4956;Willetta;Sekofski;Willetta.Sekofski@gmail.com;doctor
4957;Isa;Bahr;Isa.Bahr@gmail.com;developer
4958;Taffy;Guthrie;Taffy.Guthrie@gmail.com;doctor
4959;Valera;Kermit;Valera.Kermit@gmail.com;developer
4960;Christian;O'Neill;Christian.O'Neill@gmail.com;developer
4961;Ekaterina;Love;Ekaterina.Love@gmail.com;developer
4962;Beverley;Lindemann;Beverley.Lindemann@gmail.com;doctor
4963;Thalia;Linskey;Thalia.Linskey@gmail.com;developer
4964;Tiffie;Hashim;Tiffie.Hashim@gmail.com;police officer
4965;Kristina;Audly;Kristina.Audly@gmail.com;police officer
4966;Dione;Olin;Dione.Olin@gmail.com;firefighter
4967;Debee;Rustice;Debee.Rustice@gmail.com;police officer
4968;Jerry;Erich;Jerry.Erich@gmail.com;police officer
4969;Pearline;Center;Pearline.Center@gmail.com;doctor
4970;Susan;Torray;Susan.Torray@gmail.com;police officer
4971;Gretal;Bertold;Gretal.Bertold@gmail.com;doctor
4972;Jessy;Darian;Jessy.Darian@gmail.com;firefighter
4973;Catrina;Vilma;Catrina.Vilma@gmail.com;worker
4974;Evita;Charity;Evita.Charity@gmail.com;doctor
4975;Kylynn;Gaulin;Kylynn.Gaulin@gmail.com;police officer
4976;Beatriz;Dannye;Beatriz.Dannye@gmail.com;police officer
4977;Lisette;Ralfston;Lisette.Ralfston@gmail.com;police officer
4978;Raquela;Fiann;Raquela.Fiann@gmail.com;police officer
4979;Grier;Brieta;Grier.Brieta@gmail.com;firefighter
4980;Sarette;Cottle;Sarette.Cottle@gmail.com;firefighter
4981;Lacie;Tybald;Lacie.Tybald@gmail.com;doctor
4982;Annaliese;Ephrem;Annaliese.Ephrem@gmail.com;worker
4983;Hyacinthe;Durware;Hyacinthe.Durware@gmail.com;doctor
4984;Tani;Ietta;Tani.Ietta@gmail.com;doctor
4985;Flo;Callista;Flo.Callista@gmail.com;worker
4986;Kore;McLaughlin;Kore.McLaughlin@gmail.com;police officer
4987;Lusa;Lamoree;Lusa.Lamoree@gmail.com;worker
4988;Mellicent;Harned;Mellicent.Harned@gmail.com;firefighter
4989;Antonietta;Charmine;Antonietta.Charmine@gmail.com;doctor
4990;Kirbee;Rossner;Kirbee.Rossner@gmail.com;police officer
4991;Tani;Love;Tani.Love@gmail.com;developer
4992;Julieta;Ardeha;Julieta.Ardeha@gmail.com;worker
4993;Camile;Kaete;Camile.Kaete@gmail.com;doctor
4994;Janis;Corilla;Janis.Corilla@gmail.com;firefighter
4995;Rosaline;Diann;Rosaline.Diann@gmail.com;developer
4996;Berget;Thema;Berget.Thema@gmail.com;worker
4997;Flo;Gillan;Flo.Gillan@gmail.com;worker
4998;Priscilla;Isidore;Priscilla.Isidore@gmail.com;worker
4999;Maridel;Fleeta;Maridel.Fleeta@gmail.com;firefighter
5000;Esmeralda;August;Esmeralda.August@gmail.com;firefighter
5001;Georgetta;Rugen;Georgetta.Rugen@gmail.com;worker
5002;Kathy;Hull;Kathy.Hull@gmail.com;developer
5003;Viki;Urania;Viki.Urania@gmail.com;firefighter
5004;Danika;Melan;Danika.Melan@gmail.com;doctor
5005;Dulce;Goth;Dulce.Goth@gmail.com;police officer
5006;Judy;Rocray;Judy.Rocray@gmail.com;worker
5007;Andeee;Moseley;Andeee.Moseley@gmail.com;police officer
5008;Kristina;Eiser;Kristina.Eiser@gmail.com;doctor
5009;Alie;Lamoree;Alie.Lamoree@gmail.com;firefighter
5010;Dione;Carleen;Dione.Carleen@gmail.com;firefighter
5011;Melina;McAdams;Melina.McAdams@gmail.com;doctor
5012;Nataline;Keily;Nataline.Keily@gmail.com;doctor
5013;Melisent;Bouchard;Melisent.Bouchard@gmail.com;firefighter
5014;Lily;Rosette;Lily.Rosette@gmail.com;developer
5015;Clarice;Berne;Clarice.Berne@gmail.com;police officer
5016;Sean;Rubie;Sean.Rubie@gmail.com;worker
5017;Donnie;Natalia;Donnie.Natalia@gmail.com;doctor
5018;Vonny;Rugen;Vonny.Rugen@gmail.com;doctor
5019;Hollie;Dex;Hollie.Dex@gmail.com;developer
5020;Dennie;Jacobah;Dennie.Jacobah@gmail.com;doctor
5021;Frieda;Dermott;Frieda.Dermott@gmail.com;developer
5022;Stephanie;Dom;Stephanie.Dom@gmail.com;police officer
5023;Leeanne;Sigfrid;Leeanne.Sigfrid@gmail.com;firefighter
5024;Trudie;Glovsky;Trudie.Glovsky@gmail.com;police officer
5025;Chastity;Swigart;Chastity.Swigart@gmail.com;doctor
5026;Jsandye;Ashely;Jsandye.Ashely@gmail.com;firefighter
5027;Shel;Esmaria;Shel.Esmaria@gmail.com;firefighter
5028;Minda;Tayib;Minda.Tayib@gmail.com;firefighter
5029;Raquela;Erb;Raquela.Erb@gmail.com;developer
5030;Oralee;Bonucci;Oralee.Bonucci@gmail.com;worker
5031;Justinn;Delila;Justinn.Delila@gmail.com;firefighter
5032;Alex;Genna;Alex.Genna@gmail.com;doctor
5033;Rochette;Selway;Rochette.Selway@gmail.com;developer
5034;Joane;Earlie;Joane.Earlie@gmail.com;developer
5035;Florencia;Posner;Florencia.Posner@gmail.com;firefighter
5036;Kial;Vilma;Kial.Vilma@gmail.com;police officer
5037;Marcelline;Orelee;Marcelline.Orelee@gmail.com;worker
5038;Sibella;Saree;Sibella.Saree@gmail.com;firefighter
5039;Kaja;Fontana;Kaja.Fontana@gmail.com;police officer
5040;Suzette;Cassius;Suzette.Cassius@gmail.com;police officer
5041;Raquela;Goerke;Raquela.Goerke@gmail.com;developer
5042;Gwenneth;Magdalen;Gwenneth.Magdalen@gmail.com;police officer
5043;Rori;Esmaria;Rori.Esmaria@gmail.com;doctor
5044;Michaelina;Goerke;Michaelina.Goerke@gmail.com;police officer
5045;Priscilla;Moseley;Priscilla.Moseley@gmail.com;doctor
5046;Gloria;Guildroy;Gloria.Guildroy@gmail.com;police officer
5047;Bettine;Bouchard;Bettine.Bouchard@gmail.com;developer
5048;Ekaterina;Elbertina;Ekaterina.Elbertina@gmail.com;developer
5049;Alleen;Kazimir;Alleen.Kazimir@gmail.com;police officer
5050;Ricky;Yorick;Ricky.Yorick@gmail.com;worker
5051;Camile;Mendez;Camile.Mendez@gmail.com;police officer
5052;Sissy;Skell;Sissy.Skell@gmail.com;worker
5053;Korrie;Reinke;Korrie.Reinke@gmail.com;developer
5054;Tersina;Ehrman;Tersina.Ehrman@gmail.com;firefighter
5055;Penelopa;Valoniah;Penelopa.Valoniah@gmail.com;developer
5056;Jessamyn;Barney;Jessamyn.Barney@gmail.com;worker
5057;Etta;Vivle;Etta.Vivle@gmail.com;developer
5058;Peri;Durante;Peri.Durante@gmail.com;firefighter
5059;Fidelia;Hanshaw;Fidelia.Hanshaw@gmail.com;worker
5060;Clementine;Emerson;Clementine.Emerson@gmail.com;worker
5061;Lauryn;Mendez;Lauryn.Mendez@gmail.com;worker
5062;Dolli;Harriman;Dolli.Harriman@gmail.com;firefighter
5063;Aili;Whittaker;Aili.Whittaker@gmail.com;police officer
5064;Zia;Talia;Zia.Talia@gmail.com;worker
5065;Nicoli;Tayib;Nicoli.Tayib@gmail.com;worker
5066;Alisha;Beniamino;Alisha.Beniamino@gmail.com;doctor
5067;Magdalena;Paton;Magdalena.Paton@gmail.com;worker
5068;Rochette;Seagraves;Rochette.Seagraves@gmail.com;doctor
5069;Latisha;O'Rourke;Latisha.O'Rourke@gmail.com;worker
5070;Layla;Goerke;Layla.Goerke@gmail.com;police officer
5071;Janenna;Thornburg;Janenna.Thornburg@gmail.com;developer
5072;Hallie;Cressida;Hallie.Cressida@gmail.com;firefighter
5073;Kaia;Pyle;Kaia.Pyle@gmail.com;worker
5074;Frances;Diann;Frances.Diann@gmail.com;worker
5075;Mariann;Faso;Mariann.Faso@gmail.com;police officer
5076;Amelia;Caitlin;Amelia.Caitlin@gmail.com;worker
5077;Teriann;Florina;Teriann.Florina@gmail.com;firefighter
5078;Vonny;Parette;Vonny.Parette@gmail.com;firefighter
5079;Anthia;Bohlin;Anthia.Bohlin@gmail.com;developer
5080;Mamie;Xerxes;Mamie.Xerxes@gmail.com;doctor
5081;Vanessa;Stav;Vanessa.Stav@gmail.com;doctor
5082;Ana;Philoo;Ana.Philoo@gmail.com;doctor
5083;Amalie;Stacy;Amalie.Stacy@gmail.com;developer
5084;Tori;Malvino;Tori.Malvino@gmail.com;developer
5085;Kassey;Fennessy;Kassey.Fennessy@gmail.com;firefighter
5086;Rani;Magdalen;Rani.Magdalen@gmail.com;worker
5087;Bertine;Kenney;Bertine.Kenney@gmail.com;police officer
5088;Susan;Mike;Susan.Mike@gmail.com;worker
5089;Odessa;Hortensia;Odessa.Hortensia@gmail.com;doctor
5090;Sara-Ann;Brieta;Sara-Ann.Brieta@gmail.com;firefighter
5091;Starla;Luhe;Starla.Luhe@gmail.com;firefighter
5092;Alisha;Kiyoshi;Alisha.Kiyoshi@gmail.com;developer
5093;Kathy;Marsden;Kathy.Marsden@gmail.com;doctor
5094;Ebonee;Niles;Ebonee.Niles@gmail.com;worker
5095;Maurene;Devlen;Maurene.Devlen@gmail.com;developer
5096;Hayley;Thad;Hayley.Thad@gmail.com;police officer
5097;Dyann;Zeeba;Dyann.Zeeba@gmail.com;developer
5098;Lanae;Pernick;Lanae.Pernick@gmail.com;worker
5099;Kaja;Richers;Kaja.Richers@gmail.com;police officer