id;firstname;lastname;email;profession
2100;Verla;Fiester;Verla.Fiester@gmail.com;worker
2101;Hollie;Hurley;Hollie.Hurley@gmail.com;worker
2102;Dede;Macey;Dede.Macey@gmail.com;developer
2103;Livvyy;Pacorro;Livvyy.Pacorro@gmail.com;firefighter
2104;Dulce;Stevy;Dulce.Stevy@gmail.com;developer
2105;Ericka;Roumell;Ericka.Roumell@gmail.com;police officer
2106;Linzy;Seessel;Linzy.Seessel@gmail.com;firefighter
2107;Dede;Marden;Dede.Marden@gmail.com;developer
2108;Teddie;Ellerey;Teddie.Ellerey@gmail.com;worker
2109;Teriann;Wadell;Teriann.Wadell@gmail.com;worker
2110;Tybie;Dalli;Tybie.Dalli@gmail.com;doctor
2111;Lynnea;Jefferey;Lynnea.Jefferey@gmail.com;doctor
2112;Tersina;Bashemeth;Tersina.Bashemeth@gmail.com;doctor
2113;Briney;Nunci;Briney.Nunci@gmail.com;worker
2114;Vere;Jobi;Vere.Jobi@gmail.com;worker
2115;Pierette;Gwenore;Pierette.Gwenore@gmail.com;developer
2116;Beth;Sadowski;Beth.Sadowski@gmail.com;worker
2117;Raina;Means;Raina.Means@gmail.com;police officer
2118;Adelle;Maryanne;Adelle.Maryanne@gmail.com;worker
2119;Gloria;Wildermuth;Gloria.Wildermuth@gmail.com;firefighter
2120;Blake;Frendel;Blake.Frendel@gmail.com;firefighter
2121;Cyndie;Gino;Cyndie.Gino@gmail.com;police officer
2122;Barbara;Hortensia;Barbara.Hortensia@gmail.com;developer
2123;Gabi;Germann;Gabi.Germann@gmail.com;worker
2124;Devina;Ivens;Devina.Ivens@gmail.com;firefighter
2125;Michaelina;Darrell;Michaelina.Darrell@gmail.com;worker
2126;Wileen;Havens;Wileen.Havens@gmail.com;worker
2127;Leia;Charity;Leia.Charity@gmail.com;doctor
2128;Lusa;Vernier;Lusa.Vernier@gmail.com;developer
2129;Hollie;Creamer;Hollie.Creamer@gmail.com;firefighter
2130;Ada;Wind;Ada.Wind@gmail.com;firefighter
2131;Concettina;Whittaker;Concettina.Whittaker@gmail.com;firefighter
2132;Dennie;Chinua;Dennie.Chinua@gmail.com;police officer
2133;Dorthy;Curren;Dorthy.Curren@gmail.com;doctor
2134;Gloria;Kazimir;Gloria.Kazimir@gmail.com;firefighter
2135;Drucie;Bashemeth;Drucie.Bashemeth@gmail.com;doctor
2136;Benita;Japeth;Benita.Japeth@gmail.com;firefighter
2137;Blinni;Latini;Blinni.Latini@gmail.com;police officer
2138;Carlie;Wilkinson;Carlie.Wilkinson@gmail.com;doctor
2139;Lucille;Rese;Lucille.Rese@gmail.com;firefighter
2140;Stacey;Shanley;Stacey.Shanley@gmail.com;firefighter
2141;Andeee;Phyllis;Andeee.Phyllis@gmail.com;police officer
2142;Stacey;Burnside;Stacey.Burnside@gmail.com;firefighter
2143;Fredericka;Hewitt;Fredericka.Hewitt@gmail.com;police officer
2144;Magdalena;Ade;Magdalena.Ade@gmail.com;doctor
2145;Rayna;Erich;Rayna.Erich@gmail.com;doctor
2146;Leia;Berard;Leia.Berard@gmail.com;firefighter
2147;Nicoli;Prouty;Nicoli.Prouty@gmail.com;doctor
2148;Jinny;Billye;Jinny.Billye@gmail.com;worker
2149;Annecorinne;Scammon;Annecorinne.Scammon@gmail.com;police officer
2150;Tami;Cynar;Tami.Cynar@gmail.com;firefighter
2151;Danika;Hillel;Danika.Hillel@gmail.com;developer
2152;Joelly;Madox;Joelly.Madox@gmail.com;police officer
2153;Gabriellia;Eno;Gabriellia.Eno@gmail.com;worker
2154;Dulcinea;Dahlia;Dulcinea.Dahlia@gmail.com;developer
2155;Nyssa;Kesley;Nyssa.Kesley@gmail.com;firefighter
2156;Daryl;Durware;Daryl.Durware@gmail.com;police officer
2157;Bibby;Faso;Bibby.Faso@gmail.com;worker
2158;Kelly;Alejoa;Kelly.Alejoa@gmail.com;firefighter
2159;Doro;Kosey;Doro.Kosey@gmail.com;worker
2160;Lusa;Slifka;Lusa.Slifka@gmail.com;worker
2161;Glenda;Katrine;Glenda.Katrine@gmail.com;firefighter
2162;Ivett;Rooney;Ivett.Rooney@gmail.com;police officer
2163;Florie;Felecia;Florie.Felecia@gmail.com;police officer
2164;Desirae;Bertold;Desirae.Bertold@gmail.com;developer
2165;Dode;Karylin;Dode.Karylin@gmail.com;firefighter
2166;Kathy;Ferrell;Kathy.Ferrell@gmail.com;firefighter
2167;Danika;Kazimir;Danika.Kazimir@gmail.com;police officer
2168;Claresta;Lorain;Claresta.Lorain@gmail.com;doctor
2169;Violet;Rillings;Violet.Rillings@gmail.com;firefighter
2170;Eadie;Lalitta;Eadie.Lalitta@gmail.com;doctor
2171;Nonnah;Oster;Nonnah.Oster@gmail.com;police officer
2172;Adele;Hortensia;Adele.Hortensia@gmail.com;worker
2173;Marsiella;Presber;Marsiella.Presber@gmail.com;doctor
2174;Janenna;Barrus;Janenna.Barrus@gmail.com;police officer
2175;Flory;Vivle;Flory.Vivle@gmail.com;worker
2176;Charissa;Wolfgram;Charissa.Wolfgram@gmail.com;firefighter
2177;Jere;Obed;Jere.Obed@gmail.com;police officer
2178;Concettina;Karylin;Concettina.Karylin@gmail.com;doctor
2179;Mildrid;Karl;Mildrid.Karl@gmail.com;worker
2180;Shell;Solitta;Shell.Solitta@gmail.com;developer
2181;Rhoda;Whiffen;Rhoda.Whiffen@gmail.com;developer
2182;Jaime;Matthew;Jaime.Matthew@gmail.com;police officer
2183;Aeriela;Kaete;Aeriela.Kaete@gmail.com;police officer
2184;Magdalena;Merell;Magdalena.Merell@gmail.com;worker
2185;Sherrie;Friede;Sherrie.Friede@gmail.com;worker
2186;Mariann;Vacuva;Mariann.Vacuva@gmail.com;developer
2187;Lolita;Kirbee;Lolita.Kirbee@gmail.com;firefighter
2188;Melanie;Ciapas;Melanie.Ciapas@gmail.com;police officer
2189;Barbi;Shields;Barbi.Shields@gmail.com;police officer
2190;Jobi;Nickola;Jobi.Nickola@gmail.com;firefighter
2191;Fina;Toffic;Fina.Toffic@gmail.com;police officer
2192;Regina;Abernon;Regina.Abernon@gmail.com;police officer
2193;Arabel;Suk;Arabel.Suk@gmail.com;police officer
2194;Vevay;Baylor;Vevay.Baylor@gmail.com;firefighter
2195;Candi;Weide;Candi.Weide@gmail.com;police officer
2196;Jeanna;Maurine;Jeanna.Maurine@gmail.com;police officer
2197;Cassondra;Vanni;Cassondra.Vanni@gmail.com;worker
2198;Tatiania;Phi;Tatiania.Phi@gmail.com;firefighter
2199;Bernardine;Radu;Bernardine.Radu@gmail.com;firefighter
2200;Joelly;Tarrant;Joelly.Tarrant@gmail.com;firefighter
2201;Tonia;Luhe;Tonia.Luhe@gmail.com;police officer
2202;Marcelline;Sikorski;Marcelline.Sikorski@gmail.com;police officer
2203;Chrystel;Wittie;Chrystel.Wittie@gmail.com;doctor
2204;Catrina;Kronfeld;Catrina.Kronfeld@gmail.com;developer
2205;Nananne;Rudolph;Nananne.Rudolph@gmail.com;worker
2206;Fidelia;Ledah;Fidelia.Ledah@gmail.com;worker
2207;Gertrud;Meli;Gertrud.Meli@gmail.com;police officer
2208;Ellette;Kesley;Ellette.Kesley@gmail.com;police officer
2209;Sybille;Haymes;Sybille.Haymes@gmail.com;developer
2210;Eugine;Heisel;Eugine.Heisel@gmail.com;developer
2211;Emilia;Dichy;Emilia.Dichy@gmail.com;police officer
2212;Hollie;Gerge;Hollie.Gerge@gmail.com;police officer
2213;Lorenza;Marcellus;Lorenza.Marcellus@gmail.com;worker
2214;Dolli;Cavan;Dolli.Cavan@gmail.com;firefighter
2215;Jemie;Baptlsta;Jemie.Baptlsta@gmail.com;doctor
2216;Violet;Berl;Violet.Berl@gmail.com;developer
2217;Dorice;Sperling;Dorice.Sperling@gmail.com;developer
2218;Elfreda;Kinnard;Elfreda.Kinnard@gmail.com;firefighter
2219;Sadie;Nunci;Sadie.Nunci@gmail.com;doctor
2220;Rubie;Socha;Rubie.Socha@gmail.com;developer
2221;Norine;Carey;Norine.Carey@gmail.com;police officer
2222;Maud;Lorenz;Maud.Lorenz@gmail.com;worker
2223;Miquela;Evangelia;Miquela.Evangelia@gmail.com;doctor
2224;Elise;Federica;Elise.Federica@gmail.com;developer
2225;Selma;Azeria;Selma.Azeria@gmail.com;doctor
2226;Fredericka;Pernick;Fredericka.Pernick@gmail.com;firefighter
2227;Blondelle;Brandice;Blondelle.Brandice@gmail.com;developer
2228;Rebeca;Alfons;Rebeca.Alfons@gmail.com;doctor
2229;Oralee;Skell;Oralee.Skell@gmail.com;firefighter
2230;Giustina;Si;Giustina.Si@gmail.com;developer
2231;Molli;Lissi;Molli.Lissi@gmail.com;developer
2232;Krystle;Fennessy;Krystle.Fennessy@gmail.com;police officer
2233;Adelle;Eliathas;Adelle.Eliathas@gmail.com;developer
2234;Dianemarie;Goldina;Dianemarie.Goldina@gmail.com;doctor
2235;Ezmeralda;Bertold;Ezmeralda.Bertold@gmail.com;firefighter
2236;Heida;Hurley;Heida.Hurley@gmail.com;developer
2237;Winny;Marisa;Winny.Marisa@gmail.com;worker
2238;Corly;Cath;Corly.Cath@gmail.com;firefighter
2239;Tracey;Bibi;Tracey.Bibi@gmail.com;firefighter
2240;Kittie;Candy;Kittie.Candy@gmail.com;developer
2241;Debee;Pernick;Debee.Pernick@gmail.com;firefighter
2242;Orsola;Dorine;Orsola.Dorine@gmail.com;police officer
2243;Tracey;Libna;Tracey.Libna@gmail.com;firefighter
2244;Aeriela;Burkle;Aeriela.Burkle@gmail.com;doctor
2245;Ira;Gunn;Ira.Gunn@gmail.com;doctor
2246;Aurore;Chick;Aurore.Chick@gmail.com;police officer
2247;Aubrie;Ricarda;Aubrie.Ricarda@gmail.com;police officer
2248;Jean;Daveta;Jean.Daveta@gmail.com;doctor
2249;Elena;Arvo;Elena.Arvo@gmail.com;worker
2250;Mureil;Abram;Mureil.Abram@gmail.com;police officer
2251;Brietta;Shaddock;Brietta.Shaddock@gmail.com;police officer
2252;Rosabelle;Ardeha;Rosabelle.Ardeha@gmail.com;firefighter
2253;Phylis;Gilmour;Phylis.Gilmour@gmail.com;worker
2254;Frances;Astra;Frances.Astra@gmail.com;police officer
2255;Moyna;Infield;Moyna.Infield@gmail.com;firefighter
2256;Olivette;Thunell;Olivette.Thunell@gmail.com;worker
2257;Ruthe;Ephrem;Ruthe.Ephrem@gmail.com;developer
2258;Rubie;McGrody;Rubie.McGrody@gmail.com;firefighter
2259;Lacie;Calhoun;Lacie.Calhoun@gmail.com;police officer
2260;Meg;Kare;Meg.Kare@gmail.com;police officer
2261;Roseline;Daniele;Roseline.Daniele@gmail.com;police officer
2262;Lily;Alfons;Lily.Alfons@gmail.com;developer
2263;Ann-Marie;Smitt;Ann-Marie.Smitt@gmail.com;developer
2264;Marylou;Carbo;Marylou.Carbo@gmail.com;doctor
2265;Aurore;Nester;Aurore.Nester@gmail.com;doctor
2266;Sean;Pernick;Sean.Pernick@gmail.com;firefighter
2267;Florencia;Loring;Florencia.Loring@gmail.com;worker
2268;Molli;Oneida;Molli.Oneida@gmail.com;worker
2269;Jere;Matthew;Jere.Matthew@gmail.com;doctor
2270;Monika;Alisia;Monika.Alisia@gmail.com;worker
2271;Gertrud;Erminia;Gertrud.Erminia@gmail.com;doctor
2272;Tybie;Torray;Tybie.Torray@gmail.com;firefighter
2273;Adriana;Hachmin;Adriana.Hachmin@gmail.com;worker
2274;Sidoney;Madox;Sidoney.Madox@gmail.com;developer
2275;Genevra;Old;Genevra.Old@gmail.com;firefighter
2276;Renae;Bollay;Renae.Bollay@gmail.com;police officer
2277;Regina;Goerke;Regina.Goerke@gmail.com;police officer
2278;Mara;Granoff;Mara.Granoff@gmail.com;police officer
2279;Valeda;Liva;Valeda.Liva@gmail.com;firefighter
2280;Tami;Jenness;Tami.Jenness@gmail.com;firefighter
2281;Viki;Wenda;Viki.Wenda@gmail.com;developer
2282;Cherilyn;Meter;Cherilyn.Meter@gmail.com;developer
2283;Dyann;Berl;Dyann.Berl@gmail.com;developer
2284;Sybille;Greyson;Sybille.Greyson@gmail.com;worker
2285;Henriette;Mendez;Henriette.Mendez@gmail.com;worker
2286;Nelle;Ferrell;Nelle.Ferrell@gmail.com;worker
2287;Jsandye;Borrell;Jsandye.Borrell@gmail.com;worker
2288;Addia;Gamaliel;Addia.Gamaliel@gmail.com;police officer
2289;Calla;Meter;Calla.Meter@gmail.com;firefighter
2290;Carol-Jean;Nore;Carol-Jean.Nore@gmail.com;worker
2291;Karena;Jalbert;Karena.Jalbert@gmail.com;developer
2292;Sallie;Swigart;Sallie.Swigart@gmail.com;firefighter
2293;Candi;Bertold;Candi.Bertold@gmail.com;police officer
2294;Elmira;Podvin;Elmira.Podvin@gmail.com;doctor
2295;Lolita;Lane;Lolita.Lane@gmail.com;police officer
2296;Kenna;Pond;Kenna.Pond@gmail.com;developer
2297;Peri;Sheedy;Peri.Sheedy@gmail.com;doctor
2298;Gerrie;Reinke;Gerrie.Reinke@gmail.com;developer
2299;Cristine;Blisse;Cristine.Blisse@gmail.com;firefighter
2300;Josephine;Brodench;Josephine.Brodench@gmail.com;developer
2301;Winny;Valoniah;Winny.Valoniah@gmail.com;developer
2302;Daryl;Wyn;Daryl.Wyn@gmail.com;doctor
2303;Demetris;Ulphia;Demetris.Ulphia@gmail.com;worker
2304;Anestassia;Aaberg;Anestassia.Aaberg@gmail.com;developer
2305;Robbi;Llovera;Robbi.Llovera@gmail.com;police officer
2306;Janeczka;Byrne;Janeczka.Byrne@gmail.com;police officer
2307;Janeczka;Aprile;Janeczka.Aprile@gmail.com;police officer
2308;Joy;Libna;Joy.Libna@gmail.com;developer
2309;Jenilee;Wooster;Jenilee.Wooster@gmail.com;worker
2310;Sibella;Kevon;Sibella.Kevon@gmail.com;police officer
2311;Shaylyn;Lumbard;Shaylyn.Lumbard@gmail.com;police officer
2312;Yetty;Smitt;Yetty.Smitt@gmail.com;police officer
2313;Brena;Baylor;Brena.Baylor@gmail.com;worker
2314;Ottilie;Joli;Ottilie.Joli@gmail.com;police officer
2315;Debee;Jenness;Debee.Jenness@gmail.com;doctor
2316;Amii;Roscoe;Amii.Roscoe@gmail.com;firefighter
2317;Therine;Zitvaa;Therine.Zitvaa@gmail.com;police officer
2318;Lita;Rossner;Lita.Rossner@gmail.com;developer
2319;Dawn;Cassius;Dawn.Cassius@gmail.com;developer
2320;Edee;Hylan;Edee.Hylan@gmail.com;doctor
2321;Chastity;Lanita;Chastity.Lanita@gmail.com;doctor
2322;Arabel;Iaverne;Arabel.Iaverne@gmail.com;doctor
2323;Pollyanna;Schenck;Pollyanna.Schenck@gmail.com;developer
2324;Lindie;Mozelle;Lindie.Mozelle@gmail.com;worker
2325;Ketti;Kermit;Ketti.Kermit@gmail.com;developer
2326;Sashenka;Glenden;Sashenka.Glenden@gmail.com;firefighter
2327;Silvana;Niles;Silvana.Niles@gmail.com;doctor
2328;Deane;Tybald;Deane.Tybald@gmail.com;worker
2329;Bernie;Alcott;Bernie.Alcott@gmail.com;firefighter
2330;Pamella;Wattenberg;Pamella.Wattenberg@gmail.com;worker
2331;Roberta;Aaberg;Roberta.Aaberg@gmail.com;firefighter
2332;Emilia;Gaspard;Emilia.Gaspard@gmail.com;firefighter
2333;Karly;Chapland;Karly.Chapland@gmail.com;police officer
2334;Christy;Mayeda;Christy.Mayeda@gmail.com;worker
2335;Bibby;Baylor;Bibby.Baylor@gmail.com;firefighter
2336;Tilly;Adrienne;Tilly.Adrienne@gmail.com;firefighter
2337;Magdalena;Nerita;Magdalena.Nerita@gmail.com;doctor
2338;Madalyn;Arne;Madalyn.Arne@gmail.com;police officer
2339;Nonnah;Rogerio;Nonnah.Rogerio@gmail.com;police officer
2340;Kerrin;Even;Kerrin.Even@gmail.com;doctor
2341;Vonny;Meter;Vonny.Meter@gmail.com;developer
2342;Jessy;Standing;Jessy.Standing@gmail.com;worker
2343;Anallese;Lauraine;Anallese.Lauraine@gmail.com;police officer
2344;Joy;Gombach;Joy.Gombach@gmail.com;doctor
2345;Jeanna;Chobot;Jeanna.Chobot@gmail.com;developer
2346;Lauryn;Liva;Lauryn.Liva@gmail.com;developer
2347;Amelia;Dalli;Amelia.Dalli@gmail.com;worker
2348;Sophia;Flyn;Sophia.Flyn@gmail.com;worker
2349;Diena;Read;Diena.Read@gmail.com;police officer
2350;Michaelina;Glenden;Michaelina.Glenden@gmail.com;firefighter
2351;Nicoli;Skurnik;Nicoli.Skurnik@gmail.com;developer
2352;Roslyn;Flyn;Roslyn.Flyn@gmail.com;developer
2353;Cherilyn;Engdahl;Cherilyn.Engdahl@gmail.com;worker
2354;Dede;Hutchison;Dede.Hutchison@gmail.com;developer
2355;Thalia;Iphlgenia;Thalia.Iphlgenia@gmail.com;developer
2356;Rivalee;Shelba;Rivalee.Shelba@gmail.com;developer
2357;Dulce;Kunin;Dulce.Kunin@gmail.com;police officer
2358;Lanna;Parsaye;Lanna.Parsaye@gmail.com;developer
2359;Mary;Bluh;Mary.Bluh@gmail.com;police officer
2360;Alyssa;Sothena;Alyssa.Sothena@gmail.com;firefighter
2361;Margette;Sheedy;Margette.Sheedy@gmail.com;developer
2362;Katharina;Sadowski;Katharina.Sadowski@gmail.com;doctor
2363;Nita;Riva;Nita.Riva@gmail.com;developer
2364;Marcy;Gamaliel;Marcy.Gamaliel@gmail.com;worker
2365;Chastity;Meli;Chastity.Meli@gmail.com;firefighter
2366;Binny;Fulmer;Binny.Fulmer@gmail.com;firefighter
2367;Donnie;Himelman;Donnie.Himelman@gmail.com;police officer
2368;Robbi;Tjon;Robbi.Tjon@gmail.com;worker
2369;Kimberley;Stover;Kimberley.Stover@gmail.com;doctor
2370;Leia;Plato;Leia.Plato@gmail.com;police officer
2371;Odessa;Carleen;Odessa.Carleen@gmail.com;firefighter
2372;Dulcinea;Guthrie;Dulcinea.Guthrie@gmail.com;firefighter
2373;Janey;Jerold;Janey.Jerold@gmail.com;doctor
2374;Rayna;Harday;Rayna.Harday@gmail.com;police officer
2375;Nelle;Vanni;Nelle.Vanni@gmail.com;doctor
2376;Benita;Publia;Benita.Publia@gmail.com;worker
2377;Brandise;Terrence;Brandise.Terrence@gmail.com;police officer
2378;Gwyneth;Paine;Gwyneth.Paine@gmail.com;doctor
2379;Nonnah;Tremayne;Nonnah.Tremayne@gmail.com;developer
2380;Hildegaard;Connelly;Hildegaard.Connelly@gmail.com;firefighter
2381;Lenna;Moina;Lenna.Moina@gmail.com;developer
2382;Jillayne;Burnside;Jillayne.Burnside@gmail.com;firefighter
2383;Clo;Freddi;Clo.Freddi@gmail.com;firefighter
2384;Vivia;Gordon;Vivia.Gordon@gmail.com;firefighter
2385;Joane;Dalli;Joane.Dalli@gmail.com;police officer
2386;Marjie;Adore;Marjie.Adore@gmail.com;developer
2387;Hettie;Giff;Hettie.Giff@gmail.com;developer
2388;Daryl;Federica;Daryl.Federica@gmail.com;developer
2389;Kary;Lymann;Kary.Lymann@gmail.com;firefighter
2390;Carlie;Eben;Carlie.Eben@gmail.com;firefighter
2391;Jaime;Pearse;Jaime.Pearse@gmail.com;firefighter
2392;Chastity;Nedrud;Chastity.Nedrud@gmail.com;developer
2393;Tina;Ophelia;Tina.Ophelia@gmail.com;firefighter
2394;Delilah;Gaulin;Delilah.Gaulin@gmail.com;worker
2395;Frank;Jaylene;Frank.Jaylene@gmail.com;developer
2396;Marcy;Alice;Marcy.Alice@gmail.com;developer
2397;Myrtice;Cohdwell;Myrtice.Cohdwell@gmail.com;worker
2398;Marcy;Jotham;Marcy.Jotham@gmail.com;doctor
2399;Correy;Lesley;Correy.Lesley@gmail.com;doctor
2400;Sabina;Waite;Sabina.Waite@gmail.com;police officer
2401;Claudina;Jary;Claudina.Jary@gmail.com;firefighter
2402;Isa;Dorothy;Isa.Dorothy@gmail.com;doctor
2403;Gabriellia;Maiah;Gabriellia.Maiah@gmail.com;developer
2404;Adele;Hazlett;Adele.Hazlett@gmail.com;firefighter
2405;Tilly;Sacken;Tilly.Sacken@gmail.com;firefighter
2406;Zaria;Carmena;Zaria.Carmena@gmail.com;developer
2407;Benita;Sallyann;Benita.Sallyann@gmail.com;developer
2408;Janenna;Marisa;Janenna.Marisa@gmail.com;developer
2409;Tani;Noman;Tani.Noman@gmail.com;police officer
2410;Libbie;Wandie;Libbie.Wandie@gmail.com;police officer
2411;Vevay;Chandler;Vevay.Chandler@gmail.com;police officer
2412;Vevay;Tamsky;Vevay.Tamsky@gmail.com;doctor
2413;Pamella;Norvol;Pamella.Norvol@gmail.com;firefighter
2414;Arlena;Fontana;Arlena.Fontana@gmail.com;police officer
2415;Althea;Phyllis;Althea.Phyllis@gmail.com;police officer
2416;Kimberley;Sinegold;Kimberley.Sinegold@gmail.com;firefighter
2417;Lynnea;Yate;Lynnea.Yate@gmail.com;doctor
2418;Stacey;Matthew;Stacey.Matthew@gmail.com;police officer
2419;Maisey;Medrek;Maisey.Medrek@gmail.com;doctor
2420;Suzette;Dalli;Suzette.Dalli@gmail.com;worker
2421;Alisha;Tiffa;Alisha.Tiffa@gmail.com;developer
2422;Jinny;Jefferey;Jinny.Jefferey@gmail.com;doctor
2423;Kary;Buffum;Kary.Buffum@gmail.com;police officer
2424;Leona;Rona;Leona.Rona@gmail.com;doctor
2425;Marsiella;Pauly;Marsiella.Pauly@gmail.com;doctor
2426;Aimil;Euridice;Aimil.Euridice@gmail.com;police officer
2427;Hannis;Hanshaw;Hannis.Hanshaw@gmail.com;firefighter
2428;Gretal;Lumbard;Gretal.Lumbard@gmail.com;doctor
2429;Margalo;Zola;Margalo.Zola@gmail.com;police officer
2430;Caryl;Taam;Caryl.Taam@gmail.com;police officer
2431;Mamie;Markman;Mamie.Markman@gmail.com;police officer
2432;Maisey;Ferrell;Maisey.Ferrell@gmail.com;worker
2433;Margette;Diann;Margette.Diann@gmail.com;doctor
2434;Lanae;Bouchard;Lanae.Bouchard@gmail.com;developer
2435;Estell;Publia;Estell.Publia@gmail.com;doctor
2436;Dede;Longfellow;Dede.Longfellow@gmail.com;developer
2437;Brynna;Zrike;Brynna.Zrike@gmail.com;developer
2438;Gwyneth;Wenda;Gwyneth.Wenda@gmail.com;police officer
2439;Fidelia;Denis;Fidelia.Denis@gmail.com;firefighter
2440;Doro;Brandice;Doro.Brandice@gmail.com;developer
2441;Jessy;Catie;Jessy.Catie@gmail.com;worker
2442;Valli;Swigart;Valli.Swigart@gmail.com;firefighter
2443;Paule;Garrison;Paule.Garrison@gmail.com;worker
2444;Starla;Gower;Starla.Gower@gmail.com;doctor
2445;Theodora;Aprile;Theodora.Aprile@gmail.com;worker
2446;Mahalia;Euridice;Mahalia.Euridice@gmail.com;developer
2447;Roberta;Regan;Roberta.Regan@gmail.com;firefighter
2448;Deedee;Sheng;Deedee.Sheng@gmail.com;firefighter
2449;Jennica;Hedve;Jennica.Hedve@gmail.com;worker
2450;Dania;Milde;Dania.Milde@gmail.com;firefighter
2451;Gretal;Gusella;Gretal.Gusella@gmail.com;developer
2452;Gui;Bevin;Gui.Bevin@gmail.com;worker
2453;Vanessa;Konyn;Vanessa.Konyn@gmail.com;worker
2454;Yolane;Capello;Yolane.Capello@gmail.com;police officer
2455;Dawn;Love;Dawn.Love@gmail.com;police officer
2456;Mamie;Pattin;Mamie.Pattin@gmail.com;worker
2457;Pollyanna;Carbo;Pollyanna.Carbo@gmail.com;firefighter
2458;Drucie;Nerita;Drucie.Nerita@gmail.com;police officer
2459;Lily;Niles;Lily.Niles@gmail.com;doctor
2460;Margette;Laverne;Margette.Laverne@gmail.com;worker
2461;Babita;Chem;Babita.Chem@gmail.com;worker
2462;Valera;Japeth;Valera.Japeth@gmail.com;doctor
2463;Jacquetta;Lesley;Jacquetta.Lesley@gmail.com;police officer
2464;Amelia;Podvin;Amelia.Podvin@gmail.com;police officer
2465;Albertina;Kazimir;Albertina.Kazimir@gmail.com;worker
2466;Livvyy;Gamaliel;Livvyy.Gamaliel@gmail.com;developer
2467;Sissy;Astra;Sissy.Astra@gmail.com;firefighter
2468;Annabela;Talia;Annabela.Talia@gmail.com;firefighter
2469;Chere;Auberbach;Chere.Auberbach@gmail.com;firefighter
2470;Korrie;Seligman;Korrie.Seligman@gmail.com;worker
2471;Ulrike;Modie;Ulrike.Modie@gmail.com;worker
2472;Anestassia;Alrich;Anestassia.Alrich@gmail.com;developer
2473;Lynnea;Judye;Lynnea.Judye@gmail.com;doctor
2474;Chickie;Amand;Chickie.Amand@gmail.com;developer
2475;Miquela;Gombach;Miquela.Gombach@gmail.com;doctor
2476;Dacia;Docilla;Dacia.Docilla@gmail.com;worker
2477;Dorthy;Morrill;Dorthy.Morrill@gmail.com;police officer
2478;Queenie;Dyche;Queenie.Dyche@gmail.com;worker
2479;Ivett;Iaverne;Ivett.Iaverne@gmail.com;developer
2480;Clarice;Cassius;Clarice.Cassius@gmail.com;developer
2481;Johna;Pillsbury;Johna.Pillsbury@gmail.com;police officer
2482;Cherrita;Wittie;Cherrita.Wittie@gmail.com;firefighter
2483;Vere;Constancy;Vere.Constancy@gmail.com;worker
2484;Glynnis;Vanni;Glynnis.Vanni@gmail.com;doctor
2485;Viki;Fulmer;Viki.Fulmer@gmail.com;firefighter
2486;Arlena;Brieta;Arlena.Brieta@gmail.com;doctor
2487;Clary;Calhoun;Clary.Calhoun@gmail.com;worker
2488;Tatiania;Keelia;Tatiania.Keelia@gmail.com;police officer
2489;Hope;Macey;Hope.Macey@gmail.com;police officer
2490;Lorenza;Boehike;Lorenza.Boehike@gmail.com;firefighter
2491;Janey;Nea;Janey.Nea@gmail.com;developer
2492;Larine;Nelsen;Larine.Nelsen@gmail.com;firefighter
2493;Bill;Afton;Bill.Afton@gmail.com;firefighter
2494;Oralee;Katrine;Oralee.Katrine@gmail.com;developer
2495;Marleah;Angelis;Marleah.Angelis@gmail.com;police officer
2496;Augustine;Parette;Augustine.Parette@gmail.com;firefighter
2497;Joceline;Stevy;Joceline.Stevy@gmail.com;police officer
2498;Eolanda;Yuille;Eolanda.Yuille@gmail.com;worker
2499;Luci;Ingra;Luci.Ingra@gmail.com;doctor
2500;Teddie;Mauer;Teddie.Mauer@gmail.com;developer
2501;Kellen;Giff;Kellen.Giff@gmail.com;doctor
2502;Nannie;Delp;Nannie.Delp@gmail.com;police officer
2503;Jacenta;Plato;Jacenta.Plato@gmail.com;doctor
2504;Jennica;Gregrory;Jennica.Gregrory@gmail.com;worker
2505;Amalie;Garlinda;Amalie.Garlinda@gmail.com;firefighter
2506;Alyda;Casimir;Alyda.Casimir@gmail.com;police officer
2507;Joy;Sherrie;Joy.Sherrie@gmail.com;firefighter
2508;Mara;Magnolia;Mara.Magnolia@gmail.com;police officer
2509;Gusty;Mayeda;Gusty.Mayeda@gmail.com;developer
2510;Rani;Fax;Rani.Fax@gmail.com;police officer
2511;Jeanna;Oster;Jeanna.Oster@gmail.com;doctor
2512;Tybie;Bearnard;Tybie.Bearnard@gmail.com;police officer
2513;Katharina;Girardo;Katharina.Girardo@gmail.com;developer
2514;Lauryn;Oriana;Lauryn.Oriana@gmail.com;firefighter
2515;Paulita;Oriana;Paulita.Oriana@gmail.com;police officer
2516;Bee;Laverne;Bee.Laverne@gmail.com;doctor
2517;Jere;Carbo;Jere.Carbo@gmail.com;developer
2518;Meriel;Raffo;Meriel.Raffo@gmail.com;worker
2519;Sharai;Shanley;Sharai.Shanley@gmail.com;police officer
2520;Heddie;Willie;Heddie.Willie@gmail.com;worker
2521;Elfreda;Lauraine;Elfreda.Lauraine@gmail.com;doctor
2522;Gale;Carri;Gale.Carri@gmail.com;firefighter
2523;Paola;Alwin;Paola.Alwin@gmail.com;doctor
2524;Josephine;Annabella;Josephine.Annabella@gmail.com;developer
2525;Lorenza;Vale;Lorenza.Vale@gmail.com;worker
2526;Donnie;Guildroy;Donnie.Guildroy@gmail.com;developer
2527;Calla;Sherrie;Calla.Sherrie@gmail.com;worker
2528;Josephine;Kunin;Josephine.Kunin@gmail.com;doctor
2529;Gabi;Claudine;Gabi.Claudine@gmail.com;police officer
2530;Brooks;Ciro;Brooks.Ciro@gmail.com;police officer
2531;Aurelie;Bow;Aurelie.Bow@gmail.com;doctor
2532;Florencia;Byrne;Florencia.Byrne@gmail.com;police officer
2533;Brandise;Bennie;Brandise.Bennie@gmail.com;firefighter
2534;Kylynn;Jotham;Kylynn.Jotham@gmail.com;doctor
2535;Allyce;Auberbach;Allyce.Auberbach@gmail.com;doctor
2536;Nananne;Borrell;Nananne.Borrell@gmail.com;police officer
2537;Annice;Boehike;Annice.Boehike@gmail.com;firefighter
2538;Joeann;Bettine;Joeann.Bettine@gmail.com;developer
2539;Fanchon;Ilka;Fanchon.Ilka@gmail.com;police officer
2540;Sindee;Elisha;Sindee.Elisha@gmail.com;worker
2541;Vere;Longfellow;Vere.Longfellow@gmail.com;police officer
2542;Jemie;Noman;Jemie.Noman@gmail.com;developer
2543;Justinn;Ochs;Justinn.Ochs@gmail.com;police officer
2544;Lila;Schalles;Lila.Schalles@gmail.com;developer
2545;Babita;Reinke;Babita.Reinke@gmail.com;doctor
2546;Mahalia;Sallyann;Mahalia.Sallyann@gmail.com;worker
2547;Ada;Daveta;Ada.Daveta@gmail.com;doctor
2548;Selma;Hanleigh;Selma.Hanleigh@gmail.com;firefighter
2549;Anestassia;Marden;Anestassia.Marden@gmail.com;police officer
2550;Olwen;Colbert;Olwen.Colbert@gmail.com;worker
2551;Ulrike;Emerson;Ulrike.Emerson@gmail.com;worker
2552;Hayley;Brittani;Hayley.Brittani@gmail.com;doctor
2553;Lita;Geffner;Lita.Geffner@gmail.com;doctor
2554;Shirlee;Toor;Shirlee.Toor@gmail.com;doctor
2555;Clo;Darbie;Clo.Darbie@gmail.com;doctor
2556;Rani;Liebermann;Rani.Liebermann@gmail.com;developer
2557;Sue;Phi;Sue.Phi@gmail.com;worker
2558;Michaelina;Prober;Michaelina.Prober@gmail.com;firefighter
2559;Beth;Loleta;Beth.Loleta@gmail.com;police officer
2560;Sonni;Tremayne;Sonni.Tremayne@gmail.com;worker
2561;Morganica;Pearse;Morganica.Pearse@gmail.com;firefighter
2562;Alyda;Belanger;Alyda.Belanger@gmail.com;worker
2563;Jean;Annabella;Jean.Annabella@gmail.com;police officer
2564;Nadine;Naashom;Nadine.Naashom@gmail.com;doctor
2565;Fina;Corabella;Fina.Corabella@gmail.com;firefighter
2566;Antonietta;Krystle;Antonietta.Krystle@gmail.com;worker
2567;Talya;Wooster;Talya.Wooster@gmail.com;doctor
2568;Shell;Fennessy;Shell.Fennessy@gmail.com;police officer
2569;Susan;Schroth;Susan.Schroth@gmail.com;police officer
2570;Wendi;Lissi;Wendi.Lissi@gmail.com;doctor
2571;Tobe;Ambrosia;Tobe.Ambrosia@gmail.com;police officer
2572;Annaliese;Creamer;Annaliese.Creamer@gmail.com;firefighter
2573;Kirbee;Yusuk;Kirbee.Yusuk@gmail.com;firefighter
2574;Pollyanna;Marisa;Pollyanna.Marisa@gmail.com;police officer
2575;Vita;Verger;Vita.Verger@gmail.com;doctor
2576;Nelle;Juliet;Nelle.Juliet@gmail.com;developer
2577;Nikki;Elephus;Nikki.Elephus@gmail.com;worker
2578;Natka;Libna;Natka.Libna@gmail.com;worker
2579;Jaime;Rubie;Jaime.Rubie@gmail.com;police officer
2580;Agathe;Serilda;Agathe.Serilda@gmail.com;worker
2581;Nannie;Loleta;Nannie.Loleta@gmail.com;worker
2582;Aubrie;Rheingold;Aubrie.Rheingold@gmail.com;developer
2583;Modestia;Lilybelle;Modestia.Lilybelle@gmail.com;firefighter
2584;Jackie;Hieronymus;Jackie.Hieronymus@gmail.com;worker
2585;Sean;Pozzy;Sean.Pozzy@gmail.com;doctor
2586;Lily;Wattenberg;Lily.Wattenberg@gmail.com;police officer
2587;Belinda;Fillbert;Belinda.Fillbert@gmail.com;police officer
2588;Kenna;Grosz;Kenna.Grosz@gmail.com;police officer
2589;Adriana;Alcott;Adriana.Alcott@gmail.com;doctor
2590;Tatiania;Amadas;Tatiania.Amadas@gmail.com;developer
2591;Dianemarie;Brady;Dianemarie.Brady@gmail.com;doctor
2592;Wileen;Suk;Wileen.Suk@gmail.com;firefighter
2593;Elvira;Jerold;Elvira.Jerold@gmail.com;worker
2594;Myrtice;Ummersen;Myrtice.Ummersen@gmail.com;police officer
2595;Rochette;Donoghue;Rochette.Donoghue@gmail.com;developer
2596;Sarette;Mandler;Sarette.Mandler@gmail.com;doctor
2597;Vivia;Ailyn;Vivia.Ailyn@gmail.com;doctor
2598;Kellen;Eachern;Kellen.Eachern@gmail.com;police officer
2599;Sadie;Genna;Sadie.Genna@gmail.com;police officer
2600;Tori;Pelagias;Tori.Pelagias@gmail.com;firefighter
2601;Nikki;Rhu;Nikki.Rhu@gmail.com;developer
2602;Althea;Cohdwell;Althea.Cohdwell@gmail.com;worker
2603;Christian;Gaulin;Christian.Gaulin@gmail.com;worker
2604;Gwyneth;Pearse;Gwyneth.Pearse@gmail.com;worker
2605;Chickie;Yerkovich;Chickie.Yerkovich@gmail.com;police officer
2606;Daphne;Thar;Daphne.Thar@gmail.com;police officer
2607;Dania;Atonsah;Dania.Atonsah@gmail.com;firefighter
2608;Donnie;Orelee;Donnie.Orelee@gmail.com;worker
2609;Harrietta;Alarise;Harrietta.Alarise@gmail.com;worker
2610;Rani;Screens;Rani.Screens@gmail.com;worker
2611;Chloris;Howlyn;Chloris.Howlyn@gmail.com;firefighter
2612;Almeta;Hebner;Almeta.Hebner@gmail.com;police officer
2613;Oona;Lissi;Oona.Lissi@gmail.com;doctor
2614;Margarette;Gert;Margarette.Gert@gmail.com;police officer
2615;Sean;Anyah;Sean.Anyah@gmail.com;doctor
2616;Imojean;Kravits;Imojean.Kravits@gmail.com;firefighter
2617;Aurore;Kiyoshi;Aurore.Kiyoshi@gmail.com;police officer
2618;Jacenta;Aloise;Jacenta.Aloise@gmail.com;developer
2619;Gusty;Ogren;Gusty.Ogren@gmail.com;police officer
2620;Vinita;Viddah;Vinita.Viddah@gmail.com;firefighter
2621;Ruthe;Hashim;Ruthe.Hashim@gmail.com;worker
2622;Devina;Nadia;Devina.Nadia@gmail.com;firefighter
2623;Ilse;Germann;Ilse.Germann@gmail.com;developer
2624;Brianna;McGrody;Brianna.McGrody@gmail.com;developer
2625;Sharlene;Maribeth;Sharlene.Maribeth@gmail.com;worker
2626;Bobbi;Ogren;Bobbi.Ogren@gmail.com;worker
2627;Danika;Angelis;Danika.Angelis@gmail.com;worker
2628;Adore;Shama;Adore.Shama@gmail.com;developer
2629;Fanchon;Maxi;Fanchon.Maxi@gmail.com;doctor
2630;Leeanne;Yam;Leeanne.Yam@gmail.com;developer
2631;Jacenta;Goth;Jacenta.Goth@gmail.com;doctor
2632;Harmonia;Palocz;Harmonia.Palocz@gmail.com;doctor
2633;Orsola;Firmin;Orsola.Firmin@gmail.com;worker
2634;Lusa;Bigner;Lusa.Bigner@gmail.com;doctor
2635;Jaime;Remmer;Jaime.Remmer@gmail.com;worker
2636;Blondelle;Chinua;Blondelle.Chinua@gmail.com;police officer
2637;Agathe;Emmaline;Agathe.Emmaline@gmail.com;developer
2638;Cassondra;Carvey;Cassondra.Carvey@gmail.com;police officer
2639;Sashenka;Jefferey;Sashenka.Jefferey@gmail.com;developer
2640;Rani;Odysseus;Rani.Odysseus@gmail.com;doctor
2641;Chickie;Robertson;Chickie.Robertson@gmail.com;worker
2642;Jorry;Gregrory;Jorry.Gregrory@gmail.com;doctor
2643;Jolyn;Vharat;Jolyn.Vharat@gmail.com;developer
2644;Gilda;Whittaker;Gilda.Whittaker@gmail.com;worker
2645;Hollie;Fax;Hollie.Fax@gmail.com;doctor
2646;Lorne;Tyson;Lorne.Tyson@gmail.com;police officer
2647;Lanna;Silvan;Lanna.Silvan@gmail.com;developer
2648;Arlena;Gavrila;Arlena.Gavrila@gmail.com;police officer
2649;Cathie;Larochelle;Cathie.Larochelle@gmail.com;worker
2650;Monika;Brittani;Monika.Brittani@gmail.com;developer
2651;Neila;Gaulin;Neila.Gaulin@gmail.com;firefighter
2652;Dulcinea;Madaih;Dulcinea.Madaih@gmail.com;police officer
2653;Cassondra;Lipson;Cassondra.Lipson@gmail.com;worker
2654;Lacie;Margret;Lacie.Margret@gmail.com;worker
2655;Gwyneth;Yusuk;Gwyneth.Yusuk@gmail.com;police officer
2656;Doro;Goldina;Doro.Goldina@gmail.com;developer
2657;Charmaine;Noman;Charmaine.Noman@gmail.com;police officer
2658;Chloris;Leffen;Chloris.Leffen@gmail.com;firefighter
2659;June;Sisile;June.Sisile@gmail.com;police officer
2660;Livvyy;Brady;Livvyy.Brady@gmail.com;doctor
2661;Allis;Hepsibah;Allis.Hepsibah@gmail.com;doctor
2662;Vanessa;Wiener;Vanessa.Wiener@gmail.com;worker
2663;Candi;Francene;Candi.Francene@gmail.com;worker
2664;Minda;Cressida;Minda.Cressida@gmail.com;firefighter
2665;Arlena;Glovsky;Arlena.Glovsky@gmail.com;doctor
2666;Stephanie;Mozelle;Stephanie.Mozelle@gmail.com;developer
2667;Rhea;Havens;Rhea.Havens@gmail.com;worker
2668;Drucie;Killigrew;Drucie.Killigrew@gmail.com;developer
2669;Susette;Newell;Susette.Newell@gmail.com;developer
2670;Vevay;Maroney;Vevay.Maroney@gmail.com;police officer
2671;Hildegaard;Barbey;Hildegaard.Barbey@gmail.com;developer
2672;Ninnetta;Allys;Ninnetta.Allys@gmail.com;doctor
2673;Babita;Tamar;Babita.Tamar@gmail.com;worker
2674;Selia;O'Carroll;Selia.O'Carroll@gmail.com;firefighter
2675;Tobe;Means;Tobe.Means@gmail.com;firefighter
2676;Aimil;Donell;Aimil.Donell@gmail.com;worker
2677;Binny;Schalles;Binny.Schalles@gmail.com;firefighter
2678;Edith;Gaspard;Edith.Gaspard@gmail.com;doctor
2679;Cam;Cloris;Cam.Cloris@gmail.com;developer
2680;Viki;Friede;Viki.Friede@gmail.com;firefighter
2681;Kylynn;Brittani;Kylynn.Brittani@gmail.com;firefighter
2682;Olwen;McClimans;Olwen.McClimans@gmail.com;worker
2683;Anestassia;Santoro;Anestassia.Santoro@gmail.com;police officer
2684;Rhoda;Voletta;Rhoda.Voletta@gmail.com;doctor
2685;Joeann;Jary;Joeann.Jary@gmail.com;police officer
2686;Constance;Allys;Constance.Allys@gmail.com;doctor
2687;Layla;Lumbard;Layla.Lumbard@gmail.com;firefighter
2688;Cyndie;Wind;Cyndie.Wind@gmail.com;firefighter
2689;Donetta;Damarra;Donetta.Damarra@gmail.com;police officer
2690;Talya;Tamar;Talya.Tamar@gmail.com;worker
2691;Iseabal;Jagir;Iseabal.Jagir@gmail.com;doctor
2692;Hayley;Charmine;Hayley.Charmine@gmail.com;police officer
2693;Doro;Tarrant;Doro.Tarrant@gmail.com;worker
2694;Danny;Maiah;Danny.Maiah@gmail.com;police officer
2695;Suzette;Colbert;Suzette.Colbert@gmail.com;police officer
2696;Shaine;Agle;Shaine.Agle@gmail.com;developer
2697;Inga;Hamil;Inga.Hamil@gmail.com;doctor
2698;Corina;Regan;Corina.Regan@gmail.com;developer
2699;Aryn;Felizio;Aryn.Felizio@gmail.com;worker
2700;Adore;Couture;Adore.Couture@gmail.com;developer
2701;Kial;Pond;Kial.Pond@gmail.com;police officer
2702;Flo;Alice;Flo.Alice@gmail.com;police officer
2703;Robbi;Letsou;Robbi.Letsou@gmail.com;doctor
2704;Roslyn;Esmaria;Roslyn.Esmaria@gmail.com;firefighter
2705;Mady;Corrine;Mady.Corrine@gmail.com;police officer
2706;Drucie;Othilia;Drucie.Othilia@gmail.com;developer
2707;Loree;Narton;Loree.Narton@gmail.com;firefighter
2708;Jan;Bandeen;Jan.Bandeen@gmail.com;worker
2709;Ernesta;Jethro;Ernesta.Jethro@gmail.com;worker
2710;Lynde;Hortensia;Lynde.Hortensia@gmail.com;developer
2711;Rayna;Anestassia;Rayna.Anestassia@gmail.com;firefighter
2712;Tiffie;Rodmann;Tiffie.Rodmann@gmail.com;worker
2713;Mellicent;McCutcheon;Mellicent.McCutcheon@gmail.com;firefighter
2714;Trixi;Zenas;Trixi.Zenas@gmail.com;doctor
2715;Alexine;Wilona;Alexine.Wilona@gmail.com;police officer
2716;Rhea;Amadas;Rhea.Amadas@gmail.com;firefighter
2717;Charmaine;Stephie;Charmaine.Stephie@gmail.com;doctor
2718;Corly;Zachary;Corly.Zachary@gmail.com;police officer
2719;Binny;Toffic;Binny.Toffic@gmail.com;firefighter
2720;Dorothy;Agle;Dorothy.Agle@gmail.com;worker
2721;Silvana;Llovera;Silvana.Llovera@gmail.com;doctor
2722;Georgina;Izaak;Georgina.Izaak@gmail.com;doctor
2723;Hermione;Dulciana;Hermione.Dulciana@gmail.com;doctor
2724;Teriann;Harriman;Teriann.Harriman@gmail.com;doctor
2725;Sissy;Solitta;Sissy.Solitta@gmail.com;firefighter
2726;Nariko;Fleeta;Nariko.Fleeta@gmail.com;police officer
2727;Bibby;Sibyls;Bibby.Sibyls@gmail.com;worker
2728;Winifred;Kirbee;Winifred.Kirbee@gmail.com;police officer
2729;Lorenza;Ashely;Lorenza.Ashely@gmail.com;firefighter
2730;Joceline;Johnsson;Joceline.Johnsson@gmail.com;developer
2731;Gisela;Orelee;Gisela.Orelee@gmail.com;firefighter
2732;Aili;Percy;Aili.Percy@gmail.com;developer
2733;Elena;Raseda;Elena.Raseda@gmail.com;doctor
2734;Etta;Goode;Etta.Goode@gmail.com;worker
2735;Kaia;Mauer;Kaia.Mauer@gmail.com;worker
2736;Aryn;Stefa;Aryn.Stefa@gmail.com;doctor
2737;Taffy;Martsen;Taffy.Martsen@gmail.com;firefighter
2738;Alia;Bultman;Alia.Bultman@gmail.com;developer
2739;Fanchon;Grimbly;Fanchon.Grimbly@gmail.com;developer
2740;Elmira;Iiette;Elmira.Iiette@gmail.com;doctor
2741;Mary;Tybald;Mary.Tybald@gmail.com;police officer
2742;Ninnetta;Codding;Ninnetta.Codding@gmail.com;worker
2743;Keelia;Darian;Keelia.Darian@gmail.com;worker
2744;Robinia;Blake;Robinia.Blake@gmail.com;doctor
2745;Diena;Annabella;Diena.Annabella@gmail.com;worker
2746;Rosaline;Miru;Rosaline.Miru@gmail.com;worker
2747;Christy;Faria;Christy.Faria@gmail.com;developer
2748;Jasmina;Edmund;Jasmina.Edmund@gmail.com;doctor
2749;Dania;Iaverne;Dania.Iaverne@gmail.com;developer
2750;Riannon;Khorma;Riannon.Khorma@gmail.com;doctor
2751;Tera;Rheingold;Tera.Rheingold@gmail.com;worker
2752;Joy;Jethro;Joy.Jethro@gmail.com;police officer
2753;Sibella;Lail;Sibella.Lail@gmail.com;firefighter
2754;Nita;Wittie;Nita.Wittie@gmail.com;police officer
2755;Carol-Jean;Anestassia;Carol-Jean.Anestassia@gmail.com;worker
2756;Carmela;Justinn;Carmela.Justinn@gmail.com;police officer
2757;Zaria;Radu;Zaria.Radu@gmail.com;developer
2758;Aaren;Sibyls;Aaren.Sibyls@gmail.com;developer
2759;Dorice;Roche;Dorice.Roche@gmail.com;developer
2760;Kara-Lynn;Tyson;Kara-Lynn.Tyson@gmail.com;firefighter
2761;Morganica;Chapland;Morganica.Chapland@gmail.com;police officer
2762;Shauna;Ietta;Shauna.Ietta@gmail.com;doctor
2763;Diena;Linskey;Diena.Linskey@gmail.com;worker
2764;Hollie;Magnolia;Hollie.Magnolia@gmail.com;worker
2765;Diena;Callista;Diena.Callista@gmail.com;doctor
2766;Tami;Lytton;Tami.Lytton@gmail.com;firefighter
2767;Philis;Winnick;Philis.Winnick@gmail.com;police officer
2768;Damaris;Wesle;Damaris.Wesle@gmail.com;firefighter
2769;Lelah;Sparhawk;Lelah.Sparhawk@gmail.com;developer
2770;Addia;Jary;Addia.Jary@gmail.com;firefighter
2771;Rubie;Jagir;Rubie.Jagir@gmail.com;firefighter
2772;Gwenneth;Fabiola;Gwenneth.Fabiola@gmail.com;doctor
2773;Sissy;Willie;Sissy.Willie@gmail.com;police officer
2774;Adore;Ledah;Adore.Ledah@gmail.com;police officer
2775;Kaja;Durante;Kaja.Durante@gmail.com;police officer
2776;Charlena;Pond;Charlena.Pond@gmail.com;developer
2777;Rivalee;Rona;Rivalee.Rona@gmail.com;firefighter
2778;Cathie;Japeth;Cathie.Japeth@gmail.com;firefighter
2779;Belinda;Bevin;Belinda.Bevin@gmail.com;doctor
2780;Karina;Tannie;Karina.Tannie@gmail.com;doctor
2781;Leia;Loleta;Leia.Loleta@gmail.com;worker
2782;Damaris;Read;Damaris.Read@gmail.com;developer
2783;Marcelline;Lytton;Marcelline.Lytton@gmail.com;doctor
2784;Max;Kristi;Max.Kristi@gmail.com;worker
2785;Marinna;Daveta;Marinna.Daveta@gmail.com;police officer
2786;Brandise;Lymann;Brandise.Lymann@gmail.com;worker
2787;Eadie;Roarke;Eadie.Roarke@gmail.com;firefighter
2788;Elie;Leonard;Elie.Leonard@gmail.com;developer
2789;Pierette;Rurik;Pierette.Rurik@gmail.com;doctor
2790;Dari;Candy;Dari.Candy@gmail.com;police officer
2791;Meriel;Pacorro;Meriel.Pacorro@gmail.com;doctor
2792;Mallory;Lane;Mallory.Lane@gmail.com;firefighter
2793;Kylynn;Ries;Kylynn.Ries@gmail.com;doctor
2794;Barbi;Adlare;Barbi.Adlare@gmail.com;doctor
2795;Cordi;Phyllis;Cordi.Phyllis@gmail.com;police officer
2796;Amelia;Nahum;Amelia.Nahum@gmail.com;doctor
2797;Kellen;Brandice;Kellen.Brandice@gmail.com;developer
2798;Meghann;Travax;Meghann.Travax@gmail.com;worker
2799;Margalo;Schenck;Margalo.Schenck@gmail.com;firefighter
2800;Anallese;Cecile;Anallese.Cecile@gmail.com;police officer
2801;Alie;Jammal;Alie.Jammal@gmail.com;developer
2802;Teddie;Bates;Teddie.Bates@gmail.com;worker
2803;Celene;Socha;Celene.Socha@gmail.com;worker
2804;Anestassia;Herrera;Anestassia.Herrera@gmail.com;developer
2805;Shauna;Allys;Shauna.Allys@gmail.com;developer
2806;Randa;Cynar;Randa.Cynar@gmail.com;developer
2807;Kara-Lynn;Brieta;Kara-Lynn.Brieta@gmail.com;doctor
2808;Aryn;Kelula;Aryn.Kelula@gmail.com;police officer
2809;Paola;O'Neill;Paola.O'Neill@gmail.com;police officer
2810;Anica;Even;Anica.Even@gmail.com;police officer
2811;Malina;Ricki;Malina.Ricki@gmail.com;doctor
2812;Corry;Helfand;Corry.Helfand@gmail.com;firefighter
2813;Phylis;Sheedy;Phylis.Sheedy@gmail.com;police officer
2814;Modestia;Lory;Modestia.Lory@gmail.com;police officer
2815;Sidoney;Montgomery;Sidoney.Montgomery@gmail.com;developer
2816;Kirbee;Huggins;Kirbee.Huggins@gmail.com;doctor
2817;Kayla;Sheedy;Kayla.Sheedy@gmail.com;doctor
2818;Annaliese;Lilas;Annaliese.Lilas@gmail.com;doctor
2819;Kimberley;Christine;Kimberley.Christine@gmail.com;firefighter
2820;Dennie;Carbo;Dennie.Carbo@gmail.com;police officer
2821;Kary;Wittie;Kary.Wittie@gmail.com;doctor
2822;Kirstin;Brotherson;Kirstin.Brotherson@gmail.com;developer
2823;Devina;Teddman;Devina.Teddman@gmail.com;police officer
2824;Hannis;Seligman;Hannis.Seligman@gmail.com;doctor
2825;Alyda;Screens;Alyda.Screens@gmail.com;worker
2826;Cathyleen;Elisha;Cathyleen.Elisha@gmail.com;police officer
2827;Dotty;Fiann;Dotty.Fiann@gmail.com;doctor
2828;Winifred;Euridice;Winifred.Euridice@gmail.com;worker
2829;Natka;Jethro;Natka.Jethro@gmail.com;firefighter
2830;Sidoney;Schonfeld;Sidoney.Schonfeld@gmail.com;police officer
2831;Bill;Cordi;Bill.Cordi@gmail.com;firefighter
2832;Fina;Gaulin;Fina.Gaulin@gmail.com;firefighter
2833;Blinni;Ahab;Blinni.Ahab@gmail.com;developer
2834;Clarice;Isacco;Clarice.Isacco@gmail.com;police officer
2835;Fawne;Seumas;Fawne.Seumas@gmail.com;doctor
2836;Elka;Audly;Elka.Audly@gmail.com;developer
2837;Lusa;Helfand;Lusa.Helfand@gmail.com;worker
2838;Kellen;Honoria;Kellen.Honoria@gmail.com;worker
2839;Carmencita;Laurianne;Carmencita.Laurianne@gmail.com;doctor
2840;Edith;Letsou;Edith.Letsou@gmail.com;police officer
2841;Peri;Ambrosia;Peri.Ambrosia@gmail.com;doctor
2842;Chrystel;Damarra;Chrystel.Damarra@gmail.com;firefighter
2843;Winifred;Orpah;Winifred.Orpah@gmail.com;developer
2844;Shell;Oneida;Shell.Oneida@gmail.com;developer
2845;Atlanta;Waite;Atlanta.Waite@gmail.com;developer
2846;Brandise;Ellerey;Brandise.Ellerey@gmail.com;doctor
2847;Gisela;Zaslow;Gisela.Zaslow@gmail.com;firefighter
2848;Raina;Soneson;Raina.Soneson@gmail.com;firefighter
2849;Mara;Ilka;Mara.Ilka@gmail.com;firefighter
2850;Kirbee;Saree;Kirbee.Saree@gmail.com;firefighter
2851;Tina;Freddi;Tina.Freddi@gmail.com;police officer
2852;Maisey;Natica;Maisey.Natica@gmail.com;police officer
2853;Mureil;Morrill;Mureil.Morrill@gmail.com;developer
2854;Dale;Bearnard;Dale.Bearnard@gmail.com;police officer
2855;Myriam;Harned;Myriam.Harned@gmail.com;firefighter
2856;Paule;Barrus;Paule.Barrus@gmail.com;doctor
2857;Bobinette;Wareing;Bobinette.Wareing@gmail.com;worker
2858;Dione;Viddah;Dione.Viddah@gmail.com;worker
2859;Emmey;Horan;Emmey.Horan@gmail.com;firefighter
2860;Collen;Weinreb;Collen.Weinreb@gmail.com;police officer
2861;Helsa;Kare;Helsa.Kare@gmail.com;developer
2862;Barbi;Sophronia;Barbi.Sophronia@gmail.com;firefighter
2863;Codie;Cleo;Codie.Cleo@gmail.com;worker
2864;Courtnay;Vary;Courtnay.Vary@gmail.com;firefighter
2865;Dyann;Pelagias;Dyann.Pelagias@gmail.com;developer
2866;Jaclyn;Fleeta;Jaclyn.Fleeta@gmail.com;police officer
2867;Andree;Waldron;Andree.Waldron@gmail.com;doctor
2868;Helena;Izaak;Helena.Izaak@gmail.com;worker
2869;Fina;Sawtelle;Fina.Sawtelle@gmail.com;developer
2870;Melisent;Fadiman;Melisent.Fadiman@gmail.com;doctor
2871;Jolyn;Hailee;Jolyn.Hailee@gmail.com;firefighter
2872;Drucie;Orelee;Drucie.Orelee@gmail.com;worker
2873;Kellen;Lynn;Kellen.Lynn@gmail.com;doctor
2874;Rayna;Cornelia;Rayna.Cornelia@gmail.com;firefighter
2875;Hannis;Margarete;Hannis.Margarete@gmail.com;worker
2876;Elka;Lubin;Elka.Lubin@gmail.com;worker
2877;Kore;Fadiman;Kore.Fadiman@gmail.com;firefighter
2878;Sybille;Alcott;Sybille.Alcott@gmail.com;police officer
2879;Cherrita;Faso;Cherrita.Faso@gmail.com;doctor
2880;Lilith;Zeeba;Lilith.Zeeba@gmail.com;doctor
2881;Tatiania;Schalles;Tatiania.Schalles@gmail.com;firefighter
2882;Laurene;Lacombe;Laurene.Lacombe@gmail.com;doctor
2883;Amelia;Suanne;Amelia.Suanne@gmail.com;firefighter
2884;Mignon;Kirbee;Mignon.Kirbee@gmail.com;doctor
2885;Kirbee;Garek;Kirbee.Garek@gmail.com;worker
2886;Rhea;Donoghue;Rhea.Donoghue@gmail.com;developer
2887;Zia;Teryn;Zia.Teryn@gmail.com;worker
2888;Tera;Graig;Tera.Graig@gmail.com;doctor
2889;Berget;Nea;Berget.Nea@gmail.com;developer
2890;Melina;Pelagias;Melina.Pelagias@gmail.com;worker
2891;Heida;Talia;Heida.Talia@gmail.com;developer
2892;Konstance;Cosenza;Konstance.Cosenza@gmail.com;developer
2893;Philis;Socha;Philis.Socha@gmail.com;developer
2894;Edyth;Creamer;Edyth.Creamer@gmail.com;worker
2895;Karly;Blake;Karly.Blake@gmail.com;police officer
2896;Gabriellia;Fiann;Gabriellia.Fiann@gmail.com;worker
2897;Amalie;Hailee;Amalie.Hailee@gmail.com;developer
2898;Phedra;August;Phedra.August@gmail.com;doctor
2899;Helsa;Friede;Helsa.Friede@gmail.com;firefighter
2900;Joy;Genna;Joy.Genna@gmail.com;police officer
2901;Adele;McNully;Adele.McNully@gmail.com;firefighter
2902;Moyna;Chrystel;Moyna.Chrystel@gmail.com;worker
2903;Alejandra;Fink;Alejandra.Fink@gmail.com;developer
2904;Sara-Ann;Katrine;Sara-Ann.Katrine@gmail.com;firefighter
2905;Tressa;Ciro;Tressa.Ciro@gmail.com;worker
2906;Krystle;Louanna;Krystle.Louanna@gmail.com;worker
2907;Kenna;Paine;Kenna.Paine@gmail.com;developer
2908;Dagmar;Kaete;Dagmar.Kaete@gmail.com;police officer
2909;Marcelline;Whiffen;Marcelline.Whiffen@gmail.com;police officer
2910;Giustina;Lubin;Giustina.Lubin@gmail.com;police officer
2911;Moyna;Hartnett;Moyna.Hartnett@gmail.com;doctor
2912;Addia;Hutchison;Addia.Hutchison@gmail.com;doctor
2913;Zia;Ellord;Zia.Ellord@gmail.com;doctor
2914;Janey;Warthman;Janey.Warthman@gmail.com;firefighter
2915;Kamilah;Warthman;Kamilah.Warthman@gmail.com;firefighter
2916;Pearline;Hartnett;Pearline.Hartnett@gmail.com;doctor
2917;Cissiee;Wittie;Cissiee.Wittie@gmail.com;police officer
2918;Corry;Mata;Corry.Mata@gmail.com;worker
2919;Chrystel;Pip;Chrystel.Pip@gmail.com;worker
2920;Ardys;Marcellus;Ardys.Marcellus@gmail.com;firefighter
2921;Dominga;Kunin;Dominga.Kunin@gmail.com;developer
2922;Brooks;Fillbert;Brooks.Fillbert@gmail.com;worker
2923;Anthia;Noman;Anthia.Noman@gmail.com;firefighter
2924;Alameda;Kylander;Alameda.Kylander@gmail.com;doctor
2925;Bertine;Fry;Bertine.Fry@gmail.com;police officer
2926;Pearline;Howlyn;Pearline.Howlyn@gmail.com;firefighter
2927;Wilma;Cordi;Wilma.Cordi@gmail.com;worker
2928;Fayre;Freddi;Fayre.Freddi@gmail.com;firefighter
2929;Kayla;Holbrook;Kayla.Holbrook@gmail.com;worker
2930;Bernie;Gherardo;Bernie.Gherardo@gmail.com;developer
2931;Ricky;Felizio;Ricky.Felizio@gmail.com;police officer
2932;Yvonne;Milde;Yvonne.Milde@gmail.com;doctor
2933;Tracey;Lymann;Tracey.Lymann@gmail.com;doctor
2934;Kirstin;Rodmann;Kirstin.Rodmann@gmail.com;worker
2935;Gertrud;Justinn;Gertrud.Justinn@gmail.com;worker
2936;Amalie;Dannye;Amalie.Dannye@gmail.com;doctor
2937;Fredericka;Mayeda;Fredericka.Mayeda@gmail.com;developer
2938;Mireielle;Belldas;Mireielle.Belldas@gmail.com;worker
2939;Romona;Bandeen;Romona.Bandeen@gmail.com;developer
2940;Korrie;Markman;Korrie.Markman@gmail.com;doctor
2941;Marcelline;Carey;Marcelline.Carey@gmail.com;developer
2942;Constance;Hieronymus;Constance.Hieronymus@gmail.com;developer
2943;Dominga;Tatianas;Dominga.Tatianas@gmail.com;firefighter
2944;Marjie;Libna;Marjie.Libna@gmail.com;firefighter
2945;Kaja;Hewitt;Kaja.Hewitt@gmail.com;police officer
2946;Jean;Annabella;Jean.Annabella@gmail.com;worker
2947;Nadine;Iiette;Nadine.Iiette@gmail.com;worker
2948;Rochette;Ludewig;Rochette.Ludewig@gmail.com;doctor
2949;Rani;Sibyls;Rani.Sibyls@gmail.com;doctor
2950;Sindee;Elephus;Sindee.Elephus@gmail.com;police officer
2951;Sidoney;Bertold;Sidoney.Bertold@gmail.com;worker
2952;Diena;Hillel;Diena.Hillel@gmail.com;police officer
2953;Renie;Colbert;Renie.Colbert@gmail.com;doctor
2954;Frank;Jalbert;Frank.Jalbert@gmail.com;doctor
2955;Jsandye;Zina;Jsandye.Zina@gmail.com;police officer
2956;Aeriela;Halla;Aeriela.Halla@gmail.com;developer
2957;Emylee;Whiffen;Emylee.Whiffen@gmail.com;firefighter
2958;Viki;Clarissa;Viki.Clarissa@gmail.com;doctor
2959;Lizzie;Carleen;Lizzie.Carleen@gmail.com;worker
2960;Taffy;Calhoun;Taffy.Calhoun@gmail.com;developer
2961;Rebeca;Robertson;Rebeca.Robertson@gmail.com;firefighter
2962;Stevana;Paine;Stevana.Paine@gmail.com;developer
2963;Cordi;Celestine;Cordi.Celestine@gmail.com;police officer
2964;Janey;Vastah;Janey.Vastah@gmail.com;doctor
2965;Kaja;Naor;Kaja.Naor@gmail.com;firefighter
2966;Tersina;Lauraine;Tersina.Lauraine@gmail.com;firefighter
2967;Kerrin;Goode;Kerrin.Goode@gmail.com;doctor
2968;Robinia;Goerke;Robinia.Goerke@gmail.com;developer
2969;Aimil;Merell;Aimil.Merell@gmail.com;worker
2970;Jacenta;Sheng;Jacenta.Sheng@gmail.com;police officer
2971;Flory;Giule;Flory.Giule@gmail.com;doctor
2972;Dennie;Zaslow;Dennie.Zaslow@gmail.com;firefighter
2973;Mara;Yerkovich;Mara.Yerkovich@gmail.com;worker
2974;Leanna;Durware;Leanna.Durware@gmail.com;firefighter
2975;Oralee;Roumell;Oralee.Roumell@gmail.com;developer
2976;Miquela;Whiffen;Miquela.Whiffen@gmail.com;developer
2977;Nataline;Berard;Nataline.Berard@gmail.com;doctor
2978;Esmeralda;Tatianas;Esmeralda.Tatianas@gmail.com;doctor
2979;Fred;Newell;Fred.Newell@gmail.com;police officer
2980;Meghann;Helfand;Meghann.Helfand@gmail.com;police officer
2981;Micheline;Kress;Micheline.Kress@gmail.com;firefighter
2982;Maye;MacIntosh;Maye.MacIntosh@gmail.com;police officer
2983;Brena;Jary;Brena.Jary@gmail.com;police officer
2984;Catrina;Rooney;Catrina.Rooney@gmail.com;developer
2985;Courtnay;Zachary;Courtnay.Zachary@gmail.com;developer
2986;Christy;Cristi;Christy.Cristi@gmail.com;developer
2987;Sheree;An;Sheree.An@gmail.com;doctor
2988;Mara;Felecia;Mara.Felecia@gmail.com;firefighter
2989;Tomasina;Mathilde;Tomasina.Mathilde@gmail.com;worker
2990;Carol-Jean;Mott;Carol-Jean.Mott@gmail.com;doctor
2991;Wilma;Raseda;Wilma.Raseda@gmail.com;developer
2992;Ivett;Goldina;Ivett.Goldina@gmail.com;developer
2993;Rivalee;Leler;Rivalee.Leler@gmail.com;worker
2994;Luci;Bearnard;Luci.Bearnard@gmail.com;developer
2995;Margette;Lasley;Margette.Lasley@gmail.com;doctor
2996;Petronia;Kermit;Petronia.Kermit@gmail.com;worker
2997;Veda;Gillan;Veda.Gillan@gmail.com;doctor
2998;Brandise;Lasley;Brandise.Lasley@gmail.com;doctor
2999;Kenna;Trace;Kenna.Trace@gmail.com;firefighter
3000;Elora;Clara;Elora.Clara@gmail.com;firefighter
3001;Julieta;Horan;Julieta.Horan@gmail.com;police officer
3002;Melodie;Martguerita;Melodie.Martguerita@gmail.com;doctor
3003;Laurene;Sisile;Laurene.Sisile@gmail.com;police officer
3004;Kayla;Havens;Kayla.Havens@gmail.com;developer
3005;Caryl;Maurine;Caryl.Maurine@gmail.com;developer
3006;Jenilee;Rebecka;Jenilee.Rebecka@gmail.com;developer
3007;Corly;Vittoria;Corly.Vittoria@gmail.com;firefighter
3008;Atlanta;Ledah;Atlanta.Ledah@gmail.com;worker
3009;Hyacinthe;Faro;Hyacinthe.Faro@gmail.com;doctor
3010;Christy;Giule;Christy.Giule@gmail.com;doctor
3011;Sadie;Gherardo;Sadie.Gherardo@gmail.com;firefighter
3012;Tracey;Docilla;Tracey.Docilla@gmail.com;firefighter
3013;Feliza;Dudley;Feliza.Dudley@gmail.com;firefighter
3014;Inga;Rustice;Inga.Rustice@gmail.com;police officer
3015;Luci;Sparhawk;Luci.Sparhawk@gmail.com;firefighter
3016;Eadie;Zitvaa;Eadie.Zitvaa@gmail.com;developer
3017;Kimmy;Lemuela;Kimmy.Lemuela@gmail.com;police officer
3018;Mignon;Anton;Mignon.Anton@gmail.com;firefighter
3019;Rhea;Wooster;Rhea.Wooster@gmail.com;developer
3020;Netty;Bebe;Netty.Bebe@gmail.com;firefighter
3021;Xylina;Roumell;Xylina.Roumell@gmail.com;police officer
3022;Ariela;Florina;Ariela.Florina@gmail.com;police officer
3023;Lindie;Pyle;Lindie.Pyle@gmail.com;worker
3024;Livvyy;Jacinda;Livvyy.Jacinda@gmail.com;doctor
3025;Gavrielle;Sawtelle;Gavrielle.Sawtelle@gmail.com;firefighter
3026;Joane;Leonard;Joane.Leonard@gmail.com;developer
3027;Shaylyn;Rocray;Shaylyn.Rocray@gmail.com;firefighter
3028;Gisela;Barney;Gisela.Barney@gmail.com;doctor
3029;Allyce;Madox;Allyce.Madox@gmail.com;firefighter
3030;Briney;Bigner;Briney.Bigner@gmail.com;developer
3031;Daune;Orlene;Daune.Orlene@gmail.com;firefighter
3032;Donetta;Mike;Donetta.Mike@gmail.com;developer
3033;Emmey;Darbie;Emmey.Darbie@gmail.com;developer
3034;Patricia;Ramona;Patricia.Ramona@gmail.com;police officer
3035;Tobe;Monk;Tobe.Monk@gmail.com;developer
3036;Bettine;Verger;Bettine.Verger@gmail.com;police officer
3037;Clo;Rurik;Clo.Rurik@gmail.com;doctor
3038;Zia;Evangelia;Zia.Evangelia@gmail.com;developer
3039;Sean;Dreda;Sean.Dreda@gmail.com;worker
3040;Orelia;Merriott;Orelia.Merriott@gmail.com;worker
3041;Lorenza;Lail;Lorenza.Lail@gmail.com;developer
3042;Zondra;Douglass;Zondra.Douglass@gmail.com;developer
3043;Tani;Melleta;Tani.Melleta@gmail.com;firefighter
3044;Annice;Hoenack;Annice.Hoenack@gmail.com;firefighter
3045;Dagmar;Brotherson;Dagmar.Brotherson@gmail.com;police officer
3046;Jere;Blake;Jere.Blake@gmail.com;worker
3047;Florie;Lail;Florie.Lail@gmail.com;firefighter
3048;Clo;Clara;Clo.Clara@gmail.com;police officer
3049;Donetta;Anderea;Donetta.Anderea@gmail.com;firefighter
3050;Hallie;Mozelle;Hallie.Mozelle@gmail.com;doctor
3051;Stephanie;Anyah;Stephanie.Anyah@gmail.com;developer
3052;Hermione;Elsinore;Hermione.Elsinore@gmail.com;firefighter
3053;Nikki;Nadia;Nikki.Nadia@gmail.com;doctor
3054;Reeba;Stanwood;Reeba.Stanwood@gmail.com;police officer
3055;Bill;Raul;Bill.Raul@gmail.com;police officer
3056;Beatriz;Grayce;Beatriz.Grayce@gmail.com;firefighter
3057;Merle;Noam;Merle.Noam@gmail.com;doctor
3058;Ayn;Libna;Ayn.Libna@gmail.com;police officer
3059;Elmira;Wadell;Elmira.Wadell@gmail.com;developer
3060;Carilyn;Isidore;Carilyn.Isidore@gmail.com;worker
3061;Marjie;Hanshaw;Marjie.Hanshaw@gmail.com;doctor
3062;Dari;Cullin;Dari.Cullin@gmail.com;police officer
3063;Stacey;Hull;Stacey.Hull@gmail.com;worker
3064;Gusella;Creamer;Gusella.Creamer@gmail.com;developer
3065;Marika;Dom;Marika.Dom@gmail.com;developer
3066;Glynnis;Bennie;Glynnis.Bennie@gmail.com;firefighter
3067;Fayre;Newell;Fayre.Newell@gmail.com;police officer
3068;Tamqrah;Clara;Tamqrah.Clara@gmail.com;firefighter
3069;Claudina;Pacorro;Claudina.Pacorro@gmail.com;police officer
3070;Darlleen;Warthman;Darlleen.Warthman@gmail.com;police officer
3071;Doralynne;Chauncey;Doralynne.Chauncey@gmail.com;doctor
3072;Natka;Alabaster;Natka.Alabaster@gmail.com;police officer
3073;Silvana;Halsey;Silvana.Halsey@gmail.com;worker
3074;Ruthe;Natalia;Ruthe.Natalia@gmail.com;firefighter
3075;Jessy;Kazimir;Jessy.Kazimir@gmail.com;police officer
3076;Gwyneth;Phaidra;Gwyneth.Phaidra@gmail.com;police officer
3077;Willetta;Turne;Willetta.Turne@gmail.com;police officer
3078;Kayla;Juan;Kayla.Juan@gmail.com;police officer
3079;Riannon;Hortensia;Riannon.Hortensia@gmail.com;developer
3080;Neila;Bonilla;Neila.Bonilla@gmail.com;police officer
3081;Paule;Bahr;Paule.Bahr@gmail.com;worker
3082;Danika;Masao;Danika.Masao@gmail.com;police officer
3083;Dacia;Means;Dacia.Means@gmail.com;doctor
3084;Imojean;Paton;Imojean.Paton@gmail.com;firefighter
3085;Viviene;Drus;Viviene.Drus@gmail.com;worker
3086;Myriam;Mich;Myriam.Mich@gmail.com;police officer
3087;Dawn;Frendel;Dawn.Frendel@gmail.com;worker
3088;Deirdre;Hamil;Deirdre.Hamil@gmail.com;worker
3089;Cam;Euridice;Cam.Euridice@gmail.com;developer
3090;Lusa;Ambrosia;Lusa.Ambrosia@gmail.com;developer
3091;Micheline;Sheedy;Micheline.Sheedy@gmail.com;developer
3092;Yolane;Pip;Yolane.Pip@gmail.com;developer
3093;Viki;Loring;Viki.Loring@gmail.com;doctor
3094;Devina;Linskey;Devina.Linskey@gmail.com;firefighter
3095;Ardys;Wyn;Ardys.Wyn@gmail.com;police officer
3096;Tabbatha;Middleton;Tabbatha.Middleton@gmail.com;police officer
3097;Elfreda;Old;Elfreda.Old@gmail.com;doctor
3098;Philis;Alabaster;Philis.Alabaster@gmail.com;firefighter
3099;Gusella;Lanita;Gusella.Lanita@gmail.com;doctor