id;firstname;lastname;email;profession
100;Eve;Read;Eve.Read@gmail.com;developer
101;Cassandra;Dunkin;Cassandra.Dunkin@gmail.com;police officer
102;Genevra;Fontana;Genevra.Fontana@gmail.com;police officer
103;Jan;Nicoline;Jan.Nicoline@gmail.com;doctor
104;Kylynn;Elisha;Kylynn.Elisha@gmail.com;police officer
105;Winny;Mozelle;Winny.Mozelle@gmail.com;developer
106;Gerianna;Johanna;Gerianna.Johanna@gmail.com;developer
107;Drucie;Eiser;Drucie.Eiser@gmail.com;doctor
108;Korrie;Hunfredo;Korrie.Hunfredo@gmail.com;firefighter
109;Luci;Maribeth;Luci.Maribeth@gmail.com;firefighter
110;Brianna;Harday;Brianna.Harday@gmail.com;worker
111;Tilly;Grosz;Tilly.Grosz@gmail.com;doctor
112;Karlee;Laverne;Karlee.Laverne@gmail.com;developer
113;Lorenza;Berne;Lorenza.Berne@gmail.com;firefighter
114;Darci;Posner;Darci.Posner@gmail.com;doctor
115;Petronia;Drisko;Petronia.Drisko@gmail.com;developer
116;Lusa;Kellby;Lusa.Kellby@gmail.com;developer
117;Lulita;Wandie;Lulita.Wandie@gmail.com;worker
118;Lanae;Delacourt;Lanae.Delacourt@gmail.com;firefighter
119;Andeee;Lail;Andeee.Lail@gmail.com;police officer
120;Teddie;Therine;Teddie.Therine@gmail.com;developer
121;Starla;Sekofski;Starla.Sekofski@gmail.com;police officer
122;Marcelline;Brenn;Marcelline.Brenn@gmail.com;firefighter
123;Atlanta;Vernier;Atlanta.Vernier@gmail.com;doctor
124;Cathyleen;Salvidor;Cathyleen.Salvidor@gmail.com;police officer
125;Basia;Naashom;Basia.Naashom@gmail.com;firefighter
126;Maud;Drus;Maud.Drus@gmail.com;developer
127;Hallie;Fleeta;Hallie.Fleeta@gmail.com;firefighter
128;Brietta;Maryanne;Brietta.Maryanne@gmail.com;police officer
129;Shaine;Tannie;Shaine.Tannie@gmail.com;worker
130;Danny;Vanni;Danny.Vanni@gmail.com;developer
131;Jinny;Brunell;Jinny.Brunell@gmail.com;doctor
132;Alie;Junie;Alie.Junie@gmail.com;firefighter
133;Hayley;Narton;Hayley.Narton@gmail.com;worker
134;Amelia;Pascia;Amelia.Pascia@gmail.com;worker
135;Lyssa;Wilona;Lyssa.Wilona@gmail.com;worker
136;Gisela;Ball;Gisela.Ball@gmail.com;worker
137;Wilma;Tryck;Wilma.Tryck@gmail.com;developer
138;Wendi;Belldas;Wendi.Belldas@gmail.com;doctor
139;Imojean;Kaete;Imojean.Kaete@gmail.com;worker
140;Kittie;Seligman;Kittie.Seligman@gmail.com;firefighter
141;Livvyy;Hylan;Livvyy.Hylan@gmail.com;doctor
142;Lacie;Anis;Lacie.Anis@gmail.com;firefighter
143;Marinna;Hoban;Marinna.Hoban@gmail.com;worker
144;Blinni;Blake;Blinni.Blake@gmail.com;police officer
145;Steffane;Turne;Steffane.Turne@gmail.com;police officer
146;Sara-Ann;Keily;Sara-Ann.Keily@gmail.com;firefighter
147;Heddie;Hourigan;Heddie.Hourigan@gmail.com;police officer
148;Kathy;Meter;Kathy.Meter@gmail.com;firefighter
149;Isa;Elo;Isa.Elo@gmail.com;developer
150;Ann-Marie;Beniamino;Ann-Marie.Beniamino@gmail.com;firefighter
151;Tressa;Kussell;Tressa.Kussell@gmail.com;doctor
152;Mureil;Madelene;Mureil.Madelene@gmail.com;police officer
153;Desirae;Tryck;Desirae.Tryck@gmail.com;firefighter
154;Kaia;Hilbert;Kaia.Hilbert@gmail.com;police officer
155;Anica;Jorgan;Anica.Jorgan@gmail.com;developer
156;Philis;Arley;Philis.Arley@gmail.com;doctor
157;Charlena;Sothena;Charlena.Sothena@gmail.com;firefighter
158;Joelly;Garek;Joelly.Garek@gmail.com;police officer
159;Monika;Kirbee;Monika.Kirbee@gmail.com;doctor
160;Bobinette;Demitria;Bobinette.Demitria@gmail.com;police officer
161;Janey;Lemuela;Janey.Lemuela@gmail.com;worker
162;Zaria;Si;Zaria.Si@gmail.com;doctor
163;Marline;Sinegold;Marline.Sinegold@gmail.com;developer
164;Loree;Vittoria;Loree.Vittoria@gmail.com;firefighter
165;Tiffie;Dorine;Tiffie.Dorine@gmail.com;developer
166;Berget;Shama;Berget.Shama@gmail.com;firefighter
167;Berta;Shaver;Berta.Shaver@gmail.com;worker
168;Clo;Hertzfeld;Clo.Hertzfeld@gmail.com;doctor
169;Myriam;Carmena;Myriam.Carmena@gmail.com;developer
170;Ottilie;Ciapas;Ottilie.Ciapas@gmail.com;developer
171;Lily;Ramona;Lily.Ramona@gmail.com;police officer
172;Bobinette;Hylan;Bobinette.Hylan@gmail.com;firefighter
173;Rozele;Rhu;Rozele.Rhu@gmail.com;doctor
174;Shel;Hubert;Shel.Hubert@gmail.com;worker
175;Chrystel;Gavrila;Chrystel.Gavrila@gmail.com;firefighter
176;Kary;Warthman;Kary.Warthman@gmail.com;firefighter
177;Mary;LaRue;Mary.LaRue@gmail.com;firefighter
178;Dione;Atcliffe;Dione.Atcliffe@gmail.com;police officer
179;Reeba;Claudine;Reeba.Claudine@gmail.com;police officer
180;Sybille;Ackerley;Sybille.Ackerley@gmail.com;worker
181;Roberta;Madaih;Roberta.Madaih@gmail.com;firefighter
182;Joelly;Kare;Joelly.Kare@gmail.com;police officer
183;Claresta;Gilbertson;Claresta.Gilbertson@gmail.com;worker
184;Jere;Mata;Jere.Mata@gmail.com;developer
185;Catrina;Sibyls;Catrina.Sibyls@gmail.com;firefighter
186;Kristan;Keily;Kristan.Keily@gmail.com;police officer
187;Di;Kalinda;Di.Kalinda@gmail.com;doctor
188;Hettie;Glenden;Hettie.Glenden@gmail.com;doctor
189;Max;Kosey;Max.Kosey@gmail.com;doctor
190;Sara-Ann;Raffo;Sara-Ann.Raffo@gmail.com;doctor
191;Binny;Baptlsta;Binny.Baptlsta@gmail.com;developer
192;Frieda;Gower;Frieda.Gower@gmail.com;police officer
193;Edee;Abram;Edee.Abram@gmail.com;firefighter
194;Alexine;Ries;Alexine.Ries@gmail.com;developer
195;Anthia;Irmine;Anthia.Irmine@gmail.com;developer
196;Candi;Teryn;Candi.Teryn@gmail.com;police officer
197;Ginnie;Michella;Ginnie.Michella@gmail.com;doctor
198;Norine;Brady;Norine.Brady@gmail.com;doctor
199;Myrtice;Goddard;Myrtice.Goddard@gmail.com;firefighter
200;Antonietta;Herrera;Antonietta.Herrera@gmail.com;developer
201;Renie;Brittani;Renie.Brittani@gmail.com;worker
202;Kirbee;Maribeth;Kirbee.Maribeth@gmail.com;police officer
203;Laure;Cornelia;Laure.Cornelia@gmail.com;firefighter
204;Zaria;Amethist;Zaria.Amethist@gmail.com;worker
205;Paulita;Couture;Paulita.Couture@gmail.com;developer
206;Zondra;Cynar;Zondra.Cynar@gmail.com;police officer
207;Alex;Valoniah;Alex.Valoniah@gmail.com;police officer
208;Ginnie;Dunkin;Ginnie.Dunkin@gmail.com;doctor
209;Merle;Fadiman;Merle.Fadiman@gmail.com;firefighter
210;Halette;Ade;Halette.Ade@gmail.com;doctor
211;Nyssa;Tyson;Nyssa.Tyson@gmail.com;developer
212;June;Sothena;June.Sothena@gmail.com;doctor
213;Cindelyn;Lalitta;Cindelyn.Lalitta@gmail.com;developer
214;Kristan;Magnolia;Kristan.Magnolia@gmail.com;police officer
215;Lizzie;Gavrila;Lizzie.Gavrila@gmail.com;police officer
216;Abbie;Gaulin;Abbie.Gaulin@gmail.com;worker
217;Nikki;Hirsch;Nikki.Hirsch@gmail.com;firefighter
218;Violet;Palocz;Violet.Palocz@gmail.com;doctor
219;Liana;Evangelia;Liana.Evangelia@gmail.com;worker
220;Britni;Ilka;Britni.Ilka@gmail.com;developer
221;Brandise;Fink;Brandise.Fink@gmail.com;doctor
222;Sam;Bashemeth;Sam.Bashemeth@gmail.com;doctor
223;Carlie;Sherrie;Carlie.Sherrie@gmail.com;developer
224;Catrina;Emanuel;Catrina.Emanuel@gmail.com;firefighter
225;Yvonne;Niccolo;Yvonne.Niccolo@gmail.com;doctor
226;Gilligan;Fiester;Gilligan.Fiester@gmail.com;worker
227;Fanny;Riordan;Fanny.Riordan@gmail.com;police officer
228;Edee;Shaddock;Edee.Shaddock@gmail.com;worker
229;Flo;Honoria;Flo.Honoria@gmail.com;police officer
230;Steffane;Anselmi;Steffane.Anselmi@gmail.com;firefighter
231;Ruthe;Stover;Ruthe.Stover@gmail.com;police officer
232;Adriana;Carolin;Adriana.Carolin@gmail.com;firefighter
233;Misha;Alisia;Misha.Alisia@gmail.com;worker
234;Dode;Martsen;Dode.Martsen@gmail.com;firefighter
235;Iseabal;Iphlgenia;Iseabal.Iphlgenia@gmail.com;firefighter
236;Evita;Chrystel;Evita.Chrystel@gmail.com;doctor
237;Kylynn;Ciro;Kylynn.Ciro@gmail.com;worker
238;Magdalena;Larochelle;Magdalena.Larochelle@gmail.com;worker
239;Malina;Maisey;Malina.Maisey@gmail.com;doctor
240;Tori;Pulsifer;Tori.Pulsifer@gmail.com;police officer
241;Lacie;Olin;Lacie.Olin@gmail.com;worker
242;Sam;Mike;Sam.Mike@gmail.com;worker
243;Lonnie;Iphlgenia;Lonnie.Iphlgenia@gmail.com;doctor
244;Keelia;Campball;Keelia.Campball@gmail.com;doctor
245;Emilia;Hanshaw;Emilia.Hanshaw@gmail.com;developer
246;Averyl;Charmine;Averyl.Charmine@gmail.com;worker
247;Orsola;Adalbert;Orsola.Adalbert@gmail.com;doctor
248;Stacey;Timon;Stacey.Timon@gmail.com;firefighter
249;Adriana;Arvo;Adriana.Arvo@gmail.com;developer
250;Evaleen;Lenny;Evaleen.Lenny@gmail.com;doctor
251;Andree;Docilla;Andree.Docilla@gmail.com;doctor
252;Angelique;Vanni;Angelique.Vanni@gmail.com;police officer
253;Goldie;Alexandr;Goldie.Alexandr@gmail.com;firefighter
254;Roxane;Lenny;Roxane.Lenny@gmail.com;firefighter
255;Corene;Fadiman;Corene.Fadiman@gmail.com;developer
256;Dari;Wandie;Dari.Wandie@gmail.com;worker
257;Joceline;Bearnard;Joceline.Bearnard@gmail.com;worker
258;Wanda;Leffen;Wanda.Leffen@gmail.com;developer
259;Ardeen;Pearse;Ardeen.Pearse@gmail.com;firefighter
260;Andree;Edee;Andree.Edee@gmail.com;developer
261;Glynnis;Bates;Glynnis.Bates@gmail.com;worker
262;Elka;Lindemann;Elka.Lindemann@gmail.com;firefighter
263;Shaine;Cornelia;Shaine.Cornelia@gmail.com;police officer
264;Deedee;Lacombe;Deedee.Lacombe@gmail.com;firefighter
265;Kassey;Quinn;Kassey.Quinn@gmail.com;developer
266;Daphne;Skell;Daphne.Skell@gmail.com;developer
267;Jessamyn;Belanger;Jessamyn.Belanger@gmail.com;police officer
268;Letizia;Danby;Letizia.Danby@gmail.com;police officer
269;Bobbi;Stilwell;Bobbi.Stilwell@gmail.com;firefighter
270;Corene;Winnick;Corene.Winnick@gmail.com;worker
271;Priscilla;Milde;Priscilla.Milde@gmail.com;developer
272;Tybie;Charity;Tybie.Charity@gmail.com;developer
273;Beth;Frodi;Beth.Frodi@gmail.com;worker
274;Mellicent;Diann;Mellicent.Diann@gmail.com;police officer
275;Christal;Aaberg;Christal.Aaberg@gmail.com;firefighter
276;Genovera;Bari;Genovera.Bari@gmail.com;police officer
277;Dotty;Toni;Dotty.Toni@gmail.com;worker
278;Teddie;Jefferey;Teddie.Jefferey@gmail.com;worker
279;Joane;Wadell;Joane.Wadell@gmail.com;firefighter
280;Rubie;Peg;Rubie.Peg@gmail.com;firefighter
281;Misha;Calhoun;Misha.Calhoun@gmail.com;doctor
282;Louella;Cynar;Louella.Cynar@gmail.com;developer
283;Bill;Torray;Bill.Torray@gmail.com;doctor
284;Rayna;Halsey;Rayna.Halsey@gmail.com;developer
285;Caryl;Bultman;Caryl.Bultman@gmail.com;police officer
286;Willetta;Salchunas;Willetta.Salchunas@gmail.com;police officer
287;Lindie;Soneson;Lindie.Soneson@gmail.com;developer
288;Mariann;Avi;Mariann.Avi@gmail.com;worker
289;Wileen;Kiersten;Wileen.Kiersten@gmail.com;worker
290;Modestia;Infield;Modestia.Infield@gmail.com;doctor
291;Suzette;Hertzfeld;Suzette.Hertzfeld@gmail.com;worker
292;Marleah;Kenney;Marleah.Kenney@gmail.com;worker
293;Mariann;Boehike;Mariann.Boehike@gmail.com;doctor
294;Sandie;Therine;Sandie.Therine@gmail.com;firefighter
295;Beatriz;Marisa;Beatriz.Marisa@gmail.com;police officer
296;Tabbatha;Margret;Tabbatha.Margret@gmail.com;worker
297;Joeann;Mich;Joeann.Mich@gmail.com;firefighter
298;Tami;Karl;Tami.Karl@gmail.com;police officer
299;Tami;Janene;Tami.Janene@gmail.com;police officer
300;Edee;Merat;Edee.Merat@gmail.com;police officer
301;Karina;Tatianas;Karina.Tatianas@gmail.com;firefighter
302;Antonietta;Quinn;Antonietta.Quinn@gmail.com;firefighter
303;Lilith;Florina;Lilith.Florina@gmail.com;police officer
304;Quintina;Duwalt;Quintina.Duwalt@gmail.com;firefighter
305;Di;Darbie;Di.Darbie@gmail.com;doctor
306;Giustina;Noam;Giustina.Noam@gmail.com;developer
307;Viviene;Bury;Viviene.Bury@gmail.com;worker
308;Ginnie;Blase;Ginnie.Blase@gmail.com;worker
309;Rosabelle;Pacorro;Rosabelle.Pacorro@gmail.com;firefighter
310;Gwenneth;Holbrook;Gwenneth.Holbrook@gmail.com;worker
311;Ricky;Imelida;Ricky.Imelida@gmail.com;developer
312;Rani;Berriman;Rani.Berriman@gmail.com;police officer
313;Gertrud;Ardra;Gertrud.Ardra@gmail.com;police officer
314;Ida;Clywd;Ida.Clywd@gmail.com;worker
315;Belinda;Sharl;Belinda.Sharl@gmail.com;developer
316;Dari;Kirbee;Dari.Kirbee@gmail.com;developer
317;Wileen;Wenoa;Wileen.Wenoa@gmail.com;firefighter
318;Latisha;Kermit;Latisha.Kermit@gmail.com;doctor
319;Gisela;Kathie;Gisela.Kathie@gmail.com;police officer
320;Viki;Sallyann;Viki.Sallyann@gmail.com;worker
321;Marylou;Danby;Marylou.Danby@gmail.com;firefighter
322;Stevana;Fiester;Stevana.Fiester@gmail.com;doctor
323;Rhoda;Raffo;Rhoda.Raffo@gmail.com;developer
324;Rosabelle;Valerio;Rosabelle.Valerio@gmail.com;doctor
325;Concettina;Isacco;Concettina.Isacco@gmail.com;police officer
326;Maridel;Jillane;Maridel.Jillane@gmail.com;firefighter
327;Lisette;Peg;Lisette.Peg@gmail.com;doctor
328;Barbi;Birdella;Barbi.Birdella@gmail.com;worker
329;Nadine;Sundin;Nadine.Sundin@gmail.com;doctor
330;Joeann;Kalinda;Joeann.Kalinda@gmail.com;firefighter
331;Rosanne;Creamer;Rosanne.Creamer@gmail.com;worker
332;Celene;Aprile;Celene.Aprile@gmail.com;police officer
333;Rosabelle;Ludewig;Rosabelle.Ludewig@gmail.com;worker
334;Annice;Christal;Annice.Christal@gmail.com;firefighter
335;Elmira;Ricki;Elmira.Ricki@gmail.com;firefighter
336;Rochette;Schroth;Rochette.Schroth@gmail.com;police officer
337;Florencia;Martsen;Florencia.Martsen@gmail.com;doctor
338;Caritta;Rocray;Caritta.Rocray@gmail.com;firefighter
339;Jackie;Hartnett;Jackie.Hartnett@gmail.com;developer
340;Berta;Winthorpe;Berta.Winthorpe@gmail.com;worker
341;Karina;Helfand;Karina.Helfand@gmail.com;worker
342;Rosaline;Clarissa;Rosaline.Clarissa@gmail.com;firefighter
343;Hannis;Faro;Hannis.Faro@gmail.com;worker
344;Rivalee;Raimondo;Rivalee.Raimondo@gmail.com;doctor
345;Jasmina;Gualtiero;Jasmina.Gualtiero@gmail.com;police officer
346;Elie;Tremayne;Elie.Tremayne@gmail.com;police officer
347;Aigneis;Shanley;Aigneis.Shanley@gmail.com;doctor
348;Hannis;Wildermuth;Hannis.Wildermuth@gmail.com;police officer
349;Valera;Terrence;Valera.Terrence@gmail.com;developer
350;Dorothy;Heidt;Dorothy.Heidt@gmail.com;firefighter
351;Nannie;Cecile;Nannie.Cecile@gmail.com;worker
352;Marylou;Grimbly;Marylou.Grimbly@gmail.com;developer
353;Shauna;Chem;Shauna.Chem@gmail.com;worker
354;Brietta;Aida;Brietta.Aida@gmail.com;firefighter
355;Starla;Brenn;Starla.Brenn@gmail.com;police officer
356;Sheree;Buckler;Sheree.Buckler@gmail.com;police officer
357;Elfreda;Lewes;Elfreda.Lewes@gmail.com;doctor
358;Vivia;Bakerman;Vivia.Bakerman@gmail.com;developer
359;Kathy;Fillbert;Kathy.Fillbert@gmail.com;doctor
360;Janey;Macey;Janey.Macey@gmail.com;developer
361;Leona;Irmine;Leona.Irmine@gmail.com;developer
362;Libbie;Briney;Libbie.Briney@gmail.com;doctor
363;Larine;Halsey;Larine.Halsey@gmail.com;doctor
364;Maud;Clywd;Maud.Clywd@gmail.com;firefighter
365;Vita;Donoghue;Vita.Donoghue@gmail.com;doctor
366;Malina;Kamaria;Malina.Kamaria@gmail.com;police officer
367;Dotty;Ade;Dotty.Ade@gmail.com;doctor
368;Amara;Gladstone;Amara.Gladstone@gmail.com;worker
369;Gaylene;Tamsky;Gaylene.Tamsky@gmail.com;police officer
370;Elyssa;Couture;Elyssa.Couture@gmail.com;police officer
371;Daphne;Oscar;Daphne.Oscar@gmail.com;firefighter
372;Taffy;Sandye;Taffy.Sandye@gmail.com;police officer
373;Alex;Sherfield;Alex.Sherfield@gmail.com;police officer
374;Libbie;Bevin;Libbie.Bevin@gmail.com;police officer
375;Lenna;Westphal;Lenna.Westphal@gmail.com;worker
376;Caryl;Cecile;Caryl.Cecile@gmail.com;police officer
377;Ermengarde;Dichy;Ermengarde.Dichy@gmail.com;doctor
378;Myriam;Elbertina;Myriam.Elbertina@gmail.com;developer
379;Evaleen;Ferino;Evaleen.Ferino@gmail.com;doctor
380;Augustine;Wareing;Augustine.Wareing@gmail.com;firefighter
381;June;Christine;June.Christine@gmail.com;worker
382;Marcelline;Raseda;Marcelline.Raseda@gmail.com;worker
383;Taffy;Jehu;Taffy.Jehu@gmail.com;firefighter
384;Madelle;Gahl;Madelle.Gahl@gmail.com;worker
385;Millie;Izaak;Millie.Izaak@gmail.com;police officer
386;Karly;Carbo;Karly.Carbo@gmail.com;developer
387;Hannis;Concha;Hannis.Concha@gmail.com;developer
388;Ronna;Philoo;Ronna.Philoo@gmail.com;firefighter
389;Nickie;Clarissa;Nickie.Clarissa@gmail.com;worker
390;Janis;Corrine;Janis.Corrine@gmail.com;worker
391;Steffane;Claudine;Steffane.Claudine@gmail.com;developer
392;Glenda;Chem;Glenda.Chem@gmail.com;police officer
393;Gretal;Hurley;Gretal.Hurley@gmail.com;developer
394;Daphne;Cecile;Daphne.Cecile@gmail.com;worker
395;Karena;Poll;Karena.Poll@gmail.com;doctor
396;Jennica;Lane;Jennica.Lane@gmail.com;police officer
397;Charlena;Salvidor;Charlena.Salvidor@gmail.com;doctor
398;Daryl;Cohdwell;Daryl.Cohdwell@gmail.com;doctor
399;Corene;Thad;Corene.Thad@gmail.com;developer
400;Barbara;Pettiford;Barbara.Pettiford@gmail.com;doctor
401;Jean;Redmond;Jean.Redmond@gmail.com;worker
402;Ida;Rillings;Ida.Rillings@gmail.com;police officer
403;Stacey;Madox;Stacey.Madox@gmail.com;police officer
404;Emilia;Guildroy;Emilia.Guildroy@gmail.com;doctor
405;Rosanne;Donell;Rosanne.Donell@gmail.com;doctor
406;Chandra;Colbert;Chandra.Colbert@gmail.com;worker
407;Michaelina;Sophronia;Michaelina.Sophronia@gmail.com;doctor
408;Cristabel;Isidore;Cristabel.Isidore@gmail.com;doctor
409;Micheline;Thornburg;Micheline.Thornburg@gmail.com;developer
410;Clementine;Yam;Clementine.Yam@gmail.com;police officer
411;Ebonee;Stephie;Ebonee.Stephie@gmail.com;developer
412;Blinni;Rona;Blinni.Rona@gmail.com;firefighter
413;Laure;Freddi;Laure.Freddi@gmail.com;firefighter
414;Jinny;Zina;Jinny.Zina@gmail.com;police officer
415;Almeta;Alisia;Almeta.Alisia@gmail.com;police officer
416;Hildegaard;Pascia;Hildegaard.Pascia@gmail.com;firefighter
417;Lexine;Sothena;Lexine.Sothena@gmail.com;firefighter
418;Heddie;Yam;Heddie.Yam@gmail.com;worker
419;Libbie;Judye;Libbie.Judye@gmail.com;worker
420;Sybille;Ashok;Sybille.Ashok@gmail.com;police officer
421;Emmey;Seumas;Emmey.Seumas@gmail.com;doctor
422;Gerrie;Ferrell;Gerrie.Ferrell@gmail.com;firefighter
423;Margalo;Pacorro;Margalo.Pacorro@gmail.com;worker
424;Kimmy;Erminia;Kimmy.Erminia@gmail.com;worker
425;Catrina;Fadiman;Catrina.Fadiman@gmail.com;police officer
426;Alisha;Oster;Alisha.Oster@gmail.com;firefighter
427;Marleah;Natalia;Marleah.Natalia@gmail.com;doctor
428;Maryellen;Argus;Maryellen.Argus@gmail.com;developer
429;Cathie;Septima;Cathie.Septima@gmail.com;doctor
430;Chandra;Melleta;Chandra.Melleta@gmail.com;doctor
431;Alejandra;Kinnard;Alejandra.Kinnard@gmail.com;developer
432;Emylee;Thomasina;Emylee.Thomasina@gmail.com;firefighter
433;Helsa;Jacinda;Helsa.Jacinda@gmail.com;police officer
434;Fanchon;Belanger;Fanchon.Belanger@gmail.com;police officer
435;Nelle;Thornburg;Nelle.Thornburg@gmail.com;police officer
436;Roberta;Juliet;Roberta.Juliet@gmail.com;police officer
437;Alia;Kalinda;Alia.Kalinda@gmail.com;developer
438;Kittie;Annabella;Kittie.Annabella@gmail.com;firefighter
439;Queenie;Vary;Queenie.Vary@gmail.com;worker
440;Jeanna;Ashok;Jeanna.Ashok@gmail.com;police officer
441;Jennica;Tremayne;Jennica.Tremayne@gmail.com;firefighter
442;Karolina;Laverne;Karolina.Laverne@gmail.com;police officer
443;Ileana;Bury;Ileana.Bury@gmail.com;firefighter
444;Violet;Haerr;Violet.Haerr@gmail.com;developer
445;Neila;Papageno;Neila.Papageno@gmail.com;firefighter
446;Margalo;Gahl;Margalo.Gahl@gmail.com;police officer
447;Diena;Kiyoshi;Diena.Kiyoshi@gmail.com;doctor
448;Krystle;Yusuk;Krystle.Yusuk@gmail.com;doctor
449;Brianna;Jotham;Brianna.Jotham@gmail.com;worker
450;Tybie;Arvo;Tybie.Arvo@gmail.com;worker
451;Larine;Amadas;Larine.Amadas@gmail.com;doctor
452;Lulita;Ammann;Lulita.Ammann@gmail.com;police officer
453;Camile;Jagir;Camile.Jagir@gmail.com;police officer
454;Meghann;Annabella;Meghann.Annabella@gmail.com;developer
455;Anica;Egbert;Anica.Egbert@gmail.com;firefighter
456;Gerrie;Valerio;Gerrie.Valerio@gmail.com;firefighter
457;Nataline;Colleen;Nataline.Colleen@gmail.com;police officer
458;Tonia;Arne;Tonia.Arne@gmail.com;police officer
459;Clary;Duwalt;Clary.Duwalt@gmail.com;police officer
460;Tomasina;Agle;Tomasina.Agle@gmail.com;doctor
461;Helena;Blake;Helena.Blake@gmail.com;police officer
462;Desirae;Germann;Desirae.Germann@gmail.com;firefighter
463;Chickie;Goerke;Chickie.Goerke@gmail.com;worker
464;Marita;Podvin;Marita.Podvin@gmail.com;worker
465;Jaime;Guildroy;Jaime.Guildroy@gmail.com;developer
466;Mahalia;Buffum;Mahalia.Buffum@gmail.com;firefighter
467;Shauna;Genna;Shauna.Genna@gmail.com;police officer
468;Kaia;Ezar;Kaia.Ezar@gmail.com;worker
469;Rivalee;Belldas;Rivalee.Belldas@gmail.com;doctor
470;Allyce;Quent;Allyce.Quent@gmail.com;police officer
471;Gratia;Joseph;Gratia.Joseph@gmail.com;firefighter
472;Nollie;Kare;Nollie.Kare@gmail.com;firefighter
473;Berta;Moina;Berta.Moina@gmail.com;worker
474;Carol-Jean;Daniele;Carol-Jean.Daniele@gmail.com;worker
475;Ilse;Sperling;Ilse.Sperling@gmail.com;police officer
476;Danika;Milson;Danika.Milson@gmail.com;developer
477;Marline;Emmy;Marline.Emmy@gmail.com;worker
478;Dede;Fry;Dede.Fry@gmail.com;worker
479;Gale;Uund;Gale.Uund@gmail.com;doctor
480;Claudina;Longfellow;Claudina.Longfellow@gmail.com;developer
481;Jerry;Gilmour;Jerry.Gilmour@gmail.com;developer
482;Nerta;Manolo;Nerta.Manolo@gmail.com;doctor
483;Alyda;Kylander;Alyda.Kylander@gmail.com;police officer
484;Averyl;Bergman;Averyl.Bergman@gmail.com;doctor
485;Belinda;Cristi;Belinda.Cristi@gmail.com;developer
486;Alex;Bluh;Alex.Bluh@gmail.com;firefighter
487;Mady;Franza;Mady.Franza@gmail.com;firefighter
488;Gertrud;Giff;Gertrud.Giff@gmail.com;police officer
489;Libbie;Ranjiv;Libbie.Ranjiv@gmail.com;worker
490;Sam;Krystle;Sam.Krystle@gmail.com;worker
491;Cassondra;Buckler;Cassondra.Buckler@gmail.com;doctor
492;Phedra;Jaylene;Phedra.Jaylene@gmail.com;police officer
493;Cacilie;Sholley;Cacilie.Sholley@gmail.com;worker
494;Cassondra;Pattin;Cassondra.Pattin@gmail.com;doctor
495;Sophia;Cohdwell;Sophia.Cohdwell@gmail.com;firefighter
496;Allis;Rubie;Allis.Rubie@gmail.com;developer
497;Dode;Brian;Dode.Brian@gmail.com;developer
498;Kalina;Allys;Kalina.Allys@gmail.com;firefighter
499;Gretal;Alfons;Gretal.Alfons@gmail.com;doctor
500;Winifred;Lowry;Winifred.Lowry@gmail.com;doctor
501;Daphne;Macey;Daphne.Macey@gmail.com;doctor
502;Stevana;Warthman;Stevana.Warthman@gmail.com;doctor
503;Maisey;Barbey;Maisey.Barbey@gmail.com;worker
504;Kate;Seligman;Kate.Seligman@gmail.com;developer
505;Kenna;Hessler;Kenna.Hessler@gmail.com;firefighter
506;Katleen;Johanna;Katleen.Johanna@gmail.com;firefighter
507;Sharlene;Bakerman;Sharlene.Bakerman@gmail.com;firefighter
508;Annaliese;Olympium;Annaliese.Olympium@gmail.com;worker
509;Janenna;Guthrie;Janenna.Guthrie@gmail.com;worker
510;Shandie;Silvan;Shandie.Silvan@gmail.com;police officer
511;Nonnah;Wandie;Nonnah.Wandie@gmail.com;firefighter
512;Ivett;Tatianas;Ivett.Tatianas@gmail.com;developer
513;Audrie;Gunn;Audrie.Gunn@gmail.com;firefighter
514;Justinn;Gombach;Justinn.Gombach@gmail.com;worker
515;Roslyn;Lanita;Roslyn.Lanita@gmail.com;doctor
516;Paulita;Dulciana;Paulita.Dulciana@gmail.com;doctor
517;Mariann;Lesley;Mariann.Lesley@gmail.com;doctor
518;Alexine;Elbertina;Alexine.Elbertina@gmail.com;police officer
519;Maryellen;Thilda;Maryellen.Thilda@gmail.com;firefighter
520;Joleen;Avi;Joleen.Avi@gmail.com;worker
521;Lulita;Terrence;Lulita.Terrence@gmail.com;police officer
522;Sophia;Janene;Sophia.Janene@gmail.com;police officer
523;Aubrie;Jobi;Aubrie.Jobi@gmail.com;developer
524;Mellicent;Rad;Mellicent.Rad@gmail.com;police officer
525;Ileana;Cassius;Ileana.Cassius@gmail.com;developer
526;Anica;Randene;Anica.Randene@gmail.com;doctor
527;Randa;Erlandson;Randa.Erlandson@gmail.com;developer
528;Ginnie;Lilas;Ginnie.Lilas@gmail.com;developer
529;Gale;Riva;Gale.Riva@gmail.com;firefighter
530;Dode;Malanie;Dode.Malanie@gmail.com;police officer
531;Dione;Amadas;Dione.Amadas@gmail.com;police officer
532;Nanete;Laverne;Nanete.Laverne@gmail.com;police officer
533;Celene;Reidar;Celene.Reidar@gmail.com;developer
534;Wilma;Boehike;Wilma.Boehike@gmail.com;doctor
535;Eugine;Hillel;Eugine.Hillel@gmail.com;doctor
536;Cissiee;Darrell;Cissiee.Darrell@gmail.com;police officer
537;Nyssa;Earlie;Nyssa.Earlie@gmail.com;firefighter
538;Ardeen;Slifka;Ardeen.Slifka@gmail.com;worker
539;Libbie;Lynn;Libbie.Lynn@gmail.com;police officer
540;Beverley;Stefa;Beverley.Stefa@gmail.com;developer
541;Janey;Federica;Janey.Federica@gmail.com;worker
542;Cissiee;Edvard;Cissiee.Edvard@gmail.com;firefighter
543;Tori;Seessel;Tori.Seessel@gmail.com;developer
544;Coral;Eugenia;Coral.Eugenia@gmail.com;developer
545;Theodora;Keily;Theodora.Keily@gmail.com;firefighter
546;Binny;Leonard;Binny.Leonard@gmail.com;worker
547;Annabela;Loeb;Annabela.Loeb@gmail.com;developer
548;Kamilah;Narton;Kamilah.Narton@gmail.com;worker
549;Karolina;Kravits;Karolina.Kravits@gmail.com;worker
550;Tomasina;Thunell;Tomasina.Thunell@gmail.com;police officer
551;Tressa;Hurley;Tressa.Hurley@gmail.com;developer
552;Maud;Fosque;Maud.Fosque@gmail.com;developer
553;Chloris;MacIntosh;Chloris.MacIntosh@gmail.com;worker
554;Jasmina;Travax;Jasmina.Travax@gmail.com;firefighter
555;Angelique;Bari;Angelique.Bari@gmail.com;worker
556;Lelah;Trey;Lelah.Trey@gmail.com;firefighter
557;Imojean;Obed;Imojean.Obed@gmail.com;police officer
558;Luci;Moina;Luci.Moina@gmail.com;police officer
559;Kara-Lynn;Schroth;Kara-Lynn.Schroth@gmail.com;developer
560;Joelly;Ellerey;Joelly.Ellerey@gmail.com;police officer
561;Ericka;Halla;Ericka.Halla@gmail.com;developer
562;Ethel;Ruvolo;Ethel.Ruvolo@gmail.com;worker
563;Randa;Cadmar;Randa.Cadmar@gmail.com;developer
564;Kaja;Penelopa;Kaja.Penelopa@gmail.com;doctor
565;Calla;Mayeda;Calla.Mayeda@gmail.com;firefighter
566;Alie;Natalia;Alie.Natalia@gmail.com;doctor
567;Dyann;Merell;Dyann.Merell@gmail.com;firefighter
568;Meriel;Ricki;Meriel.Ricki@gmail.com;doctor
569;Ivett;Zenas;Ivett.Zenas@gmail.com;firefighter
570;Blake;Lacombe;Blake.Lacombe@gmail.com;worker
571;Karly;Raimondo;Karly.Raimondo@gmail.com;firefighter
572;Leia;Brady;Leia.Brady@gmail.com;police officer
573;Celisse;Codding;Celisse.Codding@gmail.com;firefighter
574;Estell;Suk;Estell.Suk@gmail.com;developer
575;Ottilie;Marsden;Ottilie.Marsden@gmail.com;police officer
576;Darci;Whittaker;Darci.Whittaker@gmail.com;police officer
577;Marcy;Hieronymus;Marcy.Hieronymus@gmail.com;doctor
578;Pamella;Glenden;Pamella.Glenden@gmail.com;worker
579;Aigneis;Infield;Aigneis.Infield@gmail.com;firefighter
580;Iseabal;Shields;Iseabal.Shields@gmail.com;firefighter
581;Tressa;Kamaria;Tressa.Kamaria@gmail.com;police officer
582;Carlie;Lacombe;Carlie.Lacombe@gmail.com;developer
583;Diena;Pacorro;Diena.Pacorro@gmail.com;worker
584;Desirae;Valoniah;Desirae.Valoniah@gmail.com;doctor
585;Olwen;Ietta;Olwen.Ietta@gmail.com;worker
586;Robinia;Hollingsworth;Robinia.Hollingsworth@gmail.com;doctor
587;Peri;Myrilla;Peri.Myrilla@gmail.com;worker
588;Paulita;Wiener;Paulita.Wiener@gmail.com;developer
589;Ashlee;Sigfrid;Ashlee.Sigfrid@gmail.com;doctor
590;Jenilee;Buffum;Jenilee.Buffum@gmail.com;firefighter
591;Amara;Dex;Amara.Dex@gmail.com;police officer
592;Jsandye;Lynn;Jsandye.Lynn@gmail.com;police officer
593;Basia;Winthorpe;Basia.Winthorpe@gmail.com;worker
594;Vinita;Emmaline;Vinita.Emmaline@gmail.com;developer
595;Desirae;Japeth;Desirae.Japeth@gmail.com;doctor
596;Ana;Faso;Ana.Faso@gmail.com;developer
597;Gabi;Papageno;Gabi.Papageno@gmail.com;worker
598;Dennie;Maurine;Dennie.Maurine@gmail.com;police officer
599;Tilly;Weinreb;Tilly.Weinreb@gmail.com;police officer
600;Steffane;Paton;Steffane.Paton@gmail.com;firefighter
601;Willetta;Germann;Willetta.Germann@gmail.com;police officer
602;Roz;Neils;Roz.Neils@gmail.com;worker
603;Kittie;Prouty;Kittie.Prouty@gmail.com;police officer
604;Sue;Beebe;Sue.Beebe@gmail.com;developer
605;Beth;Thornburg;Beth.Thornburg@gmail.com;worker
606;Jsandye;Oriana;Jsandye.Oriana@gmail.com;developer
607;Tori;Kermit;Tori.Kermit@gmail.com;police officer
608;Alejandra;Lattie;Alejandra.Lattie@gmail.com;doctor
609;Kimberley;Ilka;Kimberley.Ilka@gmail.com;police officer
610;Gusty;Lilas;Gusty.Lilas@gmail.com;doctor
611;Dyann;Othilia;Dyann.Othilia@gmail.com;worker
612;Heida;Lymann;Heida.Lymann@gmail.com;firefighter
613;Tina;Minetta;Tina.Minetta@gmail.com;worker
614;Georgetta;Gordon;Georgetta.Gordon@gmail.com;doctor
615;Frieda;Fink;Frieda.Fink@gmail.com;police officer
616;Kristina;Carey;Kristina.Carey@gmail.com;firefighter
617;Adelle;Read;Adelle.Read@gmail.com;developer
618;Mallory;Kamaria;Mallory.Kamaria@gmail.com;worker
619;Nikki;Germann;Nikki.Germann@gmail.com;developer
620;Alyssa;Celestine;Alyssa.Celestine@gmail.com;doctor
621;Codie;Randene;Codie.Randene@gmail.com;doctor
622;Kirstin;Connelly;Kirstin.Connelly@gmail.com;police officer
623;Charissa;Zaslow;Charissa.Zaslow@gmail.com;developer
624;Leona;Stoller;Leona.Stoller@gmail.com;doctor
625;Elena;Paton;Elena.Paton@gmail.com;firefighter
626;Linzy;Tice;Linzy.Tice@gmail.com;police officer
627;Beverley;Borrell;Beverley.Borrell@gmail.com;worker
628;Candy;Pernick;Candy.Pernick@gmail.com;developer
629;Shirlee;Jacobah;Shirlee.Jacobah@gmail.com;firefighter
630;Harmonia;Fleeta;Harmonia.Fleeta@gmail.com;doctor
631;Vanessa;Sibyls;Vanessa.Sibyls@gmail.com;firefighter
632;Marnia;Jary;Marnia.Jary@gmail.com;firefighter
633;Carlie;Docilla;Carlie.Docilla@gmail.com;firefighter
634;Vonny;Grayce;Vonny.Grayce@gmail.com;police officer
635;Blondelle;Boycey;Blondelle.Boycey@gmail.com;worker
636;Joceline;Pulsifer;Joceline.Pulsifer@gmail.com;doctor
637;Leona;Trinetta;Leona.Trinetta@gmail.com;police officer
638;Tatiania;Leifeste;Tatiania.Leifeste@gmail.com;police officer
639;Juliane;Allys;Juliane.Allys@gmail.com;developer
640;Priscilla;Tound;Priscilla.Tound@gmail.com;firefighter
641;Paulita;Land;Paulita.Land@gmail.com;police officer
642;Mignon;Tybald;Mignon.Tybald@gmail.com;firefighter
643;Nanete;Orlene;Nanete.Orlene@gmail.com;worker
644;Hannis;Hedve;Hannis.Hedve@gmail.com;developer
645;Coral;Adalbert;Coral.Adalbert@gmail.com;developer
646;Sissy;Jacinda;Sissy.Jacinda@gmail.com;doctor
647;Adriana;Phyllis;Adriana.Phyllis@gmail.com;worker
648;Winny;Joeann;Winny.Joeann@gmail.com;firefighter
649;Bill;Schroth;Bill.Schroth@gmail.com;police officer
650;Kelly;Linehan;Kelly.Linehan@gmail.com;police officer
651;Agathe;Amand;Agathe.Amand@gmail.com;firefighter
652;Suzette;Poppy;Suzette.Poppy@gmail.com;firefighter
653;Chloris;Adore;Chloris.Adore@gmail.com;worker
654;Renae;Fiester;Renae.Fiester@gmail.com;worker
655;Melanie;Cassius;Melanie.Cassius@gmail.com;developer
656;Amelia;Papageno;Amelia.Papageno@gmail.com;firefighter
657;Sallie;Means;Sallie.Means@gmail.com;worker
658;Lacie;Wu;Lacie.Wu@gmail.com;police officer
659;Demetris;Cecile;Demetris.Cecile@gmail.com;doctor
660;Kristan;Cyrie;Kristan.Cyrie@gmail.com;worker
661;Tracey;Vastah;Tracey.Vastah@gmail.com;police officer
662;Gabriellia;Suanne;Gabriellia.Suanne@gmail.com;firefighter
663;Jenilee;Joseph;Jenilee.Joseph@gmail.com;doctor
664;Beatriz;Prober;Beatriz.Prober@gmail.com;worker
665;Petronia;Tremayne;Petronia.Tremayne@gmail.com;doctor
666;Henriette;Autrey;Henriette.Autrey@gmail.com;developer
667;Minda;Wadell;Minda.Wadell@gmail.com;firefighter
668;Eolanda;Hanleigh;Eolanda.Hanleigh@gmail.com;doctor
669;Monika;Valerio;Monika.Valerio@gmail.com;developer
670;Neila;Noam;Neila.Noam@gmail.com;police officer
671;Brana;Tufts;Brana.Tufts@gmail.com;doctor
672;Silvana;Abernon;Silvana.Abernon@gmail.com;developer
673;Elmira;Hanshaw;Elmira.Hanshaw@gmail.com;police officer
674;Stacey;Quent;Stacey.Quent@gmail.com;police officer
675;Concettina;Martguerita;Concettina.Martguerita@gmail.com;firefighter
676;Pierette;Alabaster;Pierette.Alabaster@gmail.com;doctor
677;Ruthe;Malvino;Ruthe.Malvino@gmail.com;firefighter
678;Marjie;Colbert;Marjie.Colbert@gmail.com;doctor
679;Meghann;Serilda;Meghann.Serilda@gmail.com;firefighter
680;Morganica;Roumell;Morganica.Roumell@gmail.com;worker
681;Sandie;Eliathas;Sandie.Eliathas@gmail.com;worker
682;Cindelyn;Henrie;Cindelyn.Henrie@gmail.com;firefighter
683;Consuela;Raama;Consuela.Raama@gmail.com;police officer
684;Jobi;Thunell;Jobi.Thunell@gmail.com;police officer
685;Dennie;Boehike;Dennie.Boehike@gmail.com;doctor
686;Demetris;Alabaster;Demetris.Alabaster@gmail.com;worker
687;Veda;Publia;Veda.Publia@gmail.com;developer
688;Melisent;Tremayne;Melisent.Tremayne@gmail.com;developer
689;Jsandye;Colyer;Jsandye.Colyer@gmail.com;developer
690;Wileen;Laurianne;Wileen.Laurianne@gmail.com;developer
691;Dyann;Naashom;Dyann.Naashom@gmail.com;developer
692;Ariela;Dannye;Ariela.Dannye@gmail.com;firefighter
693;Quintina;Angelis;Quintina.Angelis@gmail.com;developer
694;Leeanne;Bonucci;Leeanne.Bonucci@gmail.com;police officer
695;Roz;Rhu;Roz.Rhu@gmail.com;doctor
696;Joceline;Sherrie;Joceline.Sherrie@gmail.com;developer
697;Agathe;Tarrant;Agathe.Tarrant@gmail.com;developer
698;Danny;Urias;Danny.Urias@gmail.com;doctor
699;Brianna;Wittie;Brianna.Wittie@gmail.com;firefighter
700;Elmira;Pacorro;Elmira.Pacorro@gmail.com;doctor
701;Donetta;Pulsifer;Donetta.Pulsifer@gmail.com;firefighter
702;Mary;Ortrude;Mary.Ortrude@gmail.com;police officer
703;Gilligan;Ferrell;Gilligan.Ferrell@gmail.com;doctor
704;Marleah;Kalinda;Marleah.Kalinda@gmail.com;police officer
705;Ermengarde;Lumbard;Ermengarde.Lumbard@gmail.com;worker
706;Constance;Rheingold;Constance.Rheingold@gmail.com;police officer
707;Katharina;Dichy;Katharina.Dichy@gmail.com;doctor
708;Shannah;Loring;Shannah.Loring@gmail.com;police officer
709;Eugine;Matthew;Eugine.Matthew@gmail.com;firefighter
710;Orelia;Llovera;Orelia.Llovera@gmail.com;doctor
711;Roseline;McAdams;Roseline.McAdams@gmail.com;firefighter
712;Nelle;Bultman;Nelle.Bultman@gmail.com;worker
713;Alexine;Munn;Alexine.Munn@gmail.com;developer
714;Dari;Euridice;Dari.Euridice@gmail.com;firefighter
715;Harmonia;Allare;Harmonia.Allare@gmail.com;doctor
716;Myriam;Gordon;Myriam.Gordon@gmail.com;police officer
717;Susan;Karylin;Susan.Karylin@gmail.com;doctor
718;Candi;Mitzi;Candi.Mitzi@gmail.com;worker
719;Rhoda;Byrne;Rhoda.Byrne@gmail.com;doctor
720;Nariko;Hull;Nariko.Hull@gmail.com;firefighter
721;Lorie;Love;Lorie.Love@gmail.com;doctor
722;Korrie;Yate;Korrie.Yate@gmail.com;worker
723;Viki;Pelagias;Viki.Pelagias@gmail.com;doctor
724;Kathi;Gavrila;Kathi.Gavrila@gmail.com;worker
725;Ivett;Papageno;Ivett.Papageno@gmail.com;firefighter
726;Cathie;Parsaye;Cathie.Parsaye@gmail.com;developer
727;Gaylene;Karl;Gaylene.Karl@gmail.com;developer
728;Myriam;Eldrid;Myriam.Eldrid@gmail.com;developer
729;Gui;Ehrman;Gui.Ehrman@gmail.com;firefighter
730;Liana;Auberbach;Liana.Auberbach@gmail.com;firefighter
731;Cecile;Gregrory;Cecile.Gregrory@gmail.com;police officer
732;Chloris;Leopold;Chloris.Leopold@gmail.com;firefighter
733;Betta;Thilda;Betta.Thilda@gmail.com;developer
734;Ariela;Ortrude;Ariela.Ortrude@gmail.com;firefighter
735;Mahalia;Schonfeld;Mahalia.Schonfeld@gmail.com;worker
736;Queenie;Fairweather;Queenie.Fairweather@gmail.com;developer
737;Delilah;Pernick;Delilah.Pernick@gmail.com;police officer
738;Nessie;Christal;Nessie.Christal@gmail.com;doctor
739;Paola;Standing;Paola.Standing@gmail.com;worker
740;Jan;Casimir;Jan.Casimir@gmail.com;doctor
741;Louella;Ummersen;Louella.Ummersen@gmail.com;developer
742;Aurore;Denis;Aurore.Denis@gmail.com;doctor
743;Almeta;Stanwood;Almeta.Stanwood@gmail.com;police officer
744;Basia;Naor;Basia.Naor@gmail.com;developer
745;Lenna;Anastatius;Lenna.Anastatius@gmail.com;police officer
746;Albertina;Sundin;Albertina.Sundin@gmail.com;police officer
747;Emelina;Sperling;Emelina.Sperling@gmail.com;firefighter
748;Mamie;Ciro;Mamie.Ciro@gmail.com;police officer
749;Glenda;Solitta;Glenda.Solitta@gmail.com;doctor
750;Angela;Rosemary;Angela.Rosemary@gmail.com;police officer
751;Luci;Colbert;Luci.Colbert@gmail.com;doctor
752;Nollie;Land;Nollie.Land@gmail.com;worker
753;Ericka;Edmund;Ericka.Edmund@gmail.com;worker
754;Hope;Heisel;Hope.Heisel@gmail.com;worker
755;Nerta;Roscoe;Nerta.Roscoe@gmail.com;worker
756;Justinn;Obed;Justinn.Obed@gmail.com;worker
757;Elfreda;Lenny;Elfreda.Lenny@gmail.com;developer
758;Jinny;Gale;Jinny.Gale@gmail.com;worker
759;Natka;Reneta;Natka.Reneta@gmail.com;firefighter
760;Zia;Torray;Zia.Torray@gmail.com;developer
761;Fanchon;Lail;Fanchon.Lail@gmail.com;worker
762;Tina;Berriman;Tina.Berriman@gmail.com;doctor
763;Lexine;Land;Lexine.Land@gmail.com;police officer
764;Margalo;Bivins;Margalo.Bivins@gmail.com;developer
765;Miquela;Sidonius;Miquela.Sidonius@gmail.com;doctor
766;Aryn;Schroth;Aryn.Schroth@gmail.com;firefighter
767;Marylou;Palocz;Marylou.Palocz@gmail.com;developer
768;Meg;Nicoline;Meg.Nicoline@gmail.com;firefighter
769;Ivett;Irmine;Ivett.Irmine@gmail.com;worker
770;Cathie;Hourigan;Cathie.Hourigan@gmail.com;developer
771;Allyce;Wandie;Allyce.Wandie@gmail.com;police officer
772;Myriam;Bettine;Myriam.Bettine@gmail.com;developer
773;Bibby;Isacco;Bibby.Isacco@gmail.com;doctor
774;Arabel;Lilas;Arabel.Lilas@gmail.com;firefighter
775;Deirdre;Ricarda;Deirdre.Ricarda@gmail.com;doctor
776;Fidelia;Birdella;Fidelia.Birdella@gmail.com;police officer
777;Gwenneth;Nedrud;Gwenneth.Nedrud@gmail.com;doctor
778;Josephine;Albertine;Josephine.Albertine@gmail.com;firefighter
779;Dacia;Blase;Dacia.Blase@gmail.com;firefighter
780;Allis;Birdella;Allis.Birdella@gmail.com;firefighter
781;Claresta;Quent;Claresta.Quent@gmail.com;worker
782;Catrina;Raychel;Catrina.Raychel@gmail.com;police officer
783;Susan;Turne;Susan.Turne@gmail.com;developer
784;Liana;Adalbert;Liana.Adalbert@gmail.com;developer
785;Kathi;Turne;Kathi.Turne@gmail.com;developer
786;Maud;Kirbee;Maud.Kirbee@gmail.com;developer
787;Melisent;Morrill;Melisent.Morrill@gmail.com;doctor
788;Dorice;Erich;Dorice.Erich@gmail.com;firefighter
789;Glynnis;Lynn;Glynnis.Lynn@gmail.com;developer
790;Cordi;Chauncey;Cordi.Chauncey@gmail.com;doctor
791;Modestia;Amethist;Modestia.Amethist@gmail.com;police officer
792;Madelle;Baylor;Madelle.Baylor@gmail.com;developer
793;Carmela;Yerkovich;Carmela.Yerkovich@gmail.com;firefighter
794;Aigneis;Cornelia;Aigneis.Cornelia@gmail.com;firefighter
795;Larine;Westphal;Larine.Westphal@gmail.com;police officer
796;Carolina;Chandler;Carolina.Chandler@gmail.com;developer
797;Danny;Peti;Danny.Peti@gmail.com;worker
798;Lindie;Truc;Lindie.Truc@gmail.com;firefighter
799;Tierney;Barbey;Tierney.Barbey@gmail.com;developer
800;Caryl;Khorma;Caryl.Khorma@gmail.com;police officer
801;Kirstin;Taima;Kirstin.Taima@gmail.com;worker
802;Susan;Alwin;Susan.Alwin@gmail.com;police officer
803;Correy;Dowski;Correy.Dowski@gmail.com;worker
804;Chere;Montgomery;Chere.Montgomery@gmail.com;developer
805;Leia;Urias;Leia.Urias@gmail.com;worker
806;Rozele;Cordi;Rozele.Cordi@gmail.com;developer
807;Di;Bakerman;Di.Bakerman@gmail.com;worker
808;Agathe;Zetta;Agathe.Zetta@gmail.com;firefighter
809;Latisha;Emanuel;Latisha.Emanuel@gmail.com;doctor
810;Daphne;Ax;Daphne.Ax@gmail.com;worker
811;Bettine;Leopold;Bettine.Leopold@gmail.com;police officer
812;Augustine;Olin;Augustine.Olin@gmail.com;doctor
813;Suzette;Berne;Suzette.Berne@gmail.com;police officer
814;Neila;Orpah;Neila.Orpah@gmail.com;police officer
815;Valera;Durante;Valera.Durante@gmail.com;worker
816;Hyacinthe;Sawtelle;Hyacinthe.Sawtelle@gmail.com;police officer
817;Penelopa;Creamer;Penelopa.Creamer@gmail.com;developer
818;Allis;Norvol;Allis.Norvol@gmail.com;doctor
819;Bernie;Ajay;Bernie.Ajay@gmail.com;doctor
820;Dotty;Modie;Dotty.Modie@gmail.com;developer
821;Dyann;Mehalek;Dyann.Mehalek@gmail.com;worker
822;Allis;Remmer;Allis.Remmer@gmail.com;developer
823;Kristina;Adore;Kristina.Adore@gmail.com;doctor
824;Karena;Eben;Karena.Eben@gmail.com;doctor
825;Sue;Hamil;Sue.Hamil@gmail.com;doctor
826;Kristina;Greyson;Kristina.Greyson@gmail.com;doctor
827;Addia;Letsou;Addia.Letsou@gmail.com;worker
828;Max;Jorgan;Max.Jorgan@gmail.com;worker
829;Kara-Lynn;Hilbert;Kara-Lynn.Hilbert@gmail.com;police officer
830;Riannon;Briney;Riannon.Briney@gmail.com;police officer
831;Goldie;Turne;Goldie.Turne@gmail.com;doctor
832;Trudie;Pacorro;Trudie.Pacorro@gmail.com;police officer
833;Yvonne;Eben;Yvonne.Eben@gmail.com;doctor
834;Amara;Keelia;Amara.Keelia@gmail.com;developer
835;Fredericka;Cressida;Fredericka.Cressida@gmail.com;police officer
836;Amara;Kenney;Amara.Kenney@gmail.com;doctor
837;Marcy;Marisa;Marcy.Marisa@gmail.com;worker
838;Oralee;Stacy;Oralee.Stacy@gmail.com;worker
839;Daune;Verger;Daune.Verger@gmail.com;developer
840;Teddie;McGrody;Teddie.McGrody@gmail.com;police officer
841;Verla;Tillford;Verla.Tillford@gmail.com;developer
842;Coral;Kress;Coral.Kress@gmail.com;firefighter
843;Susan;Carbo;Susan.Carbo@gmail.com;firefighter
844;Doralynne;Turne;Doralynne.Turne@gmail.com;worker
845;Constance;Durware;Constance.Durware@gmail.com;developer
846;Selma;Douglass;Selma.Douglass@gmail.com;developer
847;Lenna;Anselmi;Lenna.Anselmi@gmail.com;police officer
848;Paulita;Fitzsimmons;Paulita.Fitzsimmons@gmail.com;firefighter
849;Eadie;Henebry;Eadie.Henebry@gmail.com;worker
850;Winny;Voletta;Winny.Voletta@gmail.com;developer
851;Josephine;Westphal;Josephine.Westphal@gmail.com;police officer
852;Blake;Khorma;Blake.Khorma@gmail.com;firefighter
853;Goldie;Xerxes;Goldie.Xerxes@gmail.com;developer
854;Celene;Mich;Celene.Mich@gmail.com;police officer
855;Lacie;Presber;Lacie.Presber@gmail.com;worker
856;Ayn;Camden;Ayn.Camden@gmail.com;police officer
857;Adore;Clara;Adore.Clara@gmail.com;doctor
858;Andree;Center;Andree.Center@gmail.com;police officer
859;Carmencita;Mathilde;Carmencita.Mathilde@gmail.com;police officer
860;Angela;Ilka;Angela.Ilka@gmail.com;doctor
861;Nicoli;Brandice;Nicoli.Brandice@gmail.com;firefighter
862;Sybille;McNully;Sybille.McNully@gmail.com;developer
863;Jenilee;Rhu;Jenilee.Rhu@gmail.com;firefighter
864;Sissy;Uund;Sissy.Uund@gmail.com;worker
865;Cristine;Tengdin;Cristine.Tengdin@gmail.com;doctor
866;Gavrielle;Nadia;Gavrielle.Nadia@gmail.com;doctor
867;Latisha;Darbie;Latisha.Darbie@gmail.com;firefighter
868;Felice;Cherianne;Felice.Cherianne@gmail.com;police officer
869;Thalia;McGrody;Thalia.McGrody@gmail.com;police officer
870;Donnie;Anderea;Donnie.Anderea@gmail.com;worker
871;Almeta;Greyson;Almeta.Greyson@gmail.com;worker
872;Jeanna;Ulphia;Jeanna.Ulphia@gmail.com;firefighter
873;Leia;Xerxes;Leia.Xerxes@gmail.com;worker
874;Ofilia;Judye;Ofilia.Judye@gmail.com;firefighter
875;Lucille;Euridice;Lucille.Euridice@gmail.com;developer
876;Judy;Sherrie;Judy.Sherrie@gmail.com;doctor
877;Belva;Tannie;Belva.Tannie@gmail.com;police officer
878;Millie;Cookie;Millie.Cookie@gmail.com;police officer
879;Barbara;Anis;Barbara.Anis@gmail.com;developer
880;Mariele;Westphal;Mariele.Westphal@gmail.com;firefighter
881;Calla;Ethban;Calla.Ethban@gmail.com;firefighter
882;Ursulina;Prober;Ursulina.Prober@gmail.com;firefighter
883;Winny;Bebe;Winny.Bebe@gmail.com;firefighter
884;Emelina;Phaidra;Emelina.Phaidra@gmail.com;worker
885;Celene;Orelee;Celene.Orelee@gmail.com;firefighter
886;Eolanda;Marsden;Eolanda.Marsden@gmail.com;firefighter
887;Magdalena;Scammon;Magdalena.Scammon@gmail.com;police officer
888;Kial;Natica;Kial.Natica@gmail.com;developer
889;Carolina;Arathorn;Carolina.Arathorn@gmail.com;developer
890;Almeta;Lesley;Almeta.Lesley@gmail.com;firefighter
891;Anallese;Ardra;Anallese.Ardra@gmail.com;firefighter
892;Rhoda;Ball;Rhoda.Ball@gmail.com;worker
893;Priscilla;Lilybelle;Priscilla.Lilybelle@gmail.com;worker
894;Gabi;Daegal;Gabi.Daegal@gmail.com;doctor
895;Alisha;Truc;Alisha.Truc@gmail.com;firefighter
896;Vinita;Lipson;Vinita.Lipson@gmail.com;firefighter
897;Kelly;Erskine;Kelly.Erskine@gmail.com;doctor
898;Kylynn;Sikorski;Kylynn.Sikorski@gmail.com;doctor
899;Corry;Zuzana;Corry.Zuzana@gmail.com;developer
900;Damaris;Doig;Damaris.Doig@gmail.com;police officer
901;Caressa;Hertzfeld;Caressa.Hertzfeld@gmail.com;worker
902;Gusella;Brenn;Gusella.Brenn@gmail.com;firefighter
903;Ingrid;Harned;Ingrid.Harned@gmail.com;developer
904;Asia;Ariella;Asia.Ariella@gmail.com;firefighter
905;Zaria;Creamer;Zaria.Creamer@gmail.com;worker
906;Peri;Sidonius;Peri.Sidonius@gmail.com;developer
907;Belva;Daveta;Belva.Daveta@gmail.com;developer
908;Katharina;Weitman;Katharina.Weitman@gmail.com;firefighter
909;Wynne;Hepsibah;Wynne.Hepsibah@gmail.com;worker
910;Phedra;Boehike;Phedra.Boehike@gmail.com;developer
911;Collen;Arquit;Collen.Arquit@gmail.com;developer
912;Nollie;Rustice;Nollie.Rustice@gmail.com;worker
913;Rhoda;Lalitta;Rhoda.Lalitta@gmail.com;doctor
914;Charmaine;Shirberg;Charmaine.Shirberg@gmail.com;firefighter
915;Brietta;Dorine;Brietta.Dorine@gmail.com;police officer
916;Violet;Weinreb;Violet.Weinreb@gmail.com;firefighter
917;Addia;Hessler;Addia.Hessler@gmail.com;developer
918;Ezmeralda;Schwejda;Ezmeralda.Schwejda@gmail.com;worker
919;Margette;Edison;Margette.Edison@gmail.com;firefighter
920;Edith;Parsaye;Edith.Parsaye@gmail.com;worker
921;Demetris;Vernier;Demetris.Vernier@gmail.com;police officer
922;Jsandye;Anderea;Jsandye.Anderea@gmail.com;developer
923;Kylynn;Rese;Kylynn.Rese@gmail.com;developer
924;Elyssa;Joeann;Elyssa.Joeann@gmail.com;police officer
925;Codie;Swanhildas;Codie.Swanhildas@gmail.com;police officer
926;Tomasina;Gualtiero;Tomasina.Gualtiero@gmail.com;developer
927;Dorothy;Candy;Dorothy.Candy@gmail.com;worker
928;Linet;Ruvolo;Linet.Ruvolo@gmail.com;police officer
929;Danika;Anis;Danika.Anis@gmail.com;police officer
930;Christal;Pitt;Christal.Pitt@gmail.com;police officer
931;Lily;Percy;Lily.Percy@gmail.com;doctor
932;Genevra;Camden;Genevra.Camden@gmail.com;developer
933;Ginnie;Bearnard;Ginnie.Bearnard@gmail.com;police officer
934;Gabriellia;Shields;Gabriellia.Shields@gmail.com;doctor
935;Marylou;Carlson;Marylou.Carlson@gmail.com;worker
936;Pollyanna;Selway;Pollyanna.Selway@gmail.com;worker
937;Amalie;Salvidor;Amalie.Salvidor@gmail.com;firefighter
938;Margarette;Wyn;Margarette.Wyn@gmail.com;doctor
939;Jolyn;Bobbee;Jolyn.Bobbee@gmail.com;police officer
940;Korrie;Kendrick;Korrie.Kendrick@gmail.com;developer
941;Flo;Jarib;Flo.Jarib@gmail.com;worker
942;Kristina;Schenck;Kristina.Schenck@gmail.com;firefighter
943;Noelle;Fillbert;Noelle.Fillbert@gmail.com;firefighter
944;Dione;Sherfield;Dione.Sherfield@gmail.com;developer
945;Natka;Leonard;Natka.Leonard@gmail.com;police officer
946;Andree;Sabella;Andree.Sabella@gmail.com;worker
947;Cyb;Crudden;Cyb.Crudden@gmail.com;doctor
948;Sadie;Podvin;Sadie.Podvin@gmail.com;police officer
949;Ruthe;Baylor;Ruthe.Baylor@gmail.com;firefighter
950;Kathy;Goth;Kathy.Goth@gmail.com;police officer
951;Livvyy;Lay;Livvyy.Lay@gmail.com;police officer
952;Tatiania;Cath;Tatiania.Cath@gmail.com;doctor
953;Emma;Adore;Emma.Adore@gmail.com;developer
954;Belva;Genna;Belva.Genna@gmail.com;worker
955;Daune;Florina;Daune.Florina@gmail.com;doctor
956;Dennie;Jess;Dennie.Jess@gmail.com;doctor
957;Carmencita;Stevy;Carmencita.Stevy@gmail.com;developer
958;Feliza;Mathilde;Feliza.Mathilde@gmail.com;worker
959;Ursulina;Latini;Ursulina.Latini@gmail.com;doctor
960;Dominga;Kirbee;Dominga.Kirbee@gmail.com;worker
961;Bernardine;Ammann;Bernardine.Ammann@gmail.com;doctor
962;Kore;Belldas;Kore.Belldas@gmail.com;developer
963;Carolina;Craggie;Carolina.Craggie@gmail.com;developer
964;Celestyna;Heidt;Celestyna.Heidt@gmail.com;worker
965;Micheline;Marijo;Micheline.Marijo@gmail.com;developer
966;Wileen;Sothena;Wileen.Sothena@gmail.com;developer
967;Juliane;Trey;Juliane.Trey@gmail.com;police officer
968;Fernande;Liva;Fernande.Liva@gmail.com;firefighter
969;Eolanda;Pandolfi;Eolanda.Pandolfi@gmail.com;police officer
970;Olivette;Berriman;Olivette.Berriman@gmail.com;worker
971;Marcy;Melleta;Marcy.Melleta@gmail.com;developer
972;Consuela;Isacco;Consuela.Isacco@gmail.com;developer
973;Mureil;Jefferey;Mureil.Jefferey@gmail.com;doctor
974;Ashlee;Cath;Ashlee.Cath@gmail.com;developer
975;Cristine;Margarete;Cristine.Margarete@gmail.com;doctor
976;Flory;Eugenia;Flory.Eugenia@gmail.com;firefighter
977;Cathie;Kristi;Cathie.Kristi@gmail.com;police officer
978;Marline;Smitt;Marline.Smitt@gmail.com;doctor
979;Corry;Sundin;Corry.Sundin@gmail.com;doctor
980;Monika;Francene;Monika.Francene@gmail.com;doctor
981;Maisey;Lail;Maisey.Lail@gmail.com;police officer
982;Nonnah;Terencio;Nonnah.Terencio@gmail.com;doctor
983;Pollyanna;Jacobah;Pollyanna.Jacobah@gmail.com;doctor
984;Celene;Hessler;Celene.Hessler@gmail.com;doctor
985;Sarette;Toni;Sarette.Toni@gmail.com;firefighter
986;Andeee;Sherfield;Andeee.Sherfield@gmail.com;doctor
987;Kimmy;Sadowski;Kimmy.Sadowski@gmail.com;developer
988;Barbi;Poll;Barbi.Poll@gmail.com;worker
989;Nannie;Plato;Nannie.Plato@gmail.com;police officer
990;Augustine;Leffen;Augustine.Leffen@gmail.com;worker
991;Danika;Oriana;Danika.Oriana@gmail.com;doctor
992;Marika;Myrilla;Marika.Myrilla@gmail.com;firefighter
993;Britte;Alwin;Britte.Alwin@gmail.com;developer
994;Ivett;Diogenes;Ivett.Diogenes@gmail.com;developer
995;Sibella;Sheng;Sibella.Sheng@gmail.com;worker
996;Sherrie;Gwenore;Sherrie.Gwenore@gmail.com;firefighter
997;Madeleine;Tamsky;Madeleine.Tamsky@gmail.com;worker
998;Adele;Chick;Adele.Chick@gmail.com;developer
999;Hermione;Talia;Hermione.Talia@gmail.com;worker
1000;Reeba;Therine;Reeba.Therine@gmail.com;firefighter
1001;Wynne;Loeb;Wynne.Loeb@gmail.com;worker
1002;Latisha;Cassius;Latisha.Cassius@gmail.com;doctor
1003;Bernie;Pond;Bernie.Pond@gmail.com;doctor
1004;Lacie;Berne;Lacie.Berne@gmail.com;firefighter
1005;Annice;Anselmi;Annice.Anselmi@gmail.com;doctor
1006;Petronia;Blisse;Petronia.Blisse@gmail.com;worker
1007;Ardenia;Angelis;Ardenia.Angelis@gmail.com;developer
1008;Ginnie;Monaco;Ginnie.Monaco@gmail.com;firefighter
1009;Giustina;Wenda;Giustina.Wenda@gmail.com;worker
1010;Clo;Diann;Clo.Diann@gmail.com;doctor
1011;Briney;Zachary;Briney.Zachary@gmail.com;worker
1012;Anallese;Moseley;Anallese.Moseley@gmail.com;developer
1013;Fayre;Carmena;Fayre.Carmena@gmail.com;police officer
1014;Claresta;Adrienne;Claresta.Adrienne@gmail.com;police officer
1015;Latisha;Kiyoshi;Latisha.Kiyoshi@gmail.com;police officer
1016;Lelah;Truc;Lelah.Truc@gmail.com;firefighter
1017;Nollie;Idelia;Nollie.Idelia@gmail.com;doctor
1018;Halette;Fleeta;Halette.Fleeta@gmail.com;developer
1019;Linet;LaRue;Linet.LaRue@gmail.com;worker
1020;Willetta;Kinnard;Willetta.Kinnard@gmail.com;police officer
1021;Alisha;Hollingsworth;Alisha.Hollingsworth@gmail.com;developer
1022;Annaliese;Pitt;Annaliese.Pitt@gmail.com;firefighter
1023;Marinna;Linehan;Marinna.Linehan@gmail.com;firefighter
1024;Yolane;Dahlia;Yolane.Dahlia@gmail.com;doctor
1025;Tori;Stoller;Tori.Stoller@gmail.com;police officer
1026;Krystle;Lenny;Krystle.Lenny@gmail.com;police officer
1027;Dolli;Telfer;Dolli.Telfer@gmail.com;worker
1028;Hope;Faust;Hope.Faust@gmail.com;developer
1029;Christy;Ummersen;Christy.Ummersen@gmail.com;worker
1030;Emilia;Friede;Emilia.Friede@gmail.com;developer
1031;Roxane;Howlyn;Roxane.Howlyn@gmail.com;developer
1032;Maye;Halsey;Maye.Halsey@gmail.com;police officer
1033;Shandie;Magnolia;Shandie.Magnolia@gmail.com;worker
1034;Carlie;Sholley;Carlie.Sholley@gmail.com;worker
1035;Kara-Lynn;Ariella;Kara-Lynn.Ariella@gmail.com;developer
1036;Marline;Mathilde;Marline.Mathilde@gmail.com;firefighter
1037;Kara-Lynn;Masao;Kara-Lynn.Masao@gmail.com;developer
1038;Suzette;Tristram;Suzette.Tristram@gmail.com;doctor
1039;Karena;Nance;Karena.Nance@gmail.com;developer
1040;Harmonia;Ader;Harmonia.Ader@gmail.com;police officer
1041;Sissy;Raama;Sissy.Raama@gmail.com;worker
1042;Gusty;Kinnard;Gusty.Kinnard@gmail.com;firefighter
1043;Gilligan;Gaal;Gilligan.Gaal@gmail.com;worker
1044;Kristan;Birdella;Kristan.Birdella@gmail.com;worker
1045;Jaime;Fabiola;Jaime.Fabiola@gmail.com;doctor
1046;Danika;Bury;Danika.Bury@gmail.com;police officer
1047;Adriana;McCutcheon;Adriana.McCutcheon@gmail.com;firefighter
1048;Belinda;Nelsen;Belinda.Nelsen@gmail.com;developer
1049;Eugine;Sammons;Eugine.Sammons@gmail.com;police officer
1050;Deirdre;Felecia;Deirdre.Felecia@gmail.com;developer
1051;Laure;Sallyann;Laure.Sallyann@gmail.com;firefighter
1052;Jillayne;Oneida;Jillayne.Oneida@gmail.com;developer
1053;Kamilah;Durante;Kamilah.Durante@gmail.com;developer
1054;Lynea;Garlinda;Lynea.Garlinda@gmail.com;doctor
1055;Ernesta;Argus;Ernesta.Argus@gmail.com;police officer
1056;Averyl;Wiener;Averyl.Wiener@gmail.com;police officer
1057;Sidoney;Schwejda;Sidoney.Schwejda@gmail.com;developer
1058;Marylou;Hachmin;Marylou.Hachmin@gmail.com;doctor
1059;Sara-Ann;Whiffen;Sara-Ann.Whiffen@gmail.com;doctor
1060;Candy;Erb;Candy.Erb@gmail.com;developer
1061;Arlena;Syd;Arlena.Syd@gmail.com;firefighter
1062;Lorne;Ovid;Lorne.Ovid@gmail.com;police officer
1063;Sashenka;Pierette;Sashenka.Pierette@gmail.com;worker
1064;Nelle;Vittoria;Nelle.Vittoria@gmail.com;developer
1065;Madelle;Ailyn;Madelle.Ailyn@gmail.com;police officer
1066;Monika;Ioab;Monika.Ioab@gmail.com;worker
1067;Frank;Durware;Frank.Durware@gmail.com;doctor
1068;Celisse;Wadell;Celisse.Wadell@gmail.com;doctor
1069;Millie;Hamil;Millie.Hamil@gmail.com;doctor
1070;Madalyn;Sothena;Madalyn.Sothena@gmail.com;worker
1071;Britni;Raychel;Britni.Raychel@gmail.com;doctor
1072;Imojean;Blake;Imojean.Blake@gmail.com;firefighter
1073;Eadie;Riordan;Eadie.Riordan@gmail.com;firefighter
1074;Blinni;Vivle;Blinni.Vivle@gmail.com;worker
1075;Jordan;Grayce;Jordan.Grayce@gmail.com;doctor
1076;Flory;Peg;Flory.Peg@gmail.com;doctor
1077;Mahalia;Zaslow;Mahalia.Zaslow@gmail.com;police officer
1078;Maridel;Richers;Maridel.Richers@gmail.com;developer
1079;Oona;Bow;Oona.Bow@gmail.com;doctor
1080;Lorne;Breed;Lorne.Breed@gmail.com;doctor
1081;Sybille;Ietta;Sybille.Ietta@gmail.com;doctor
1082;Zsa Zsa;Mendez;Zsa Zsa.Mendez@gmail.com;developer
1083;Cherilyn;Stevy;Cherilyn.Stevy@gmail.com;doctor
1084;Ileana;Aloise;Ileana.Aloise@gmail.com;worker
1085;Stacey;Papageno;Stacey.Papageno@gmail.com;developer
1086;Glenda;MacIntosh;Glenda.MacIntosh@gmail.com;worker
1087;Roslyn;Orpah;Roslyn.Orpah@gmail.com;police officer
1088;Rosene;Phi;Rosene.Phi@gmail.com;firefighter
1089;Sophia;Soneson;Sophia.Soneson@gmail.com;police officer
1090;Karlee;Bryna;Karlee.Bryna@gmail.com;firefighter
1091;Nikki;Deegan;Nikki.Deegan@gmail.com;doctor
1092;Lynde;Tippets;Lynde.Tippets@gmail.com;firefighter
1093;Dominga;Fax;Dominga.Fax@gmail.com;developer
1094;Tera;Ackerley;Tera.Ackerley@gmail.com;developer
1095;Cherrita;Zrike;Cherrita.Zrike@gmail.com;firefighter
1096;Renie;Pernick;Renie.Pernick@gmail.com;developer
1097;Nonnah;Hartnett;Nonnah.Hartnett@gmail.com;doctor
1098;Isa;Millda;Isa.Millda@gmail.com;firefighter
1099;Ninnetta;Chapland;Ninnetta.Chapland@gmail.com;firefighter