id;firstname;lastname;email;profession
8100;Dagmar;Brackely;Dagmar.Brackely@gmail.com;worker
8101;Alia;Maroney;Alia.Maroney@gmail.com;developer
8102;Danny;Aida;Danny.Aida@gmail.com;worker
8103;Pearline;Juliet;Pearline.Juliet@gmail.com;doctor
8104;Suzette;Earlie;Suzette.Earlie@gmail.com;doctor
8105;Kylynn;Andrel;Kylynn.Andrel@gmail.com;worker
8106;Aili;Zamora;Aili.Zamora@gmail.com;developer
8107;Melisent;Destinee;Melisent.Destinee@gmail.com;developer
8108;Willetta;Poll;Willetta.Poll@gmail.com;police officer
8109;Christian;Gino;Christian.Gino@gmail.com;firefighter
8110;Georgina;Arvo;Georgina.Arvo@gmail.com;developer
8111;Roberta;Sharl;Roberta.Sharl@gmail.com;worker
8112;Aurelie;Daveta;Aurelie.Daveta@gmail.com;developer
8113;Millie;Pillsbury;Millie.Pillsbury@gmail.com;firefighter
8114;Hayley;Denis;Hayley.Denis@gmail.com;firefighter
8115;Dennie;Firmin;Dennie.Firmin@gmail.com;developer
8116;Malina;LaRue;Malina.LaRue@gmail.com;police officer
8117;Cordi;Hieronymus;Cordi.Hieronymus@gmail.com;developer
8118;Patricia;Colp;Patricia.Colp@gmail.com;doctor
8119;Livvyy;Kimmie;Livvyy.Kimmie@gmail.com;worker
8120;Sabina;Rhu;Sabina.Rhu@gmail.com;worker
8121;Paulita;Erskine;Paulita.Erskine@gmail.com;worker
8122;Zsa Zsa;Grobe;Zsa Zsa.Grobe@gmail.com;firefighter
8123;Tami;Oriana;Tami.Oriana@gmail.com;police officer
8124;Juliane;Lilas;Juliane.Lilas@gmail.com;firefighter
8125;Chickie;Kiyoshi;Chickie.Kiyoshi@gmail.com;police officer
8126;Mallory;McAdams;Mallory.McAdams@gmail.com;police officer
8127;Jobi;Waite;Jobi.Waite@gmail.com;doctor
8128;Wilma;Kermit;Wilma.Kermit@gmail.com;developer
8129;Constance;Linehan;Constance.Linehan@gmail.com;worker
8130;Courtnay;Jorgan;Courtnay.Jorgan@gmail.com;doctor
8131;Laure;Faria;Laure.Faria@gmail.com;worker
8132;Marti;Whiffen;Marti.Whiffen@gmail.com;police officer
8133;Dorene;Natica;Dorene.Natica@gmail.com;police officer
8134;Jacquetta;Croix;Jacquetta.Croix@gmail.com;worker
8135;Monika;Ehrman;Monika.Ehrman@gmail.com;developer
8136;Chastity;Laverne;Chastity.Laverne@gmail.com;developer
8137;Rosabelle;Marsden;Rosabelle.Marsden@gmail.com;worker
8138;Sashenka;Jammal;Sashenka.Jammal@gmail.com;firefighter
8139;Laurene;Center;Laurene.Center@gmail.com;doctor
8140;Priscilla;Hartnett;Priscilla.Hartnett@gmail.com;doctor
8141;Selma;Weaks;Selma.Weaks@gmail.com;firefighter
8142;Lexine;Louanna;Lexine.Louanna@gmail.com;police officer
8143;Barbara;Herrera;Barbara.Herrera@gmail.com;firefighter
8144;Lonnie;Henrie;Lonnie.Henrie@gmail.com;doctor
8145;Rori;Chabot;Rori.Chabot@gmail.com;doctor
8146;Rhea;Norvol;Rhea.Norvol@gmail.com;developer
8147;Kristan;Fry;Kristan.Fry@gmail.com;developer
8148;Kassey;Dudley;Kassey.Dudley@gmail.com;firefighter
8149;Ardys;Frendel;Ardys.Frendel@gmail.com;firefighter
8150;Lesly;Linehan;Lesly.Linehan@gmail.com;doctor
8151;Latisha;Brittani;Latisha.Brittani@gmail.com;firefighter
8152;Doro;Chaing;Doro.Chaing@gmail.com;firefighter
8153;Orelia;Kazimir;Orelia.Kazimir@gmail.com;developer
8154;Fernande;Dannye;Fernande.Dannye@gmail.com;firefighter
8155;Bertine;Irmine;Bertine.Irmine@gmail.com;doctor
8156;Annora;Lesley;Annora.Lesley@gmail.com;worker
8157;Deedee;Fleeta;Deedee.Fleeta@gmail.com;worker
8158;Hallie;Wolfgram;Hallie.Wolfgram@gmail.com;worker
8159;Abbie;Francyne;Abbie.Francyne@gmail.com;developer
8160;Kial;Pascia;Kial.Pascia@gmail.com;doctor
8161;Willetta;Slifka;Willetta.Slifka@gmail.com;worker
8162;Katleen;Braun;Katleen.Braun@gmail.com;developer
8163;Jemie;Trace;Jemie.Trace@gmail.com;developer
8164;Dawn;Kendrick;Dawn.Kendrick@gmail.com;doctor
8165;Mara;Cleo;Mara.Cleo@gmail.com;developer
8166;Maud;Silvan;Maud.Silvan@gmail.com;police officer
8167;Joelly;Brotherson;Joelly.Brotherson@gmail.com;worker
8168;Neila;Charity;Neila.Charity@gmail.com;doctor
8169;Sibella;Willie;Sibella.Willie@gmail.com;police officer
8170;Susette;Tybald;Susette.Tybald@gmail.com;developer
8171;Orsola;Camden;Orsola.Camden@gmail.com;developer
8172;Fredericka;Daniele;Fredericka.Daniele@gmail.com;doctor
8173;Clementine;Mathilde;Clementine.Mathilde@gmail.com;worker
8174;Deane;Creamer;Deane.Creamer@gmail.com;developer
8175;Merrie;Goth;Merrie.Goth@gmail.com;doctor
8176;Wanda;Agle;Wanda.Agle@gmail.com;police officer
8177;Janenna;Giule;Janenna.Giule@gmail.com;worker
8178;Bettine;Darian;Bettine.Darian@gmail.com;developer
8179;Karlee;Berne;Karlee.Berne@gmail.com;police officer
8180;Karolina;Oriana;Karolina.Oriana@gmail.com;firefighter
8181;Clo;Juliet;Clo.Juliet@gmail.com;developer
8182;Susette;Arvo;Susette.Arvo@gmail.com;police officer
8183;Antonietta;Albertine;Antonietta.Albertine@gmail.com;worker
8184;Blake;Wind;Blake.Wind@gmail.com;developer
8185;Deedee;Rese;Deedee.Rese@gmail.com;doctor
8186;Abbie;Penelopa;Abbie.Penelopa@gmail.com;firefighter
8187;Magdalena;Tufts;Magdalena.Tufts@gmail.com;firefighter
8188;Tabbatha;Berne;Tabbatha.Berne@gmail.com;police officer
8189;Cristine;Oscar;Cristine.Oscar@gmail.com;doctor
8190;Edee;Belanger;Edee.Belanger@gmail.com;doctor
8191;Jasmina;Caitlin;Jasmina.Caitlin@gmail.com;firefighter
8192;Shirlee;Pitt;Shirlee.Pitt@gmail.com;firefighter
8193;Valeda;Dulciana;Valeda.Dulciana@gmail.com;doctor
8194;Karina;Toni;Karina.Toni@gmail.com;developer
8195;Genevra;Pierette;Genevra.Pierette@gmail.com;worker
8196;Livvyy;Casimir;Livvyy.Casimir@gmail.com;developer
8197;Peri;Vary;Peri.Vary@gmail.com;police officer
8198;Tori;Dex;Tori.Dex@gmail.com;doctor
8199;Max;Tillford;Max.Tillford@gmail.com;police officer
8200;Steffane;Ovid;Steffane.Ovid@gmail.com;doctor
8201;Annabela;Cath;Annabela.Cath@gmail.com;worker
8202;Margalo;Marlie;Margalo.Marlie@gmail.com;developer
8203;Sue;McCutcheon;Sue.McCutcheon@gmail.com;firefighter
8204;Fayre;Oriana;Fayre.Oriana@gmail.com;doctor
8205;Kial;Lamoree;Kial.Lamoree@gmail.com;firefighter
8206;Donnie;Ingra;Donnie.Ingra@gmail.com;police officer
8207;Janeczka;Sikorski;Janeczka.Sikorski@gmail.com;doctor
8208;Ulrike;Eldrid;Ulrike.Eldrid@gmail.com;police officer
8209;Sheree;Ade;Sheree.Ade@gmail.com;worker
8210;Steffane;Daegal;Steffane.Daegal@gmail.com;developer
8211;Oona;Hebner;Oona.Hebner@gmail.com;developer
8212;Tiffie;Dermott;Tiffie.Dermott@gmail.com;firefighter
8213;Demetris;Orlene;Demetris.Orlene@gmail.com;doctor
8214;Ayn;Guthrie;Ayn.Guthrie@gmail.com;police officer
8215;Caryl;Craggie;Caryl.Craggie@gmail.com;worker
8216;Roberta;Pitt;Roberta.Pitt@gmail.com;developer
8217;Kamilah;Lattie;Kamilah.Lattie@gmail.com;developer
8218;Dorthy;Stelle;Dorthy.Stelle@gmail.com;police officer
8219;Alyssa;Nisbet;Alyssa.Nisbet@gmail.com;police officer
8220;Kamilah;Travax;Kamilah.Travax@gmail.com;developer
8221;Livvyy;Roche;Livvyy.Roche@gmail.com;police officer
8222;Katleen;Dimitris;Katleen.Dimitris@gmail.com;developer
8223;Frieda;Alice;Frieda.Alice@gmail.com;worker
8224;Kate;Raimondo;Kate.Raimondo@gmail.com;police officer
8225;Malina;Yuille;Malina.Yuille@gmail.com;worker
8226;Pamella;Gaynor;Pamella.Gaynor@gmail.com;worker
8227;Tani;Matthew;Tani.Matthew@gmail.com;police officer
8228;Jaclyn;Susannah;Jaclyn.Susannah@gmail.com;police officer
8229;Cyndie;Erminia;Cyndie.Erminia@gmail.com;developer
8230;Janenna;Felizio;Janenna.Felizio@gmail.com;developer
8231;Petronia;Ackerley;Petronia.Ackerley@gmail.com;developer
8232;Lauryn;Idelia;Lauryn.Idelia@gmail.com;firefighter
8233;Britni;Louanna;Britni.Louanna@gmail.com;doctor
8234;Keelia;Hanshaw;Keelia.Hanshaw@gmail.com;police officer
8235;Arlena;Daegal;Arlena.Daegal@gmail.com;developer
8236;Benita;Kunin;Benita.Kunin@gmail.com;worker
8237;Vinita;Zeeba;Vinita.Zeeba@gmail.com;doctor
8238;Ingrid;Hathaway;Ingrid.Hathaway@gmail.com;worker
8239;Deane;Alwin;Deane.Alwin@gmail.com;police officer
8240;Fredericka;Rhu;Fredericka.Rhu@gmail.com;developer
8241;Elsie;Ortrude;Elsie.Ortrude@gmail.com;worker
8242;Andree;Monaco;Andree.Monaco@gmail.com;doctor
8243;Vevay;Strephon;Vevay.Strephon@gmail.com;worker
8244;Carree;Haldas;Carree.Haldas@gmail.com;worker
8245;Selma;Ball;Selma.Ball@gmail.com;doctor
8246;Kristina;Yorick;Kristina.Yorick@gmail.com;police officer
8247;Carilyn;Esmaria;Carilyn.Esmaria@gmail.com;doctor
8248;Kimberley;Parette;Kimberley.Parette@gmail.com;police officer
8249;Trixi;Kress;Trixi.Kress@gmail.com;developer
8250;Louella;Delacourt;Louella.Delacourt@gmail.com;police officer
8251;Yetty;Bahr;Yetty.Bahr@gmail.com;firefighter
8252;Kirstin;Milson;Kirstin.Milson@gmail.com;developer
8253;Deloria;Milson;Deloria.Milson@gmail.com;developer
8254;Anica;Azeria;Anica.Azeria@gmail.com;worker
8255;Constance;Pattin;Constance.Pattin@gmail.com;doctor
8256;Tomasina;Quent;Tomasina.Quent@gmail.com;developer
8257;Merrie;Fitzsimmons;Merrie.Fitzsimmons@gmail.com;doctor
8258;Mariele;Wilkinson;Mariele.Wilkinson@gmail.com;doctor
8259;Minda;Kirbee;Minda.Kirbee@gmail.com;developer
8260;Ketti;Erb;Ketti.Erb@gmail.com;worker
8261;Celisse;Revkah;Celisse.Revkah@gmail.com;developer
8262;Chickie;Herrera;Chickie.Herrera@gmail.com;doctor
8263;Natka;Carmena;Natka.Carmena@gmail.com;worker
8264;Chandra;Mallon;Chandra.Mallon@gmail.com;doctor
8265;Jobi;Roarke;Jobi.Roarke@gmail.com;developer
8266;Daryl;Tice;Daryl.Tice@gmail.com;developer
8267;Jaclyn;Schalles;Jaclyn.Schalles@gmail.com;worker
8268;Keelia;Bigner;Keelia.Bigner@gmail.com;firefighter
8269;Jsandye;Buffum;Jsandye.Buffum@gmail.com;worker
8270;Lonnie;Gaynor;Lonnie.Gaynor@gmail.com;firefighter
8271;Deloria;Suzetta;Deloria.Suzetta@gmail.com;doctor
8272;Stephanie;Ajay;Stephanie.Ajay@gmail.com;doctor
8273;Brooks;Shaddock;Brooks.Shaddock@gmail.com;firefighter
8274;Flory;Zamora;Flory.Zamora@gmail.com;firefighter
8275;Chandra;Gilbertson;Chandra.Gilbertson@gmail.com;police officer
8276;Catrina;Wilona;Catrina.Wilona@gmail.com;firefighter
8277;Lucille;Kylander;Lucille.Kylander@gmail.com;doctor
8278;Jorry;Mike;Jorry.Mike@gmail.com;worker
8279;Concettina;Eachern;Concettina.Eachern@gmail.com;developer
8280;Claresta;Rosemary;Claresta.Rosemary@gmail.com;developer
8281;Mureil;Darbie;Mureil.Darbie@gmail.com;firefighter
8282;Corly;Lilas;Corly.Lilas@gmail.com;police officer
8283;Flo;Darrell;Flo.Darrell@gmail.com;firefighter
8284;Dorene;Daniele;Dorene.Daniele@gmail.com;doctor
8285;Olwen;Donoghue;Olwen.Donoghue@gmail.com;police officer
8286;Sharai;Niles;Sharai.Niles@gmail.com;developer
8287;Cordi;Forrer;Cordi.Forrer@gmail.com;worker
8288;Rosanne;Drus;Rosanne.Drus@gmail.com;developer
8289;Merrie;Emanuel;Merrie.Emanuel@gmail.com;worker
8290;Hermione;Iphlgenia;Hermione.Iphlgenia@gmail.com;firefighter
8291;Averyl;Taima;Averyl.Taima@gmail.com;worker
8292;Dennie;Melony;Dennie.Melony@gmail.com;police officer
8293;Ottilie;Kannry;Ottilie.Kannry@gmail.com;doctor
8294;Ginnie;Kirstin;Ginnie.Kirstin@gmail.com;developer
8295;Cyb;Ellord;Cyb.Ellord@gmail.com;firefighter
8296;Kenna;Jess;Kenna.Jess@gmail.com;firefighter
8297;Bobbi;Edison;Bobbi.Edison@gmail.com;worker
8298;Daune;Afton;Daune.Afton@gmail.com;firefighter
8299;Reeba;Clara;Reeba.Clara@gmail.com;firefighter
8300;Tierney;Sancho;Tierney.Sancho@gmail.com;worker
8301;Adelle;Carleen;Adelle.Carleen@gmail.com;developer
8302;Berget;Selway;Berget.Selway@gmail.com;doctor
8303;Clary;Deegan;Clary.Deegan@gmail.com;developer
8304;Aurore;Pozzy;Aurore.Pozzy@gmail.com;doctor
8305;Odessa;Cyrie;Odessa.Cyrie@gmail.com;firefighter
8306;Inga;Lalitta;Inga.Lalitta@gmail.com;firefighter
8307;June;Anestassia;June.Anestassia@gmail.com;developer
8308;Wilma;Helve;Wilma.Helve@gmail.com;doctor
8309;Pearline;Craggie;Pearline.Craggie@gmail.com;developer
8310;Myriam;Ardeha;Myriam.Ardeha@gmail.com;police officer
8311;Cassondra;Daegal;Cassondra.Daegal@gmail.com;police officer
8312;Tori;Dichy;Tori.Dichy@gmail.com;firefighter
8313;Cyb;Ahab;Cyb.Ahab@gmail.com;police officer
8314;Edee;Gaal;Edee.Gaal@gmail.com;developer
8315;Jsandye;Dreda;Jsandye.Dreda@gmail.com;doctor
8316;Tina;Seagraves;Tina.Seagraves@gmail.com;police officer
8317;Trixi;McGrody;Trixi.McGrody@gmail.com;developer
8318;Antonietta;Ummersen;Antonietta.Ummersen@gmail.com;worker
8319;Dari;Romelda;Dari.Romelda@gmail.com;firefighter
8320;Jacenta;Kamaria;Jacenta.Kamaria@gmail.com;developer
8321;Lonnie;Janene;Lonnie.Janene@gmail.com;firefighter
8322;Janenna;Denis;Janenna.Denis@gmail.com;firefighter
8323;Estell;Montgomery;Estell.Montgomery@gmail.com;developer
8324;Bernie;Zrike;Bernie.Zrike@gmail.com;worker
8325;Elvira;Stover;Elvira.Stover@gmail.com;developer
8326;Nyssa;Colyer;Nyssa.Colyer@gmail.com;worker
8327;Hyacinthe;Klemperer;Hyacinthe.Klemperer@gmail.com;worker
8328;Shannah;Lory;Shannah.Lory@gmail.com;police officer
8329;Gusella;Lail;Gusella.Lail@gmail.com;developer
8330;Larine;Christal;Larine.Christal@gmail.com;firefighter
8331;Misha;Nunci;Misha.Nunci@gmail.com;worker
8332;Althea;Bettine;Althea.Bettine@gmail.com;developer
8333;Marsiella;Ashok;Marsiella.Ashok@gmail.com;developer
8334;Caressa;Honoria;Caressa.Honoria@gmail.com;doctor
8335;Perry;Odysseus;Perry.Odysseus@gmail.com;doctor
8336;Jaclyn;Ummersen;Jaclyn.Ummersen@gmail.com;firefighter
8337;Inga;Arathorn;Inga.Arathorn@gmail.com;firefighter
8338;Gretal;Fredi;Gretal.Fredi@gmail.com;police officer
8339;Cam;Dreda;Cam.Dreda@gmail.com;firefighter
8340;Rosanne;Zeeba;Rosanne.Zeeba@gmail.com;police officer
8341;Ira;Ochs;Ira.Ochs@gmail.com;doctor
8342;Brooks;Creamer;Brooks.Creamer@gmail.com;firefighter
8343;Ketti;Podvin;Ketti.Podvin@gmail.com;worker
8344;Drucie;Syd;Drucie.Syd@gmail.com;police officer
8345;Bobbi;Wolfgram;Bobbi.Wolfgram@gmail.com;doctor
8346;Shel;Yorick;Shel.Yorick@gmail.com;developer
8347;Jackie;Swigart;Jackie.Swigart@gmail.com;doctor
8348;Sheree;Tamsky;Sheree.Tamsky@gmail.com;developer
8349;Margette;Nickola;Margette.Nickola@gmail.com;firefighter
8350;Ebonee;Ferino;Ebonee.Ferino@gmail.com;worker
8351;Laurene;Tamsky;Laurene.Tamsky@gmail.com;firefighter
8352;Jacquetta;Jena;Jacquetta.Jena@gmail.com;police officer
8353;Tomasina;Euridice;Tomasina.Euridice@gmail.com;doctor
8354;Harrietta;Emerson;Harrietta.Emerson@gmail.com;developer
8355;Jorry;Brunell;Jorry.Brunell@gmail.com;worker
8356;Joceline;Weide;Joceline.Weide@gmail.com;doctor
8357;Marti;Arvo;Marti.Arvo@gmail.com;worker
8358;Sashenka;Naor;Sashenka.Naor@gmail.com;firefighter
8359;Dari;Palocz;Dari.Palocz@gmail.com;worker
8360;Shauna;Jobi;Shauna.Jobi@gmail.com;developer
8361;Tobe;Palocz;Tobe.Palocz@gmail.com;worker
8362;Tersina;Libna;Tersina.Libna@gmail.com;developer
8363;Priscilla;Raama;Priscilla.Raama@gmail.com;firefighter
8364;Ginnie;Ader;Ginnie.Ader@gmail.com;police officer
8365;Pollyanna;Shama;Pollyanna.Shama@gmail.com;worker
8366;Rosene;Freddi;Rosene.Freddi@gmail.com;firefighter
8367;Rani;Dituri;Rani.Dituri@gmail.com;worker
8368;Joelly;Astra;Joelly.Astra@gmail.com;firefighter
8369;Sean;Carri;Sean.Carri@gmail.com;worker
8370;Jobi;Waite;Jobi.Waite@gmail.com;developer
8371;Celestyna;Klotz;Celestyna.Klotz@gmail.com;developer
8372;Lindie;Skell;Lindie.Skell@gmail.com;doctor
8373;Gavrielle;Barbey;Gavrielle.Barbey@gmail.com;doctor
8374;Allis;Alice;Allis.Alice@gmail.com;firefighter
8375;Rani;Tarrant;Rani.Tarrant@gmail.com;firefighter
8376;Joleen;Douglass;Joleen.Douglass@gmail.com;firefighter
8377;Modestia;Madelene;Modestia.Madelene@gmail.com;doctor
8378;Christy;Tamsky;Christy.Tamsky@gmail.com;developer
8379;Aaren;Pernick;Aaren.Pernick@gmail.com;doctor
8380;Fred;Darbie;Fred.Darbie@gmail.com;developer
8381;Amii;Shuler;Amii.Shuler@gmail.com;police officer
8382;Clementine;Bakerman;Clementine.Bakerman@gmail.com;developer
8383;Merry;Garrison;Merry.Garrison@gmail.com;worker
8384;Cathyleen;Rolf;Cathyleen.Rolf@gmail.com;police officer
8385;Jany;Torray;Jany.Torray@gmail.com;firefighter
8386;Sidoney;Nance;Sidoney.Nance@gmail.com;firefighter
8387;Hildegaard;Blisse;Hildegaard.Blisse@gmail.com;firefighter
8388;Elsie;Haerr;Elsie.Haerr@gmail.com;doctor
8389;Peri;Ashely;Peri.Ashely@gmail.com;worker
8390;Leanna;Lucienne;Leanna.Lucienne@gmail.com;police officer
8391;Maridel;Zina;Maridel.Zina@gmail.com;police officer
8392;Kayla;Chandler;Kayla.Chandler@gmail.com;firefighter
8393;Kristan;Uund;Kristan.Uund@gmail.com;developer
8394;Audrie;Hessler;Audrie.Hessler@gmail.com;police officer
8395;Devina;Gavrila;Devina.Gavrila@gmail.com;firefighter
8396;Jackie;Maroney;Jackie.Maroney@gmail.com;police officer
8397;Rori;Rosemary;Rori.Rosemary@gmail.com;firefighter
8398;Sheree;Anderea;Sheree.Anderea@gmail.com;police officer
8399;Dede;Wilkinson;Dede.Wilkinson@gmail.com;developer
8400;Nikki;Garrison;Nikki.Garrison@gmail.com;firefighter
8401;Arabel;Selway;Arabel.Selway@gmail.com;developer
8402;Cathie;Lorenz;Cathie.Lorenz@gmail.com;developer
8403;Cathie;Middleton;Cathie.Middleton@gmail.com;developer
8404;Orelia;Nikaniki;Orelia.Nikaniki@gmail.com;firefighter
8405;Gusty;Viddah;Gusty.Viddah@gmail.com;worker
8406;Hayley;Lubin;Hayley.Lubin@gmail.com;worker
8407;Jerry;Roche;Jerry.Roche@gmail.com;worker
8408;Marline;Moseley;Marline.Moseley@gmail.com;police officer
8409;Ezmeralda;Mallon;Ezmeralda.Mallon@gmail.com;doctor
8410;Nicoli;Plato;Nicoli.Plato@gmail.com;worker
8411;Sheelagh;Gombach;Sheelagh.Gombach@gmail.com;developer
8412;Riannon;Damarra;Riannon.Damarra@gmail.com;firefighter
8413;Edith;Lareena;Edith.Lareena@gmail.com;police officer
8414;Tarra;Ehrman;Tarra.Ehrman@gmail.com;police officer
8415;Etta;Roche;Etta.Roche@gmail.com;developer
8416;Melina;Israeli;Melina.Israeli@gmail.com;developer
8417;Nananne;Cristi;Nananne.Cristi@gmail.com;doctor
8418;Marika;Thornburg;Marika.Thornburg@gmail.com;firefighter
8419;Thalia;Philoo;Thalia.Philoo@gmail.com;firefighter
8420;Adele;Romelda;Adele.Romelda@gmail.com;police officer
8421;Sheree;Lia;Sheree.Lia@gmail.com;doctor
8422;Catharine;Baptlsta;Catharine.Baptlsta@gmail.com;police officer
8423;Allyce;Loleta;Allyce.Loleta@gmail.com;doctor
8424;Kerrin;Olin;Kerrin.Olin@gmail.com;doctor
8425;Marinna;Wadell;Marinna.Wadell@gmail.com;worker
8426;Jeanna;Gualtiero;Jeanna.Gualtiero@gmail.com;developer
8427;Jinny;Fitzsimmons;Jinny.Fitzsimmons@gmail.com;worker
8428;Karina;Codding;Karina.Codding@gmail.com;firefighter
8429;Merry;Euridice;Merry.Euridice@gmail.com;doctor
8430;Karolina;Tamar;Karolina.Tamar@gmail.com;firefighter
8431;Margalo;Bebe;Margalo.Bebe@gmail.com;developer
8432;Iseabal;Vastah;Iseabal.Vastah@gmail.com;developer
8433;Antonietta;Suzetta;Antonietta.Suzetta@gmail.com;firefighter
8434;Netty;Roche;Netty.Roche@gmail.com;worker
8435;Isa;Beniamino;Isa.Beniamino@gmail.com;firefighter
8436;Ileana;Salchunas;Ileana.Salchunas@gmail.com;worker
8437;Joleen;Etom;Joleen.Etom@gmail.com;firefighter
8438;Danny;Minetta;Danny.Minetta@gmail.com;police officer
8439;Elyssa;Belanger;Elyssa.Belanger@gmail.com;doctor
8440;Pearline;Orelee;Pearline.Orelee@gmail.com;developer
8441;Britte;Schwejda;Britte.Schwejda@gmail.com;developer
8442;Isa;Maurine;Isa.Maurine@gmail.com;firefighter
8443;Merci;Nicoline;Merci.Nicoline@gmail.com;developer
8444;Leanna;Garbe;Leanna.Garbe@gmail.com;doctor
8445;Heddie;Cleo;Heddie.Cleo@gmail.com;doctor
8446;Dulcinea;Karl;Dulcinea.Karl@gmail.com;developer
8447;Sissy;Remmer;Sissy.Remmer@gmail.com;developer
8448;Berget;Alva;Berget.Alva@gmail.com;police officer
8449;Selia;Norvol;Selia.Norvol@gmail.com;developer
8450;Lusa;Alexandr;Lusa.Alexandr@gmail.com;police officer
8451;Mara;Sperling;Mara.Sperling@gmail.com;developer
8452;Leona;Wandie;Leona.Wandie@gmail.com;doctor
8453;Gratia;Nedrud;Gratia.Nedrud@gmail.com;police officer
8454;Tierney;Alwin;Tierney.Alwin@gmail.com;doctor
8455;Mellicent;Ricarda;Mellicent.Ricarda@gmail.com;worker
8456;Ketti;Monk;Ketti.Monk@gmail.com;developer
8457;Cacilie;Hunfredo;Cacilie.Hunfredo@gmail.com;doctor
8458;Ursulina;Jacobah;Ursulina.Jacobah@gmail.com;doctor
8459;Ruthe;Mandler;Ruthe.Mandler@gmail.com;worker
8460;Minda;Taam;Minda.Taam@gmail.com;firefighter
8461;Dede;Curren;Dede.Curren@gmail.com;developer
8462;Sallie;Rillings;Sallie.Rillings@gmail.com;police officer
8463;Lonnie;Carbo;Lonnie.Carbo@gmail.com;doctor
8464;Clementine;Shuler;Clementine.Shuler@gmail.com;worker
8465;Kalina;Dyche;Kalina.Dyche@gmail.com;worker
8466;Brana;Chick;Brana.Chick@gmail.com;doctor
8467;Alisha;Fennessy;Alisha.Fennessy@gmail.com;developer
8468;Gilligan;Eliathas;Gilligan.Eliathas@gmail.com;doctor
8469;Bobbi;Corabella;Bobbi.Corabella@gmail.com;police officer
8470;Dotty;Colleen;Dotty.Colleen@gmail.com;firefighter
8471;Fanchon;Felecia;Fanchon.Felecia@gmail.com;worker
8472;Xylina;Noman;Xylina.Noman@gmail.com;worker
8473;Jere;Erich;Jere.Erich@gmail.com;firefighter
8474;Halette;Aldric;Halette.Aldric@gmail.com;police officer
8475;Britte;Craggie;Britte.Craggie@gmail.com;developer
8476;Estell;Girardo;Estell.Girardo@gmail.com;firefighter
8477;Babita;Fredi;Babita.Fredi@gmail.com;developer
8478;Dyann;Gwenore;Dyann.Gwenore@gmail.com;doctor
8479;Robinia;Si;Robinia.Si@gmail.com;police officer
8480;Arlina;Jacinda;Arlina.Jacinda@gmail.com;worker
8481;Frances;Azeria;Frances.Azeria@gmail.com;worker
8482;Florie;Bevin;Florie.Bevin@gmail.com;doctor
8483;Margalo;Alejoa;Margalo.Alejoa@gmail.com;firefighter
8484;Steffane;Danby;Steffane.Danby@gmail.com;police officer
8485;Kristina;Gregrory;Kristina.Gregrory@gmail.com;worker
8486;Raina;Estella;Raina.Estella@gmail.com;developer
8487;Starla;Kress;Starla.Kress@gmail.com;worker
8488;Lilith;Garrison;Lilith.Garrison@gmail.com;doctor
8489;Chloris;Milde;Chloris.Milde@gmail.com;worker
8490;Aurelie;Gladstone;Aurelie.Gladstone@gmail.com;worker
8491;Violet;Gusella;Violet.Gusella@gmail.com;developer
8492;Mignon;Ilka;Mignon.Ilka@gmail.com;worker
8493;Mildrid;Ajay;Mildrid.Ajay@gmail.com;firefighter
8494;Ana;Kendrick;Ana.Kendrick@gmail.com;doctor
8495;Dorothy;Reneta;Dorothy.Reneta@gmail.com;developer
8496;Agnese;Jefferey;Agnese.Jefferey@gmail.com;firefighter
8497;Olwen;Schalles;Olwen.Schalles@gmail.com;firefighter
8498;Leontine;Tamar;Leontine.Tamar@gmail.com;developer
8499;Tori;Delacourt;Tori.Delacourt@gmail.com;police officer
8500;Alia;Rubie;Alia.Rubie@gmail.com;worker
8501;Cindelyn;Jary;Cindelyn.Jary@gmail.com;worker
8502;Cristabel;Slifka;Cristabel.Slifka@gmail.com;worker
8503;Gerrie;Eachern;Gerrie.Eachern@gmail.com;firefighter
8504;Desirae;Friede;Desirae.Friede@gmail.com;police officer
8505;Gilda;Clie;Gilda.Clie@gmail.com;firefighter
8506;Melodie;Kat;Melodie.Kat@gmail.com;worker
8507;Anthia;Maisey;Anthia.Maisey@gmail.com;firefighter
8508;Sidoney;Azeria;Sidoney.Azeria@gmail.com;developer
8509;Trixi;Liva;Trixi.Liva@gmail.com;doctor
8510;Maisey;Cadmar;Maisey.Cadmar@gmail.com;developer
8511;Lynnea;Winthorpe;Lynnea.Winthorpe@gmail.com;police officer
8512;Karolina;Malina;Karolina.Malina@gmail.com;developer
8513;Jolyn;Poppy;Jolyn.Poppy@gmail.com;developer
8514;Elka;Dalli;Elka.Dalli@gmail.com;worker
8515;Vanessa;Vilma;Vanessa.Vilma@gmail.com;doctor
8516;Deedee;Nickola;Deedee.Nickola@gmail.com;worker
8517;Gwyneth;Pacorro;Gwyneth.Pacorro@gmail.com;doctor
8518;Kirbee;Janene;Kirbee.Janene@gmail.com;firefighter
8519;Brooks;McGrody;Brooks.McGrody@gmail.com;police officer
8520;Paulita;Llovera;Paulita.Llovera@gmail.com;worker
8521;Tatiania;Drus;Tatiania.Drus@gmail.com;firefighter
8522;Harmonia;Georas;Harmonia.Georas@gmail.com;doctor
8523;Ayn;Dannye;Ayn.Dannye@gmail.com;police officer
8524;Noelle;Han;Noelle.Han@gmail.com;developer
8525;Madalyn;Rolf;Madalyn.Rolf@gmail.com;developer
8526;Barbi;Agle;Barbi.Agle@gmail.com;police officer
8527;Ginnie;Graig;Ginnie.Graig@gmail.com;police officer
8528;Olivette;Euridice;Olivette.Euridice@gmail.com;worker
8529;Reeba;Georgy;Reeba.Georgy@gmail.com;firefighter
8530;Stephanie;Cavan;Stephanie.Cavan@gmail.com;doctor
8531;Margarette;Zeeba;Margarette.Zeeba@gmail.com;doctor
8532;Rivalee;Pattin;Rivalee.Pattin@gmail.com;worker
8533;Caryl;Henrie;Caryl.Henrie@gmail.com;firefighter
8534;Marnia;Harl;Marnia.Harl@gmail.com;police officer
8535;Kara-Lynn;Edvard;Kara-Lynn.Edvard@gmail.com;developer
8536;Marika;An;Marika.An@gmail.com;police officer
8537;Rosene;Hunfredo;Rosene.Hunfredo@gmail.com;firefighter
8538;Emilia;Clara;Emilia.Clara@gmail.com;worker
8539;Gale;Screens;Gale.Screens@gmail.com;worker
8540;Jobi;Wallis;Jobi.Wallis@gmail.com;doctor
8541;Vita;Maryanne;Vita.Maryanne@gmail.com;police officer
8542;Leanna;Bevin;Leanna.Bevin@gmail.com;worker
8543;Asia;Bebe;Asia.Bebe@gmail.com;police officer
8544;Sophia;Isidore;Sophia.Isidore@gmail.com;developer
8545;Frances;Fulmer;Frances.Fulmer@gmail.com;doctor
8546;Hollie;Ietta;Hollie.Ietta@gmail.com;firefighter
8547;Jorry;Lay;Jorry.Lay@gmail.com;doctor
8548;Charlena;Ashok;Charlena.Ashok@gmail.com;worker
8549;Leanna;Roumell;Leanna.Roumell@gmail.com;worker
8550;Alyssa;Buckler;Alyssa.Buckler@gmail.com;police officer
8551;Beverley;Ricarda;Beverley.Ricarda@gmail.com;worker
8552;Charissa;Dreda;Charissa.Dreda@gmail.com;worker
8553;Carmencita;Bivins;Carmencita.Bivins@gmail.com;doctor
8554;Sharlene;Carri;Sharlene.Carri@gmail.com;developer
8555;Clo;Briney;Clo.Briney@gmail.com;developer
8556;Ileana;Kalinda;Ileana.Kalinda@gmail.com;doctor
8557;Nerta;Latini;Nerta.Latini@gmail.com;worker
8558;Sharai;Ummersen;Sharai.Ummersen@gmail.com;doctor
8559;Jsandye;Milson;Jsandye.Milson@gmail.com;doctor
8560;Dania;Saunderson;Dania.Saunderson@gmail.com;firefighter
8561;Larine;Romelda;Larine.Romelda@gmail.com;firefighter
8562;Leona;Winnick;Leona.Winnick@gmail.com;doctor
8563;Esmeralda;Gwenore;Esmeralda.Gwenore@gmail.com;worker
8564;Ilse;Kelula;Ilse.Kelula@gmail.com;police officer
8565;Claresta;Neva;Claresta.Neva@gmail.com;doctor
8566;Caritta;Fredi;Caritta.Fredi@gmail.com;firefighter
8567;Edyth;Gilmour;Edyth.Gilmour@gmail.com;developer
8568;Lesly;Margarete;Lesly.Margarete@gmail.com;firefighter
8569;Claresta;Schenck;Claresta.Schenck@gmail.com;worker
8570;Jaime;Chem;Jaime.Chem@gmail.com;doctor
8571;Kathi;Selway;Kathi.Selway@gmail.com;firefighter
8572;Stephanie;Nance;Stephanie.Nance@gmail.com;police officer
8573;Tera;Parsaye;Tera.Parsaye@gmail.com;worker
8574;Cathyleen;Nester;Cathyleen.Nester@gmail.com;developer
8575;Sharai;Faust;Sharai.Faust@gmail.com;firefighter
8576;Jany;Rona;Jany.Rona@gmail.com;doctor
8577;Rivalee;Allys;Rivalee.Allys@gmail.com;worker
8578;Elie;Gaynor;Elie.Gaynor@gmail.com;doctor
8579;Oona;Pauly;Oona.Pauly@gmail.com;doctor
8580;Mildrid;Granoff;Mildrid.Granoff@gmail.com;doctor
8581;Carlie;Oster;Carlie.Oster@gmail.com;doctor
8582;Dulcinea;Merriott;Dulcinea.Merriott@gmail.com;firefighter
8583;Pearline;Screens;Pearline.Screens@gmail.com;developer
8584;Roslyn;Maroney;Roslyn.Maroney@gmail.com;firefighter
8585;Jessamyn;Pandolfi;Jessamyn.Pandolfi@gmail.com;police officer
8586;Roslyn;Stoller;Roslyn.Stoller@gmail.com;firefighter
8587;Myriam;Lalitta;Myriam.Lalitta@gmail.com;worker
8588;Nelle;Sekofski;Nelle.Sekofski@gmail.com;police officer
8589;Dorthy;Judye;Dorthy.Judye@gmail.com;doctor
8590;Monika;Yoko;Monika.Yoko@gmail.com;police officer
8591;Xylina;Hoban;Xylina.Hoban@gmail.com;developer
8592;Hettie;Grosz;Hettie.Grosz@gmail.com;police officer
8593;Dagmar;Colleen;Dagmar.Colleen@gmail.com;developer
8594;Nadine;Bonilla;Nadine.Bonilla@gmail.com;firefighter
8595;Paulita;Bollay;Paulita.Bollay@gmail.com;firefighter
8596;Marita;Wallis;Marita.Wallis@gmail.com;doctor
8597;Daphne;Genna;Daphne.Genna@gmail.com;doctor
8598;Alejandra;Fiann;Alejandra.Fiann@gmail.com;developer
8599;Hettie;Bonilla;Hettie.Bonilla@gmail.com;doctor
8600;Emelina;Dex;Emelina.Dex@gmail.com;police officer
8601;Leeanne;Azeria;Leeanne.Azeria@gmail.com;worker
8602;Chandra;Boycey;Chandra.Boycey@gmail.com;firefighter
8603;Hayley;Selway;Hayley.Selway@gmail.com;firefighter
8604;Chere;Shanley;Chere.Shanley@gmail.com;doctor
8605;Dania;Remmer;Dania.Remmer@gmail.com;firefighter
8606;Meriel;Stevy;Meriel.Stevy@gmail.com;doctor
8607;Brynna;Lea;Brynna.Lea@gmail.com;police officer
8608;Anestassia;Gilmour;Anestassia.Gilmour@gmail.com;police officer
8609;Emmey;Anyah;Emmey.Anyah@gmail.com;firefighter
8610;Corly;Infield;Corly.Infield@gmail.com;worker
8611;Brynna;Yuille;Brynna.Yuille@gmail.com;worker
8612;Amii;Stelle;Amii.Stelle@gmail.com;worker
8613;Amalie;Cutlerr;Amalie.Cutlerr@gmail.com;developer
8614;Lorie;Swanhildas;Lorie.Swanhildas@gmail.com;developer
8615;Eve;Engdahl;Eve.Engdahl@gmail.com;developer
8616;Romona;Thornburg;Romona.Thornburg@gmail.com;police officer
8617;Dagmar;Kronfeld;Dagmar.Kronfeld@gmail.com;developer
8618;Abbie;Verger;Abbie.Verger@gmail.com;doctor
8619;Dulce;Sekofski;Dulce.Sekofski@gmail.com;firefighter
8620;Carmela;Sholley;Carmela.Sholley@gmail.com;worker
8621;Meghann;Hunfredo;Meghann.Hunfredo@gmail.com;doctor
8622;Pearline;Colbert;Pearline.Colbert@gmail.com;police officer
8623;Madeleine;Schalles;Madeleine.Schalles@gmail.com;developer
8624;Correy;Heisel;Correy.Heisel@gmail.com;doctor
8625;Benita;Marijo;Benita.Marijo@gmail.com;police officer
8626;Ariela;Ioab;Ariela.Ioab@gmail.com;police officer
8627;Selia;Cutlerr;Selia.Cutlerr@gmail.com;firefighter
8628;Leia;Rhu;Leia.Rhu@gmail.com;worker
8629;Gale;Dannye;Gale.Dannye@gmail.com;worker
8630;Dotty;Adore;Dotty.Adore@gmail.com;doctor
8631;Jan;Wilkinson;Jan.Wilkinson@gmail.com;developer
8632;Heddie;Naashom;Heddie.Naashom@gmail.com;developer
8633;Marita;Fancie;Marita.Fancie@gmail.com;police officer
8634;Henriette;Maiah;Henriette.Maiah@gmail.com;worker
8635;Daune;Serilda;Daune.Serilda@gmail.com;worker
8636;Bettine;Brady;Bettine.Brady@gmail.com;developer
8637;Britni;Turne;Britni.Turne@gmail.com;doctor
8638;Kittie;Caitlin;Kittie.Caitlin@gmail.com;worker
8639;Clary;Phi;Clary.Phi@gmail.com;doctor
8640;Belva;McLaughlin;Belva.McLaughlin@gmail.com;firefighter
8641;Nicoli;Agle;Nicoli.Agle@gmail.com;worker
8642;Madalyn;Jerold;Madalyn.Jerold@gmail.com;police officer
8643;Jeanna;Sibyls;Jeanna.Sibyls@gmail.com;developer
8644;Linet;Peonir;Linet.Peonir@gmail.com;police officer
8645;Kirstin;Lasley;Kirstin.Lasley@gmail.com;developer
8646;Tiffie;Vale;Tiffie.Vale@gmail.com;firefighter
8647;Talya;Cristi;Talya.Cristi@gmail.com;doctor
8648;Jan;Gladstone;Jan.Gladstone@gmail.com;developer
8649;Hettie;Peti;Hettie.Peti@gmail.com;worker
8650;Anica;Erich;Anica.Erich@gmail.com;worker
8651;Shandie;Gibbeon;Shandie.Gibbeon@gmail.com;developer
8652;Melodie;Thar;Melodie.Thar@gmail.com;doctor
8653;Tori;Denis;Tori.Denis@gmail.com;worker
8654;Winifred;Modie;Winifred.Modie@gmail.com;worker
8655;Viviene;Zitvaa;Viviene.Zitvaa@gmail.com;police officer
8656;Di;Tomasina;Di.Tomasina@gmail.com;police officer
8657;Lila;Gemini;Lila.Gemini@gmail.com;worker
8658;Tilly;Santoro;Tilly.Santoro@gmail.com;firefighter
8659;Layla;Brian;Layla.Brian@gmail.com;doctor
8660;Roxane;Edmund;Roxane.Edmund@gmail.com;doctor
8661;Ketti;Newell;Ketti.Newell@gmail.com;police officer
8662;Antonietta;Stelle;Antonietta.Stelle@gmail.com;doctor
8663;Desirae;Urias;Desirae.Urias@gmail.com;police officer
8664;Talya;Skell;Talya.Skell@gmail.com;doctor
8665;Merry;Ephrem;Merry.Ephrem@gmail.com;firefighter
8666;Melisent;Kussell;Melisent.Kussell@gmail.com;worker
8667;Zia;Stephie;Zia.Stephie@gmail.com;police officer
8668;Minne;Bearnard;Minne.Bearnard@gmail.com;firefighter
8669;Lauryn;Sacken;Lauryn.Sacken@gmail.com;police officer
8670;Joelly;Moseley;Joelly.Moseley@gmail.com;firefighter
8671;Siana;Lenny;Siana.Lenny@gmail.com;developer
8672;Daphne;Ashely;Daphne.Ashely@gmail.com;developer
8673;Deedee;Hieronymus;Deedee.Hieronymus@gmail.com;police officer
8674;Emmey;Faria;Emmey.Faria@gmail.com;worker
8675;Lusa;Harned;Lusa.Harned@gmail.com;worker
8676;Beth;Socha;Beth.Socha@gmail.com;firefighter
8677;Nonnah;Agle;Nonnah.Agle@gmail.com;doctor
8678;Emelina;Ledah;Emelina.Ledah@gmail.com;developer
8679;Arlina;Shama;Arlina.Shama@gmail.com;police officer
8680;Joelly;Weinreb;Joelly.Weinreb@gmail.com;police officer
8681;Leia;Herrera;Leia.Herrera@gmail.com;police officer
8682;Tilly;Liva;Tilly.Liva@gmail.com;police officer
8683;Corene;Newell;Corene.Newell@gmail.com;police officer
8684;Cyndie;Markman;Cyndie.Markman@gmail.com;doctor
8685;Bobinette;Blisse;Bobinette.Blisse@gmail.com;worker
8686;Rosene;Dearborn;Rosene.Dearborn@gmail.com;firefighter
8687;Orsola;Hessler;Orsola.Hessler@gmail.com;worker
8688;Libbie;Morrill;Libbie.Morrill@gmail.com;developer
8689;Quintina;Tengdin;Quintina.Tengdin@gmail.com;worker
8690;Susan;Paton;Susan.Paton@gmail.com;developer
8691;Oralee;Morrill;Oralee.Morrill@gmail.com;developer
8692;Mellicent;Georas;Mellicent.Georas@gmail.com;worker
8693;Katharina;Anestassia;Katharina.Anestassia@gmail.com;police officer
8694;Kylynn;Couture;Kylynn.Couture@gmail.com;police officer
8695;Annabela;An;Annabela.An@gmail.com;police officer
8696;Rhea;Dex;Rhea.Dex@gmail.com;doctor
8697;Elmira;Leary;Elmira.Leary@gmail.com;worker
8698;Agathe;Zola;Agathe.Zola@gmail.com;doctor
8699;Joceline;Jethro;Joceline.Jethro@gmail.com;firefighter
8700;Amelia;Gerge;Amelia.Gerge@gmail.com;firefighter
8701;Petronia;Casimir;Petronia.Casimir@gmail.com;developer
8702;Evaleen;Philipp;Evaleen.Philipp@gmail.com;police officer
8703;Debee;Lane;Debee.Lane@gmail.com;doctor
8704;Jinny;Aaberg;Jinny.Aaberg@gmail.com;doctor
8705;Daryl;Rosette;Daryl.Rosette@gmail.com;firefighter
8706;Anica;Richers;Anica.Richers@gmail.com;doctor
8707;Ana;Ezar;Ana.Ezar@gmail.com;police officer
8708;Jessy;Lory;Jessy.Lory@gmail.com;doctor
8709;Sherrie;Corrine;Sherrie.Corrine@gmail.com;police officer
8710;Clarice;Sisile;Clarice.Sisile@gmail.com;developer
8711;Alie;Aldric;Alie.Aldric@gmail.com;worker
8712;Molli;Rosette;Molli.Rosette@gmail.com;developer
8713;Deedee;Sothena;Deedee.Sothena@gmail.com;doctor
8714;Zia;Aldric;Zia.Aldric@gmail.com;worker
8715;Florie;Yusuk;Florie.Yusuk@gmail.com;firefighter
8716;Amalie;Travax;Amalie.Travax@gmail.com;developer
8717;Kassey;Fancie;Kassey.Fancie@gmail.com;developer
8718;Karina;Read;Karina.Read@gmail.com;worker
8719;Mureil;Hylan;Mureil.Hylan@gmail.com;worker
8720;Madeleine;Sinegold;Madeleine.Sinegold@gmail.com;doctor
8721;Blinni;Rese;Blinni.Rese@gmail.com;doctor
8722;Brietta;Berl;Brietta.Berl@gmail.com;worker
8723;Lorie;Hirsch;Lorie.Hirsch@gmail.com;doctor
8724;Ninnetta;Oneida;Ninnetta.Oneida@gmail.com;police officer
8725;Annabela;Arley;Annabela.Arley@gmail.com;worker
8726;Debee;Elsinore;Debee.Elsinore@gmail.com;doctor
8727;Kellen;Richers;Kellen.Richers@gmail.com;doctor
8728;Verla;Pearse;Verla.Pearse@gmail.com;developer
8729;Raf;Morrill;Raf.Morrill@gmail.com;worker
8730;Adriana;Weaks;Adriana.Weaks@gmail.com;doctor
8731;Luci;Means;Luci.Means@gmail.com;worker
8732;Kirstin;Payson;Kirstin.Payson@gmail.com;firefighter
8733;Ninnetta;Alice;Ninnetta.Alice@gmail.com;developer
8734;Meg;Cyrie;Meg.Cyrie@gmail.com;police officer
8735;Helsa;Aldric;Helsa.Aldric@gmail.com;firefighter
8736;Lenna;Amasa;Lenna.Amasa@gmail.com;developer
8737;Delilah;Valerio;Delilah.Valerio@gmail.com;police officer
8738;Ileana;Weinreb;Ileana.Weinreb@gmail.com;doctor
8739;Willetta;Colbert;Willetta.Colbert@gmail.com;developer
8740;Dagmar;Hebner;Dagmar.Hebner@gmail.com;developer
8741;Elbertina;Whiffen;Elbertina.Whiffen@gmail.com;developer
8742;Marjie;Sholley;Marjie.Sholley@gmail.com;doctor
8743;Tatiania;Concha;Tatiania.Concha@gmail.com;doctor
8744;Jemie;Terrence;Jemie.Terrence@gmail.com;police officer
8745;Harmonia;Suk;Harmonia.Suk@gmail.com;firefighter
8746;Sadie;Emmy;Sadie.Emmy@gmail.com;doctor
8747;Karly;Cherianne;Karly.Cherianne@gmail.com;worker
8748;Kore;Gualtiero;Kore.Gualtiero@gmail.com;firefighter
8749;Adelle;Munn;Adelle.Munn@gmail.com;worker
8750;Elise;Bonilla;Elise.Bonilla@gmail.com;developer
8751;Evaleen;An;Evaleen.An@gmail.com;police officer
8752;Halette;Raama;Halette.Raama@gmail.com;doctor
8753;Sonni;Corilla;Sonni.Corilla@gmail.com;developer
8754;Stevana;Seagraves;Stevana.Seagraves@gmail.com;doctor
8755;Adriana;Kermit;Adriana.Kermit@gmail.com;developer
8756;Gerrie;Halsey;Gerrie.Halsey@gmail.com;developer
8757;Jennica;Destinee;Jennica.Destinee@gmail.com;police officer
8758;Cissiee;Sigfrid;Cissiee.Sigfrid@gmail.com;police officer
8759;Nonnah;Holtz;Nonnah.Holtz@gmail.com;developer
8760;Flory;Yate;Flory.Yate@gmail.com;firefighter
8761;Michaelina;Ax;Michaelina.Ax@gmail.com;doctor
8762;Aaren;Eliathas;Aaren.Eliathas@gmail.com;firefighter
8763;Vinita;Lilas;Vinita.Lilas@gmail.com;police officer
8764;Maridel;Hirsch;Maridel.Hirsch@gmail.com;developer
8765;Annabela;Harriman;Annabela.Harriman@gmail.com;firefighter
8766;Alyssa;Lane;Alyssa.Lane@gmail.com;worker
8767;Emelina;Reneta;Emelina.Reneta@gmail.com;police officer
8768;Bertine;Thema;Bertine.Thema@gmail.com;doctor
8769;Suzette;Guildroy;Suzette.Guildroy@gmail.com;doctor
8770;Asia;Tryck;Asia.Tryck@gmail.com;firefighter
8771;Quintina;Odysseus;Quintina.Odysseus@gmail.com;worker
8772;Zaria;Leopold;Zaria.Leopold@gmail.com;police officer
8773;Jenilee;Wiener;Jenilee.Wiener@gmail.com;doctor
8774;Cassandra;Catie;Cassandra.Catie@gmail.com;police officer
8775;Emylee;Constancy;Emylee.Constancy@gmail.com;doctor
8776;Joy;Zola;Joy.Zola@gmail.com;worker
8777;Gui;Muriel;Gui.Muriel@gmail.com;police officer
8778;Aaren;Reneta;Aaren.Reneta@gmail.com;developer
8779;Roslyn;Abernon;Roslyn.Abernon@gmail.com;police officer
8780;Myriam;Regan;Myriam.Regan@gmail.com;firefighter
8781;Tressa;Keelia;Tressa.Keelia@gmail.com;police officer
8782;Frances;Meli;Frances.Meli@gmail.com;firefighter
8783;Hannis;Marlie;Hannis.Marlie@gmail.com;police officer
8784;Bertine;Holtz;Bertine.Holtz@gmail.com;police officer
8785;Chandra;Argus;Chandra.Argus@gmail.com;doctor
8786;Elie;Cynar;Elie.Cynar@gmail.com;doctor
8787;Codie;Verger;Codie.Verger@gmail.com;firefighter
8788;Micheline;Alice;Micheline.Alice@gmail.com;worker
8789;Leona;Waldron;Leona.Waldron@gmail.com;doctor
8790;Cherilyn;Jillane;Cherilyn.Jillane@gmail.com;police officer
8791;Bill;Grosz;Bill.Grosz@gmail.com;worker
8792;Celisse;Macey;Celisse.Macey@gmail.com;doctor
8793;Trudie;Dulciana;Trudie.Dulciana@gmail.com;police officer
8794;Kary;Giff;Kary.Giff@gmail.com;worker
8795;Helsa;Thunell;Helsa.Thunell@gmail.com;worker
8796;Rhoda;Bivins;Rhoda.Bivins@gmail.com;doctor
8797;Deane;Dex;Deane.Dex@gmail.com;worker
8798;Sashenka;Mich;Sashenka.Mich@gmail.com;worker
8799;Lynnea;Felecia;Lynnea.Felecia@gmail.com;firefighter
8800;Ezmeralda;Romelda;Ezmeralda.Romelda@gmail.com;firefighter
8801;Sidoney;Alwin;Sidoney.Alwin@gmail.com;worker
8802;Alexine;Margarete;Alexine.Margarete@gmail.com;developer
8803;Flory;Sikorski;Flory.Sikorski@gmail.com;developer
8804;Keelia;Alrich;Keelia.Alrich@gmail.com;worker
8805;Marline;Jethro;Marline.Jethro@gmail.com;doctor
8806;Averyl;Means;Averyl.Means@gmail.com;developer
8807;Jolyn;Dannye;Jolyn.Dannye@gmail.com;doctor
8808;Carmencita;Japeth;Carmencita.Japeth@gmail.com;developer
8809;Cassondra;Gherardo;Cassondra.Gherardo@gmail.com;firefighter
8810;Siana;Thad;Siana.Thad@gmail.com;worker
8811;Ira;Drisko;Ira.Drisko@gmail.com;developer
8812;Ruthe;Campball;Ruthe.Campball@gmail.com;police officer
8813;Minne;Anastatius;Minne.Anastatius@gmail.com;developer
8814;Lilith;Ardra;Lilith.Ardra@gmail.com;doctor
8815;Etta;Darbie;Etta.Darbie@gmail.com;worker
8816;Ninnetta;Roxanna;Ninnetta.Roxanna@gmail.com;firefighter
8817;Bobbi;Ardeha;Bobbi.Ardeha@gmail.com;doctor
8818;Janenna;Sacken;Janenna.Sacken@gmail.com;doctor
8819;Letizia;Boycey;Letizia.Boycey@gmail.com;firefighter
8820;Farrah;Talia;Farrah.Talia@gmail.com;developer
8821;Alyssa;Ovid;Alyssa.Ovid@gmail.com;developer
8822;Deloria;Ledah;Deloria.Ledah@gmail.com;police officer
8823;Amelia;Norrie;Amelia.Norrie@gmail.com;police officer
8824;Arlena;Tomasina;Arlena.Tomasina@gmail.com;doctor
8825;Cathie;Salchunas;Cathie.Salchunas@gmail.com;police officer
8826;Beatriz;Ariella;Beatriz.Ariella@gmail.com;developer
8827;Andree;Ferino;Andree.Ferino@gmail.com;worker
8828;Cacilie;Germann;Cacilie.Germann@gmail.com;firefighter
8829;Glenda;Rese;Glenda.Rese@gmail.com;worker
8830;Tobe;Corilla;Tobe.Corilla@gmail.com;doctor
8831;Lonnie;Nea;Lonnie.Nea@gmail.com;developer
8832;Elise;Glenden;Elise.Glenden@gmail.com;doctor
8833;Linzy;Rooney;Linzy.Rooney@gmail.com;doctor
8834;Sissy;Schonfeld;Sissy.Schonfeld@gmail.com;worker
8835;Minne;Nester;Minne.Nester@gmail.com;doctor
8836;Christian;Bluh;Christian.Bluh@gmail.com;developer
8837;Xylina;Lia;Xylina.Lia@gmail.com;police officer
8838;Amii;Cynar;Amii.Cynar@gmail.com;worker
8839;Maisey;Waite;Maisey.Waite@gmail.com;police officer
8840;Lenna;Winnick;Lenna.Winnick@gmail.com;developer
8841;Adore;Hutchison;Adore.Hutchison@gmail.com;worker
8842;Tabbatha;Berriman;Tabbatha.Berriman@gmail.com;firefighter
8843;Lanae;Isidore;Lanae.Isidore@gmail.com;worker
8844;Sue;Deny;Sue.Deny@gmail.com;developer
8845;Donetta;Hutchison;Donetta.Hutchison@gmail.com;police officer
8846;Almeta;Norrie;Almeta.Norrie@gmail.com;doctor
8847;Jacquetta;Thema;Jacquetta.Thema@gmail.com;worker
8848;Leia;Lindemann;Leia.Lindemann@gmail.com;police officer
8849;Helena;Shields;Helena.Shields@gmail.com;developer
8850;Jany;Sherrie;Jany.Sherrie@gmail.com;worker
8851;Dorothy;Helfand;Dorothy.Helfand@gmail.com;police officer
8852;Laurene;Ellord;Laurene.Ellord@gmail.com;worker
8853;Roslyn;Granoff;Roslyn.Granoff@gmail.com;developer
8854;Bernardine;Johanna;Bernardine.Johanna@gmail.com;firefighter
8855;Rayna;Rosalba;Rayna.Rosalba@gmail.com;developer
8856;Kaia;Concha;Kaia.Concha@gmail.com;firefighter
8857;Addia;Schwejda;Addia.Schwejda@gmail.com;developer
8858;Merle;Tufts;Merle.Tufts@gmail.com;worker
8859;Maridel;Hortensia;Maridel.Hortensia@gmail.com;developer
8860;Isa;Tannie;Isa.Tannie@gmail.com;developer
8861;Theodora;Ferrell;Theodora.Ferrell@gmail.com;developer
8862;Eadie;Kimmie;Eadie.Kimmie@gmail.com;developer
8863;Sissy;Vanni;Sissy.Vanni@gmail.com;police officer
8864;Charissa;Chapland;Charissa.Chapland@gmail.com;doctor
8865;Amara;Wilona;Amara.Wilona@gmail.com;police officer
8866;Abbie;Leffen;Abbie.Leffen@gmail.com;developer
8867;Candi;Tamsky;Candi.Tamsky@gmail.com;worker
8868;Raina;Giff;Raina.Giff@gmail.com;doctor
8869;Lucille;Mayeda;Lucille.Mayeda@gmail.com;firefighter
8870;Henriette;Pascia;Henriette.Pascia@gmail.com;doctor
8871;Fidelia;Nea;Fidelia.Nea@gmail.com;police officer
8872;Clary;Ashok;Clary.Ashok@gmail.com;police officer
8873;Maye;Nester;Maye.Nester@gmail.com;developer
8874;Millie;Adore;Millie.Adore@gmail.com;doctor
8875;Melisent;Longfellow;Melisent.Longfellow@gmail.com;worker
8876;Chandra;Mullane;Chandra.Mullane@gmail.com;police officer
8877;Aurelie;Amasa;Aurelie.Amasa@gmail.com;doctor
8878;Amara;Gino;Amara.Gino@gmail.com;police officer
8879;Valli;Uund;Valli.Uund@gmail.com;police officer
8880;Aimil;Pond;Aimil.Pond@gmail.com;doctor
8881;Georgetta;Dudley;Georgetta.Dudley@gmail.com;police officer
8882;Nickie;Markman;Nickie.Markman@gmail.com;police officer
8883;Gilligan;Nisbet;Gilligan.Nisbet@gmail.com;firefighter
8884;Claudina;Whiffen;Claudina.Whiffen@gmail.com;doctor
8885;Lacie;Hurley;Lacie.Hurley@gmail.com;doctor
8886;Stephanie;Gower;Stephanie.Gower@gmail.com;doctor
8887;Nelle;Ranjiv;Nelle.Ranjiv@gmail.com;doctor
8888;Mellicent;Sothena;Mellicent.Sothena@gmail.com;police officer
8889;Silvana;Louanna;Silvana.Louanna@gmail.com;developer
8890;Phylis;Junie;Phylis.Junie@gmail.com;doctor
8891;Felice;Shirberg;Felice.Shirberg@gmail.com;developer
8892;Jan;Taima;Jan.Taima@gmail.com;doctor
8893;Fawne;Cordi;Fawne.Cordi@gmail.com;firefighter
8894;Vita;Mendez;Vita.Mendez@gmail.com;doctor
8895;Kore;Waite;Kore.Waite@gmail.com;doctor
8896;Sashenka;Diann;Sashenka.Diann@gmail.com;doctor
8897;Anestassia;Grosz;Anestassia.Grosz@gmail.com;doctor
8898;Bill;Artie;Bill.Artie@gmail.com;developer
8899;Robbi;Vastah;Robbi.Vastah@gmail.com;developer
8900;Jany;Suzetta;Jany.Suzetta@gmail.com;worker
8901;Angela;Evvie;Angela.Evvie@gmail.com;worker
8902;Madeleine;Adalbert;Madeleine.Adalbert@gmail.com;police officer
8903;Florencia;Georgy;Florencia.Georgy@gmail.com;doctor
8904;Calla;Carlson;Calla.Carlson@gmail.com;firefighter
8905;Fanny;Diogenes;Fanny.Diogenes@gmail.com;worker
8906;Frances;Dielu;Frances.Dielu@gmail.com;developer
8907;Oona;Poppy;Oona.Poppy@gmail.com;police officer
8908;Chandra;Hillel;Chandra.Hillel@gmail.com;worker
8909;Mureil;Hoban;Mureil.Hoban@gmail.com;worker
8910;Danny;Bibi;Danny.Bibi@gmail.com;doctor
8911;Brietta;Cordi;Brietta.Cordi@gmail.com;firefighter
8912;Olwen;Kermit;Olwen.Kermit@gmail.com;firefighter
8913;Melisent;Mullane;Melisent.Mullane@gmail.com;worker
8914;Zia;Cadmar;Zia.Cadmar@gmail.com;police officer
8915;Dagmar;Daniele;Dagmar.Daniele@gmail.com;firefighter
8916;Jinny;Sawtelle;Jinny.Sawtelle@gmail.com;doctor
8917;Jordan;Munn;Jordan.Munn@gmail.com;firefighter
8918;Nikki;Kazimir;Nikki.Kazimir@gmail.com;developer
8919;Jsandye;Goth;Jsandye.Goth@gmail.com;developer
8920;Gerrie;Valerio;Gerrie.Valerio@gmail.com;worker
8921;Collen;Hull;Collen.Hull@gmail.com;doctor
8922;Margette;Primalia;Margette.Primalia@gmail.com;worker
8923;Dawn;Saree;Dawn.Saree@gmail.com;developer
8924;Chloris;Haerr;Chloris.Haerr@gmail.com;police officer
8925;Kial;Sacken;Kial.Sacken@gmail.com;worker
8926;Gusty;Wyn;Gusty.Wyn@gmail.com;firefighter
8927;Viki;Verger;Viki.Verger@gmail.com;firefighter
8928;Adore;Halla;Adore.Halla@gmail.com;doctor
8929;Beverley;McLaughlin;Beverley.McLaughlin@gmail.com;developer
8930;Susan;Dahlia;Susan.Dahlia@gmail.com;doctor
8931;Esmeralda;Joli;Esmeralda.Joli@gmail.com;firefighter
8932;Doralynne;Durware;Doralynne.Durware@gmail.com;developer
8933;Stephanie;Lucienne;Stephanie.Lucienne@gmail.com;police officer
8934;Lanae;Faso;Lanae.Faso@gmail.com;worker
8935;Brana;Colbert;Brana.Colbert@gmail.com;firefighter
8936;Nollie;Beniamino;Nollie.Beniamino@gmail.com;developer
8937;Lenna;Chandler;Lenna.Chandler@gmail.com;doctor
8938;Yolane;Chesna;Yolane.Chesna@gmail.com;worker
8939;Susette;Blake;Susette.Blake@gmail.com;firefighter
8940;Petronia;Lymann;Petronia.Lymann@gmail.com;police officer
8941;Elvira;Diann;Elvira.Diann@gmail.com;doctor
8942;Oralee;Euridice;Oralee.Euridice@gmail.com;firefighter
8943;Ermengarde;Eno;Ermengarde.Eno@gmail.com;worker
8944;Fredericka;Kellby;Fredericka.Kellby@gmail.com;police officer
8945;Jorry;Linskey;Jorry.Linskey@gmail.com;worker
8946;Benita;Diann;Benita.Diann@gmail.com;doctor
8947;Rayna;Wittie;Rayna.Wittie@gmail.com;police officer
8948;Harmonia;Tremayne;Harmonia.Tremayne@gmail.com;police officer
8949;Marika;Tufts;Marika.Tufts@gmail.com;doctor
8950;Sibella;Kesley;Sibella.Kesley@gmail.com;firefighter
8951;Drucie;Solitta;Drucie.Solitta@gmail.com;doctor
8952;Raina;Pierette;Raina.Pierette@gmail.com;worker
8953;Josephine;Dearborn;Josephine.Dearborn@gmail.com;developer
8954;Alexine;Bates;Alexine.Bates@gmail.com;developer
8955;Susan;Lissi;Susan.Lissi@gmail.com;doctor
8956;Lorne;Edvard;Lorne.Edvard@gmail.com;doctor
8957;Petronia;Harriman;Petronia.Harriman@gmail.com;firefighter
8958;Alameda;Lewes;Alameda.Lewes@gmail.com;developer
8959;Rosaline;Bryna;Rosaline.Bryna@gmail.com;firefighter
8960;Doro;Decato;Doro.Decato@gmail.com;police officer
8961;Rebeca;Sekofski;Rebeca.Sekofski@gmail.com;worker
8962;Lenna;Haldas;Lenna.Haldas@gmail.com;developer
8963;Vivia;Friede;Vivia.Friede@gmail.com;doctor
8964;Sharai;Philoo;Sharai.Philoo@gmail.com;police officer
8965;Morganica;Chandler;Morganica.Chandler@gmail.com;developer
8966;Brianna;Levey;Brianna.Levey@gmail.com;firefighter
8967;Chickie;Jary;Chickie.Jary@gmail.com;developer
8968;Elvira;Presber;Elvira.Presber@gmail.com;developer
8969;Charmaine;Regan;Charmaine.Regan@gmail.com;police officer
8970;Anestassia;Hazlett;Anestassia.Hazlett@gmail.com;police officer
8971;Lita;Dominy;Lita.Dominy@gmail.com;doctor
8972;Paule;Baptlsta;Paule.Baptlsta@gmail.com;firefighter
8973;Betta;Wattenberg;Betta.Wattenberg@gmail.com;police officer
8974;Dulcinea;Jillane;Dulcinea.Jillane@gmail.com;police officer
8975;Joelly;O'Neill;Joelly.O'Neill@gmail.com;doctor
8976;Alejandra;Jacinda;Alejandra.Jacinda@gmail.com;worker
8977;Binny;Han;Binny.Han@gmail.com;developer
8978;Margette;Schroth;Margette.Schroth@gmail.com;police officer
8979;Elena;Karna;Elena.Karna@gmail.com;developer
8980;Lindie;Adamsen;Lindie.Adamsen@gmail.com;doctor
8981;Ardenia;Cordi;Ardenia.Cordi@gmail.com;worker
8982;Tarra;Berne;Tarra.Berne@gmail.com;firefighter
8983;Mathilda;Bohlin;Mathilda.Bohlin@gmail.com;worker
8984;Dorthy;Sadowski;Dorthy.Sadowski@gmail.com;doctor
8985;Rhea;Madox;Rhea.Madox@gmail.com;worker
8986;Eadie;Allare;Eadie.Allare@gmail.com;police officer
8987;Kathy;Karna;Kathy.Karna@gmail.com;developer
8988;Consuela;Fabiola;Consuela.Fabiola@gmail.com;police officer
8989;Kirbee;Marisa;Kirbee.Marisa@gmail.com;developer
8990;Ezmeralda;Swanhildas;Ezmeralda.Swanhildas@gmail.com;police officer
8991;Winny;Ricarda;Winny.Ricarda@gmail.com;police officer
8992;Nonnah;Ferrell;Nonnah.Ferrell@gmail.com;doctor
8993;Ezmeralda;Greenwald;Ezmeralda.Greenwald@gmail.com;doctor
8994;Britni;Shirberg;Britni.Shirberg@gmail.com;police officer
8995;Doralynne;Bonucci;Doralynne.Bonucci@gmail.com;doctor
8996;Gaylene;Arquit;Gaylene.Arquit@gmail.com;doctor
8997;Caritta;Astra;Caritta.Astra@gmail.com;doctor
8998;Dode;Janene;Dode.Janene@gmail.com;doctor
8999;Gusty;Rese;Gusty.Rese@gmail.com;developer
9000;Stacey;Libna;Stacey.Libna@gmail.com;worker
9001;Ira;Noam;Ira.Noam@gmail.com;police officer
9002;Kirbee;Roxanna;Kirbee.Roxanna@gmail.com;police officer
9003;Dione;Merell;Dione.Merell@gmail.com;worker
9004;Netty;Fiann;Netty.Fiann@gmail.com;doctor
9005;Almeta;Alisia;Almeta.Alisia@gmail.com;police officer
9006;Rosabelle;Ralfston;Rosabelle.Ralfston@gmail.com;worker
9007;Dyann;Shaver;Dyann.Shaver@gmail.com;developer
9008;Teriann;Llovera;Teriann.Llovera@gmail.com;worker
9009;Mildrid;Diogenes;Mildrid.Diogenes@gmail.com;worker
9010;Liana;Flyn;Liana.Flyn@gmail.com;worker
9011;Goldie;Afton;Goldie.Afton@gmail.com;firefighter
9012;Winny;Killigrew;Winny.Killigrew@gmail.com;firefighter
9013;Karina;Fiann;Karina.Fiann@gmail.com;police officer
9014;Tracey;Phyllis;Tracey.Phyllis@gmail.com;worker
9015;Daphne;Giff;Daphne.Giff@gmail.com;firefighter
9016;Edee;Abernon;Edee.Abernon@gmail.com;doctor
9017;Darlleen;Bearnard;Darlleen.Bearnard@gmail.com;police officer
9018;Leontine;Alabaster;Leontine.Alabaster@gmail.com;developer
9019;Letizia;Carlson;Letizia.Carlson@gmail.com;firefighter
9020;Mara;Sprage;Mara.Sprage@gmail.com;firefighter
9021;Hope;Margret;Hope.Margret@gmail.com;firefighter
9022;Beatriz;Kevon;Beatriz.Kevon@gmail.com;developer
9023;Adriana;Nea;Adriana.Nea@gmail.com;worker
9024;Felice;Trinetta;Felice.Trinetta@gmail.com;doctor
9025;Winny;Hortensia;Winny.Hortensia@gmail.com;worker
9026;Laure;Lubin;Laure.Lubin@gmail.com;firefighter
9027;Elise;Mozelle;Elise.Mozelle@gmail.com;police officer
9028;Andeee;Beniamino;Andeee.Beniamino@gmail.com;worker
9029;Kaja;Grosz;Kaja.Grosz@gmail.com;police officer
9030;Winifred;Aaberg;Winifred.Aaberg@gmail.com;firefighter
9031;Gui;Ball;Gui.Ball@gmail.com;firefighter
9032;Aigneis;Koehler;Aigneis.Koehler@gmail.com;police officer
9033;Regina;Ambrosia;Regina.Ambrosia@gmail.com;firefighter
9034;Rhoda;Baptlsta;Rhoda.Baptlsta@gmail.com;developer
9035;Flo;Franza;Flo.Franza@gmail.com;developer
9036;Damaris;Christine;Damaris.Christine@gmail.com;worker
9037;Starla;Ilka;Starla.Ilka@gmail.com;developer
9038;Althea;Brittani;Althea.Brittani@gmail.com;doctor
9039;Gertrud;Cyrie;Gertrud.Cyrie@gmail.com;doctor
9040;Lolita;Macey;Lolita.Macey@gmail.com;doctor
9041;Aimil;Sidonius;Aimil.Sidonius@gmail.com;firefighter
9042;Nadine;Wilkinson;Nadine.Wilkinson@gmail.com;firefighter
9043;Joelly;Bertold;Joelly.Bertold@gmail.com;police officer
9044;Angelique;Kiyoshi;Angelique.Kiyoshi@gmail.com;doctor
9045;Goldie;Meli;Goldie.Meli@gmail.com;worker
9046;Susette;Bibi;Susette.Bibi@gmail.com;doctor
9047;Alyda;Tound;Alyda.Tound@gmail.com;firefighter
9048;Millie;Vastah;Millie.Vastah@gmail.com;firefighter
9049;Kalina;Corabella;Kalina.Corabella@gmail.com;worker
9050;Pollyanna;Cavan;Pollyanna.Cavan@gmail.com;firefighter
9051;Liana;Moina;Liana.Moina@gmail.com;doctor
9052;Dyann;Lattie;Dyann.Lattie@gmail.com;developer
9053;Mureil;Dosia;Mureil.Dosia@gmail.com;firefighter
9054;Elena;Oster;Elena.Oster@gmail.com;firefighter
9055;Lexine;Bashemeth;Lexine.Bashemeth@gmail.com;firefighter
9056;Jillayne;Lea;Jillayne.Lea@gmail.com;worker
9057;Caryl;Cullin;Caryl.Cullin@gmail.com;doctor
9058;Halette;Madox;Halette.Madox@gmail.com;doctor
9059;Celisse;Lilas;Celisse.Lilas@gmail.com;doctor
9060;Fayre;Seligman;Fayre.Seligman@gmail.com;worker
9061;Louella;Duwalt;Louella.Duwalt@gmail.com;worker
9062;Margalo;Gladstone;Margalo.Gladstone@gmail.com;worker
9063;Paule;Kenwood;Paule.Kenwood@gmail.com;police officer
9064;Dulce;Quinn;Dulce.Quinn@gmail.com;developer
9065;Linet;Camden;Linet.Camden@gmail.com;worker
9066;Charissa;Dudley;Charissa.Dudley@gmail.com;firefighter
9067;Shirlee;Hoban;Shirlee.Hoban@gmail.com;firefighter
9068;Clementine;Lorenz;Clementine.Lorenz@gmail.com;worker
9069;Adelle;Pulsifer;Adelle.Pulsifer@gmail.com;worker
9070;Mamie;Oriana;Mamie.Oriana@gmail.com;firefighter
9071;Candi;Amethist;Candi.Amethist@gmail.com;worker
9072;Jere;Malanie;Jere.Malanie@gmail.com;police officer
9073;Celisse;Lattie;Celisse.Lattie@gmail.com;developer
9074;Justinn;Soneson;Justinn.Soneson@gmail.com;doctor
9075;Gloria;Raama;Gloria.Raama@gmail.com;developer
9076;Daphne;Jotham;Daphne.Jotham@gmail.com;doctor
9077;Cecile;Keily;Cecile.Keily@gmail.com;police officer
9078;Hettie;Isidore;Hettie.Isidore@gmail.com;worker
9079;Karly;Noam;Karly.Noam@gmail.com;police officer
9080;Diena;Laverne;Diena.Laverne@gmail.com;developer
9081;Emmey;Haymes;Emmey.Haymes@gmail.com;police officer
9082;Claudina;Lareena;Claudina.Lareena@gmail.com;worker
9083;Sean;Brotherson;Sean.Brotherson@gmail.com;developer
9084;Berget;Melony;Berget.Melony@gmail.com;firefighter
9085;Alie;Latini;Alie.Latini@gmail.com;police officer
9086;Jerry;Maxi;Jerry.Maxi@gmail.com;doctor
9087;Gaylene;Claudine;Gaylene.Claudine@gmail.com;doctor
9088;Berta;Nunci;Berta.Nunci@gmail.com;police officer
9089;Nikki;Bettine;Nikki.Bettine@gmail.com;developer
9090;Bill;Baptlsta;Bill.Baptlsta@gmail.com;police officer
9091;Vita;Jarib;Vita.Jarib@gmail.com;police officer
9092;Hallie;Tarrant;Hallie.Tarrant@gmail.com;developer
9093;Thalia;Colyer;Thalia.Colyer@gmail.com;developer
9094;Britte;Stilwell;Britte.Stilwell@gmail.com;developer
9095;Sue;Toffic;Sue.Toffic@gmail.com;developer
9096;Belinda;Gamaliel;Belinda.Gamaliel@gmail.com;doctor
9097;Joane;Vittoria;Joane.Vittoria@gmail.com;doctor
9098;Wilma;Donoghue;Wilma.Donoghue@gmail.com;developer
9099;Micheline;Wesle;Micheline.Wesle@gmail.com;worker