id;firstname;lastname;email;profession
6100;Damaris;Michella;Damaris.Michella@gmail.com;police officer
6101;Chrystel;Sundin;Chrystel.Sundin@gmail.com;firefighter
6102;Nicoli;Anestassia;Nicoli.Anestassia@gmail.com;firefighter
6103;Binny;Raul;Binny.Raul@gmail.com;police officer
6104;Zia;Lowry;Zia.Lowry@gmail.com;doctor
6105;Adore;Sabella;Adore.Sabella@gmail.com;developer
6106;Jinny;Winthorpe;Jinny.Winthorpe@gmail.com;developer
6107;Nanete;Socha;Nanete.Socha@gmail.com;police officer
6108;Agathe;Swigart;Agathe.Swigart@gmail.com;worker
6109;Edee;Evvie;Edee.Evvie@gmail.com;developer
6110;Ottilie;Lail;Ottilie.Lail@gmail.com;developer
6111;Cherilyn;Libna;Cherilyn.Libna@gmail.com;worker
6112;Kenna;Serilda;Kenna.Serilda@gmail.com;developer
6113;Chandra;Guthrie;Chandra.Guthrie@gmail.com;developer
6114;Hope;Ciapas;Hope.Ciapas@gmail.com;doctor
6115;Vinita;Niccolo;Vinita.Niccolo@gmail.com;doctor
6116;Constance;Lumbard;Constance.Lumbard@gmail.com;police officer
6117;Brietta;Edee;Brietta.Edee@gmail.com;firefighter
6118;Modestia;Lorenz;Modestia.Lorenz@gmail.com;firefighter
6119;Libbie;Nicoline;Libbie.Nicoline@gmail.com;doctor
6120;Shauna;Thunell;Shauna.Thunell@gmail.com;developer
6121;Lulita;Fulmer;Lulita.Fulmer@gmail.com;developer
6122;Emmey;Cecile;Emmey.Cecile@gmail.com;police officer
6123;Sindee;Morrill;Sindee.Morrill@gmail.com;firefighter
6124;Anallese;Nelsen;Anallese.Nelsen@gmail.com;developer
6125;Gusella;Tillford;Gusella.Tillford@gmail.com;doctor
6126;Kaja;Joseph;Kaja.Joseph@gmail.com;doctor
6127;Ulrike;Honoria;Ulrike.Honoria@gmail.com;firefighter
6128;Frank;Jacinda;Frank.Jacinda@gmail.com;worker
6129;Allis;Arvo;Allis.Arvo@gmail.com;firefighter
6130;Stevana;Ilka;Stevana.Ilka@gmail.com;worker
6131;Silvana;Dermott;Silvana.Dermott@gmail.com;developer
6132;Gertrud;Loeb;Gertrud.Loeb@gmail.com;doctor
6133;Steffane;Carbo;Steffane.Carbo@gmail.com;worker
6134;Ingrid;Lowry;Ingrid.Lowry@gmail.com;worker
6135;Audrie;Doig;Audrie.Doig@gmail.com;worker
6136;Ronna;Terrence;Ronna.Terrence@gmail.com;developer
6137;Aurore;Beniamino;Aurore.Beniamino@gmail.com;firefighter
6138;Felice;Bonilla;Felice.Bonilla@gmail.com;developer
6139;Gertrud;Pacorro;Gertrud.Pacorro@gmail.com;developer
6140;Carol-Jean;Alabaster;Carol-Jean.Alabaster@gmail.com;firefighter
6141;Kathy;Callista;Kathy.Callista@gmail.com;firefighter
6142;Merci;Salvidor;Merci.Salvidor@gmail.com;firefighter
6143;Lucille;Marisa;Lucille.Marisa@gmail.com;worker
6144;Berta;Ries;Berta.Ries@gmail.com;firefighter
6145;Joy;Lamoree;Joy.Lamoree@gmail.com;doctor
6146;June;Tengdin;June.Tengdin@gmail.com;firefighter
6147;Doro;Weitman;Doro.Weitman@gmail.com;doctor
6148;Dolli;Tremayne;Dolli.Tremayne@gmail.com;doctor
6149;Starla;Ehrman;Starla.Ehrman@gmail.com;worker
6150;Imojean;Roscoe;Imojean.Roscoe@gmail.com;worker
6151;Clementine;Dex;Clementine.Dex@gmail.com;developer
6152;Paola;Raychel;Paola.Raychel@gmail.com;doctor
6153;Lorne;Ammann;Lorne.Ammann@gmail.com;developer
6154;Carree;Gualtiero;Carree.Gualtiero@gmail.com;worker
6155;Orsola;Brotherson;Orsola.Brotherson@gmail.com;doctor
6156;Jinny;Jillane;Jinny.Jillane@gmail.com;firefighter
6157;Trixi;Cavan;Trixi.Cavan@gmail.com;firefighter
6158;Trudie;Donell;Trudie.Donell@gmail.com;doctor
6159;Ofilia;Malanie;Ofilia.Malanie@gmail.com;worker
6160;Eugine;Ezar;Eugine.Ezar@gmail.com;firefighter
6161;Orsola;Faso;Orsola.Faso@gmail.com;worker
6162;Shannah;Rheingold;Shannah.Rheingold@gmail.com;worker
6163;Marnia;Cleo;Marnia.Cleo@gmail.com;police officer
6164;Jan;Goerke;Jan.Goerke@gmail.com;doctor
6165;Carol-Jean;Si;Carol-Jean.Si@gmail.com;doctor
6166;Melina;Stav;Melina.Stav@gmail.com;police officer
6167;Cecile;Tamar;Cecile.Tamar@gmail.com;developer
6168;Althea;Boycey;Althea.Boycey@gmail.com;firefighter
6169;Annora;Weitman;Annora.Weitman@gmail.com;doctor
6170;Lauryn;Engdahl;Lauryn.Engdahl@gmail.com;doctor
6171;Gaylene;Evvie;Gaylene.Evvie@gmail.com;firefighter
6172;Madeleine;Sabella;Madeleine.Sabella@gmail.com;firefighter
6173;Calla;Ball;Calla.Ball@gmail.com;firefighter
6174;Kial;Roumell;Kial.Roumell@gmail.com;firefighter
6175;Sandie;Blake;Sandie.Blake@gmail.com;firefighter
6176;Kimmy;Chick;Kimmy.Chick@gmail.com;doctor
6177;Jaclyn;Lewes;Jaclyn.Lewes@gmail.com;firefighter
6178;Theodora;Dielu;Theodora.Dielu@gmail.com;developer
6179;Doro;Weide;Doro.Weide@gmail.com;firefighter
6180;Ashlee;Flyn;Ashlee.Flyn@gmail.com;developer
6181;Moyna;Stuart;Moyna.Stuart@gmail.com;doctor
6182;Shaine;Lutero;Shaine.Lutero@gmail.com;developer
6183;Ardys;Abbot;Ardys.Abbot@gmail.com;doctor
6184;Farrah;Weaks;Farrah.Weaks@gmail.com;developer
6185;Sam;Tryck;Sam.Tryck@gmail.com;worker
6186;Chloris;Ricarda;Chloris.Ricarda@gmail.com;police officer
6187;Amara;Old;Amara.Old@gmail.com;developer
6188;Joceline;Woodberry;Joceline.Woodberry@gmail.com;doctor
6189;Trixi;Stanwood;Trixi.Stanwood@gmail.com;doctor
6190;Randa;Fry;Randa.Fry@gmail.com;worker
6191;Joceline;Raul;Joceline.Raul@gmail.com;police officer
6192;Lucy;Mich;Lucy.Mich@gmail.com;developer
6193;Kristan;Girardo;Kristan.Girardo@gmail.com;worker
6194;Lory;Redmond;Lory.Redmond@gmail.com;worker
6195;Sheelagh;Judye;Sheelagh.Judye@gmail.com;doctor
6196;Dione;Wenda;Dione.Wenda@gmail.com;police officer
6197;Brena;Ulphia;Brena.Ulphia@gmail.com;firefighter
6198;Lanae;Sundin;Lanae.Sundin@gmail.com;firefighter
6199;Stevana;Pulsifer;Stevana.Pulsifer@gmail.com;developer
6200;Lanna;Gunn;Lanna.Gunn@gmail.com;worker
6201;Chastity;Sothena;Chastity.Sothena@gmail.com;worker
6202;Abbie;Herrera;Abbie.Herrera@gmail.com;doctor
6203;Joeann;Merna;Joeann.Merna@gmail.com;developer
6204;Robbi;Gibbeon;Robbi.Gibbeon@gmail.com;developer
6205;Maye;Florina;Maye.Florina@gmail.com;firefighter
6206;Celisse;Monaco;Celisse.Monaco@gmail.com;police officer
6207;Janis;Remmer;Janis.Remmer@gmail.com;developer
6208;Cyndie;Catie;Cyndie.Catie@gmail.com;worker
6209;Wilma;Corabella;Wilma.Corabella@gmail.com;doctor
6210;Ashlee;Roscoe;Ashlee.Roscoe@gmail.com;developer
6211;Katuscha;Behre;Katuscha.Behre@gmail.com;police officer
6212;Charissa;Lubin;Charissa.Lubin@gmail.com;developer
6213;Aurelie;Virgin;Aurelie.Virgin@gmail.com;worker
6214;Devina;Ciro;Devina.Ciro@gmail.com;police officer
6215;Henriette;Gilbertson;Henriette.Gilbertson@gmail.com;police officer
6216;Berta;Alejoa;Berta.Alejoa@gmail.com;worker
6217;Sonni;Wooster;Sonni.Wooster@gmail.com;developer
6218;Sue;Atonsah;Sue.Atonsah@gmail.com;firefighter
6219;Juliane;Cavan;Juliane.Cavan@gmail.com;doctor
6220;Dolli;Jefferey;Dolli.Jefferey@gmail.com;firefighter
6221;Fernande;Lanita;Fernande.Lanita@gmail.com;developer
6222;Meriel;Othilia;Meriel.Othilia@gmail.com;firefighter
6223;Chere;Roscoe;Chere.Roscoe@gmail.com;doctor
6224;Gertrud;Margarete;Gertrud.Margarete@gmail.com;developer
6225;Jobi;Eugenia;Jobi.Eugenia@gmail.com;doctor
6226;Krystle;Vins;Krystle.Vins@gmail.com;developer
6227;Aurore;Chick;Aurore.Chick@gmail.com;worker
6228;Jere;Cavan;Jere.Cavan@gmail.com;firefighter
6229;Lexine;Bates;Lexine.Bates@gmail.com;doctor
6230;Tracey;Amasa;Tracey.Amasa@gmail.com;firefighter
6231;Blake;Mich;Blake.Mich@gmail.com;worker
6232;Maud;Merna;Maud.Merna@gmail.com;doctor
6233;Lily;Corilla;Lily.Corilla@gmail.com;developer
6234;Ezmeralda;Damarra;Ezmeralda.Damarra@gmail.com;police officer
6235;Maryellen;Carleen;Maryellen.Carleen@gmail.com;police officer
6236;Marjie;Ursulette;Marjie.Ursulette@gmail.com;firefighter
6237;Chandra;Fancie;Chandra.Fancie@gmail.com;firefighter
6238;Wilma;Stephie;Wilma.Stephie@gmail.com;firefighter
6239;Kirbee;Poppy;Kirbee.Poppy@gmail.com;worker
6240;Jillayne;Bonucci;Jillayne.Bonucci@gmail.com;doctor
6241;Jan;Old;Jan.Old@gmail.com;firefighter
6242;Claudina;Liebermann;Claudina.Liebermann@gmail.com;doctor
6243;Inga;Blake;Inga.Blake@gmail.com;developer
6244;Queenie;Emmaline;Queenie.Emmaline@gmail.com;worker
6245;Gusella;Sikorski;Gusella.Sikorski@gmail.com;firefighter
6246;Dotty;Flita;Dotty.Flita@gmail.com;developer
6247;Lusa;Pernick;Lusa.Pernick@gmail.com;worker
6248;Damaris;Sawtelle;Damaris.Sawtelle@gmail.com;police officer
6249;Lolita;Chauncey;Lolita.Chauncey@gmail.com;worker
6250;Lyssa;Suanne;Lyssa.Suanne@gmail.com;police officer
6251;Alameda;Stover;Alameda.Stover@gmail.com;police officer
6252;Belinda;Remmer;Belinda.Remmer@gmail.com;developer
6253;Britte;Linehan;Britte.Linehan@gmail.com;worker
6254;Elena;Tryck;Elena.Tryck@gmail.com;worker
6255;Shandie;Ade;Shandie.Ade@gmail.com;firefighter
6256;Myriam;Hertzfeld;Myriam.Hertzfeld@gmail.com;firefighter
6257;Ronna;Ackerley;Ronna.Ackerley@gmail.com;doctor
6258;Cissiee;Felizio;Cissiee.Felizio@gmail.com;doctor
6259;Frances;Yorick;Frances.Yorick@gmail.com;developer
6260;Lilith;Mullane;Lilith.Mullane@gmail.com;doctor
6261;Sherrie;Ricki;Sherrie.Ricki@gmail.com;developer
6262;Jobi;Angelis;Jobi.Angelis@gmail.com;developer
6263;Daphne;Edvard;Daphne.Edvard@gmail.com;worker
6264;Candi;Colp;Candi.Colp@gmail.com;police officer
6265;Roxane;Jaylene;Roxane.Jaylene@gmail.com;worker
6266;Fernande;Infield;Fernande.Infield@gmail.com;developer
6267;Berget;Anyah;Berget.Anyah@gmail.com;worker
6268;Jinny;Gwenore;Jinny.Gwenore@gmail.com;police officer
6269;Morganica;Hachmin;Morganica.Hachmin@gmail.com;doctor
6270;Claresta;Sophronia;Claresta.Sophronia@gmail.com;doctor
6271;Vita;Colleen;Vita.Colleen@gmail.com;doctor
6272;Jessy;Hachmin;Jessy.Hachmin@gmail.com;police officer
6273;Etta;Brodench;Etta.Brodench@gmail.com;developer
6274;Silvana;Allare;Silvana.Allare@gmail.com;developer
6275;Sissy;Wittie;Sissy.Wittie@gmail.com;police officer
6276;Cissiee;Cookie;Cissiee.Cookie@gmail.com;worker
6277;Elfreda;Irmine;Elfreda.Irmine@gmail.com;worker
6278;Hope;Curren;Hope.Curren@gmail.com;doctor
6279;Shannah;Fillbert;Shannah.Fillbert@gmail.com;doctor
6280;Millie;Fabiola;Millie.Fabiola@gmail.com;police officer
6281;Ashlee;Maribeth;Ashlee.Maribeth@gmail.com;developer
6282;Korrie;Sacken;Korrie.Sacken@gmail.com;doctor
6283;Nessie;Vins;Nessie.Vins@gmail.com;doctor
6284;Nickie;Natica;Nickie.Natica@gmail.com;firefighter
6285;Cissiee;Standing;Cissiee.Standing@gmail.com;police officer
6286;Delilah;Haymes;Delilah.Haymes@gmail.com;developer
6287;Karly;Ramona;Karly.Ramona@gmail.com;firefighter
6288;Marguerite;Buffum;Marguerite.Buffum@gmail.com;worker
6289;Dorene;Tremayne;Dorene.Tremayne@gmail.com;doctor
6290;Gale;Bennie;Gale.Bennie@gmail.com;worker
6291;Nita;Wesle;Nita.Wesle@gmail.com;police officer
6292;Deirdre;Tippets;Deirdre.Tippets@gmail.com;worker
6293;Gianina;Teryn;Gianina.Teryn@gmail.com;police officer
6294;Fayre;Muriel;Fayre.Muriel@gmail.com;developer
6295;Elvira;Krystle;Elvira.Krystle@gmail.com;police officer
6296;Carilyn;Marsden;Carilyn.Marsden@gmail.com;developer
6297;Kerrin;Iphlgenia;Kerrin.Iphlgenia@gmail.com;police officer
6298;Annice;Taam;Annice.Taam@gmail.com;doctor
6299;Valera;Deny;Valera.Deny@gmail.com;firefighter
6300;Frank;Read;Frank.Read@gmail.com;police officer
6301;Noelle;Barbey;Noelle.Barbey@gmail.com;firefighter
6302;Emmey;Land;Emmey.Land@gmail.com;police officer
6303;Hayley;Stephie;Hayley.Stephie@gmail.com;doctor
6304;Tarra;Baudin;Tarra.Baudin@gmail.com;developer
6305;Evita;Shelba;Evita.Shelba@gmail.com;firefighter
6306;Gratia;Nore;Gratia.Nore@gmail.com;developer
6307;Tabbatha;Paine;Tabbatha.Paine@gmail.com;police officer
6308;Ira;Raychel;Ira.Raychel@gmail.com;police officer
6309;Liana;Bergman;Liana.Bergman@gmail.com;worker
6310;Susan;Harned;Susan.Harned@gmail.com;doctor
6311;Carilyn;Madox;Carilyn.Madox@gmail.com;developer
6312;Chandra;Bari;Chandra.Bari@gmail.com;police officer
6313;Brandise;Shuler;Brandise.Shuler@gmail.com;firefighter
6314;Ulrike;Allys;Ulrike.Allys@gmail.com;doctor
6315;Di;Trinetta;Di.Trinetta@gmail.com;developer
6316;June;Boehike;June.Boehike@gmail.com;doctor
6317;Zondra;Pip;Zondra.Pip@gmail.com;police officer
6318;Gratia;Ramona;Gratia.Ramona@gmail.com;doctor
6319;Glynnis;Lymann;Glynnis.Lymann@gmail.com;police officer
6320;Rosene;Teryn;Rosene.Teryn@gmail.com;doctor
6321;Zaria;Curren;Zaria.Curren@gmail.com;developer
6322;Alyssa;Autrey;Alyssa.Autrey@gmail.com;worker
6323;Susette;Gemini;Susette.Gemini@gmail.com;doctor
6324;Paola;Artie;Paola.Artie@gmail.com;worker
6325;Paola;Santoro;Paola.Santoro@gmail.com;firefighter
6326;Brietta;Burkle;Brietta.Burkle@gmail.com;worker
6327;Alie;Shaver;Alie.Shaver@gmail.com;doctor
6328;Ardys;Briney;Ardys.Briney@gmail.com;developer
6329;Suzette;Barney;Suzette.Barney@gmail.com;developer
6330;Laure;Tryck;Laure.Tryck@gmail.com;firefighter
6331;Berget;Seagraves;Berget.Seagraves@gmail.com;developer
6332;Carol-Jean;Lumbard;Carol-Jean.Lumbard@gmail.com;worker
6333;Cassondra;Dyche;Cassondra.Dyche@gmail.com;police officer
6334;Ketti;Si;Ketti.Si@gmail.com;developer
6335;Kaja;Meli;Kaja.Meli@gmail.com;developer
6336;Kirstin;Lesley;Kirstin.Lesley@gmail.com;firefighter
6337;Gerrie;Hebner;Gerrie.Hebner@gmail.com;developer
6338;Sherrie;Lalitta;Sherrie.Lalitta@gmail.com;worker
6339;Bobbi;Kat;Bobbi.Kat@gmail.com;developer
6340;Corry;Byrne;Corry.Byrne@gmail.com;firefighter
6341;Edith;Brunell;Edith.Brunell@gmail.com;developer
6342;Anallese;Dannye;Anallese.Dannye@gmail.com;developer
6343;Fred;McCutcheon;Fred.McCutcheon@gmail.com;police officer
6344;Annecorinne;Soneson;Annecorinne.Soneson@gmail.com;worker
6345;Mady;Vittoria;Mady.Vittoria@gmail.com;police officer
6346;Gavrielle;Graig;Gavrielle.Graig@gmail.com;police officer
6347;Edyth;Raama;Edyth.Raama@gmail.com;firefighter
6348;Feliza;Sisile;Feliza.Sisile@gmail.com;firefighter
6349;Babita;Craggie;Babita.Craggie@gmail.com;developer
6350;Margarette;Lemuela;Margarette.Lemuela@gmail.com;developer
6351;Janeczka;Santoro;Janeczka.Santoro@gmail.com;worker
6352;Linet;McLaughlin;Linet.McLaughlin@gmail.com;police officer
6353;Heddie;Wu;Heddie.Wu@gmail.com;firefighter
6354;Adelle;Brady;Adelle.Brady@gmail.com;developer
6355;Myrtice;Gombach;Myrtice.Gombach@gmail.com;firefighter
6356;Clary;Luhe;Clary.Luhe@gmail.com;police officer
6357;Kayla;Taima;Kayla.Taima@gmail.com;police officer
6358;Suzette;Codding;Suzette.Codding@gmail.com;developer
6359;Rebeca;Peti;Rebeca.Peti@gmail.com;doctor
6360;Emilia;Abram;Emilia.Abram@gmail.com;worker
6361;Claudina;Arathorn;Claudina.Arathorn@gmail.com;firefighter
6362;Katuscha;Ezar;Katuscha.Ezar@gmail.com;police officer
6363;Catharine;Hilbert;Catharine.Hilbert@gmail.com;firefighter
6364;Tersina;Pascia;Tersina.Pascia@gmail.com;worker
6365;Flory;Audly;Flory.Audly@gmail.com;worker
6366;Dari;Hermes;Dari.Hermes@gmail.com;worker
6367;Fidelia;Vernier;Fidelia.Vernier@gmail.com;developer
6368;Maud;Raychel;Maud.Raychel@gmail.com;doctor
6369;Dyann;Stevy;Dyann.Stevy@gmail.com;doctor
6370;Ericka;Rosemary;Ericka.Rosemary@gmail.com;developer
6371;Cam;Rustice;Cam.Rustice@gmail.com;firefighter
6372;Hannis;Firmin;Hannis.Firmin@gmail.com;firefighter
6373;Maisey;Cleo;Maisey.Cleo@gmail.com;doctor
6374;Annaliese;Rogerio;Annaliese.Rogerio@gmail.com;worker
6375;Bernie;Linehan;Bernie.Linehan@gmail.com;firefighter
6376;Minda;Cassius;Minda.Cassius@gmail.com;worker
6377;Modestia;Thomasina;Modestia.Thomasina@gmail.com;firefighter
6378;Sashenka;Rudolph;Sashenka.Rudolph@gmail.com;police officer
6379;Lory;Lynn;Lory.Lynn@gmail.com;worker
6380;Giustina;Weinreb;Giustina.Weinreb@gmail.com;doctor
6381;Ericka;Liva;Ericka.Liva@gmail.com;developer
6382;Michaelina;Nunci;Michaelina.Nunci@gmail.com;worker
6383;Lenna;Muriel;Lenna.Muriel@gmail.com;developer
6384;Kayla;Rozanna;Kayla.Rozanna@gmail.com;developer
6385;Shell;Verger;Shell.Verger@gmail.com;worker
6386;Ellette;Faro;Ellette.Faro@gmail.com;firefighter
6387;Tamqrah;Kosey;Tamqrah.Kosey@gmail.com;doctor
6388;Ira;Screens;Ira.Screens@gmail.com;worker
6389;Lucille;Bertold;Lucille.Bertold@gmail.com;developer
6390;Debee;Wittie;Debee.Wittie@gmail.com;developer
6391;Shell;Haerr;Shell.Haerr@gmail.com;developer
6392;Lynea;Brenn;Lynea.Brenn@gmail.com;developer
6393;Linzy;Karl;Linzy.Karl@gmail.com;doctor
6394;Farrah;Saree;Farrah.Saree@gmail.com;worker
6395;Florie;Stav;Florie.Stav@gmail.com;firefighter
6396;Lizzie;Gert;Lizzie.Gert@gmail.com;police officer
6397;Mallory;Stephie;Mallory.Stephie@gmail.com;firefighter
6398;Vonny;McNully;Vonny.McNully@gmail.com;worker
6399;Grier;Stoller;Grier.Stoller@gmail.com;doctor
6400;Morganica;Doig;Morganica.Doig@gmail.com;police officer
6401;Robinia;Hutchison;Robinia.Hutchison@gmail.com;police officer
6402;Chrystel;Muriel;Chrystel.Muriel@gmail.com;firefighter
6403;Liana;Longfellow;Liana.Longfellow@gmail.com;doctor
6404;Norine;Valerio;Norine.Valerio@gmail.com;firefighter
6405;Suzette;Tybald;Suzette.Tybald@gmail.com;developer
6406;Nataline;Kevon;Nataline.Kevon@gmail.com;doctor
6407;Allyce;Karylin;Allyce.Karylin@gmail.com;doctor
6408;Cordi;Corilla;Cordi.Corilla@gmail.com;firefighter
6409;Maye;Zola;Maye.Zola@gmail.com;police officer
6410;Sean;Cloris;Sean.Cloris@gmail.com;firefighter
6411;Lanae;Muriel;Lanae.Muriel@gmail.com;developer
6412;Jeanna;Vale;Jeanna.Vale@gmail.com;police officer
6413;Lila;Carlson;Lila.Carlson@gmail.com;police officer
6414;Ebonee;Jacinda;Ebonee.Jacinda@gmail.com;police officer
6415;Violet;Hirsch;Violet.Hirsch@gmail.com;doctor
6416;Averyl;Beniamino;Averyl.Beniamino@gmail.com;police officer
6417;Cathyleen;Gamaliel;Cathyleen.Gamaliel@gmail.com;police officer
6418;Wileen;Cecile;Wileen.Cecile@gmail.com;worker
6419;Atlanta;Wallis;Atlanta.Wallis@gmail.com;worker
6420;Florie;Mintz;Florie.Mintz@gmail.com;doctor
6421;Addia;Cutlerr;Addia.Cutlerr@gmail.com;doctor
6422;Merle;Karylin;Merle.Karylin@gmail.com;doctor
6423;Orelia;Reidar;Orelia.Reidar@gmail.com;police officer
6424;Morganica;Wilona;Morganica.Wilona@gmail.com;firefighter
6425;Donetta;Corabella;Donetta.Corabella@gmail.com;doctor
6426;Maryellen;Ries;Maryellen.Ries@gmail.com;doctor
6427;Feliza;Urias;Feliza.Urias@gmail.com;developer
6428;Adore;Joachim;Adore.Joachim@gmail.com;firefighter
6429;Codie;Wallis;Codie.Wallis@gmail.com;doctor
6430;Marnia;Clara;Marnia.Clara@gmail.com;firefighter
6431;Gui;Bultman;Gui.Bultman@gmail.com;doctor
6432;Ira;Hepsibah;Ira.Hepsibah@gmail.com;worker
6433;Clo;Ackerley;Clo.Ackerley@gmail.com;worker
6434;Pamella;Schenck;Pamella.Schenck@gmail.com;police officer
6435;Gwenneth;Judye;Gwenneth.Judye@gmail.com;firefighter
6436;Kimberley;Afton;Kimberley.Afton@gmail.com;worker
6437;Tori;Erskine;Tori.Erskine@gmail.com;doctor
6438;Kelly;Ulphia;Kelly.Ulphia@gmail.com;developer
6439;Hettie;Klemperer;Hettie.Klemperer@gmail.com;developer
6440;Esmeralda;Ardeha;Esmeralda.Ardeha@gmail.com;developer
6441;Suzette;Glenden;Suzette.Glenden@gmail.com;firefighter
6442;Sue;Pillsbury;Sue.Pillsbury@gmail.com;firefighter
6443;Laurene;An;Laurene.An@gmail.com;doctor
6444;Ardys;Alrich;Ardys.Alrich@gmail.com;developer
6445;Selma;Land;Selma.Land@gmail.com;developer
6446;Ashlee;Fontana;Ashlee.Fontana@gmail.com;police officer
6447;Clo;Saint;Clo.Saint@gmail.com;developer
6448;Myriam;Grayce;Myriam.Grayce@gmail.com;developer
6449;Anallese;Agle;Anallese.Agle@gmail.com;firefighter
6450;Joeann;Schlosser;Joeann.Schlosser@gmail.com;police officer
6451;Hollie;Hilbert;Hollie.Hilbert@gmail.com;police officer
6452;Natka;Ammann;Natka.Ammann@gmail.com;developer
6453;Tobe;Georas;Tobe.Georas@gmail.com;developer
6454;Fanchon;Terrence;Fanchon.Terrence@gmail.com;worker
6455;Aili;Sekofski;Aili.Sekofski@gmail.com;worker
6456;Emelina;Louanna;Emelina.Louanna@gmail.com;firefighter
6457;Hermione;Barney;Hermione.Barney@gmail.com;police officer
6458;Ebonee;Monk;Ebonee.Monk@gmail.com;developer
6459;Kaia;Weaks;Kaia.Weaks@gmail.com;developer
6460;Grier;Halsey;Grier.Halsey@gmail.com;worker
6461;Gilda;Bivins;Gilda.Bivins@gmail.com;developer
6462;Marjie;Darian;Marjie.Darian@gmail.com;developer
6463;Carol-Jean;O'Carroll;Carol-Jean.O'Carroll@gmail.com;firefighter
6464;Jany;Dorine;Jany.Dorine@gmail.com;firefighter
6465;Cacilie;Lubin;Cacilie.Lubin@gmail.com;police officer
6466;Ida;Eno;Ida.Eno@gmail.com;worker
6467;Lexine;Reidar;Lexine.Reidar@gmail.com;worker
6468;Barbara;Ietta;Barbara.Ietta@gmail.com;worker
6469;Elbertina;Chandler;Elbertina.Chandler@gmail.com;worker
6470;Leona;Yerkovich;Leona.Yerkovich@gmail.com;worker
6471;Ira;Ader;Ira.Ader@gmail.com;police officer
6472;Mamie;Cornelia;Mamie.Cornelia@gmail.com;police officer
6473;Berta;Faro;Berta.Faro@gmail.com;developer
6474;Kirbee;Tound;Kirbee.Tound@gmail.com;police officer
6475;Nanete;Alarise;Nanete.Alarise@gmail.com;firefighter
6476;Deloria;Clie;Deloria.Clie@gmail.com;firefighter
6477;Cristabel;Mallon;Cristabel.Mallon@gmail.com;police officer
6478;Claudina;Read;Claudina.Read@gmail.com;doctor
6479;Roz;Erich;Roz.Erich@gmail.com;worker
6480;Peri;Sophronia;Peri.Sophronia@gmail.com;firefighter
6481;Fernande;Garbe;Fernande.Garbe@gmail.com;police officer
6482;Fanchon;Tound;Fanchon.Tound@gmail.com;doctor
6483;Ruthe;Olin;Ruthe.Olin@gmail.com;worker
6484;Margette;Garlinda;Margette.Garlinda@gmail.com;worker
6485;Ethel;Cullin;Ethel.Cullin@gmail.com;police officer
6486;Valeda;Palocz;Valeda.Palocz@gmail.com;worker
6487;Kerrin;Alarise;Kerrin.Alarise@gmail.com;worker
6488;Glenda;Pelagias;Glenda.Pelagias@gmail.com;police officer
6489;Demetris;Melan;Demetris.Melan@gmail.com;police officer
6490;Mellicent;Hoenack;Mellicent.Hoenack@gmail.com;police officer
6491;Brena;Dreda;Brena.Dreda@gmail.com;firefighter
6492;Loree;Beebe;Loree.Beebe@gmail.com;police officer
6493;Cristine;Rad;Cristine.Rad@gmail.com;developer
6494;Norine;Solitta;Norine.Solitta@gmail.com;developer
6495;Marnia;Ehrman;Marnia.Ehrman@gmail.com;firefighter
6496;Ivett;Wu;Ivett.Wu@gmail.com;police officer
6497;Kathi;Bakerman;Kathi.Bakerman@gmail.com;firefighter
6498;Marguerite;Konyn;Marguerite.Konyn@gmail.com;firefighter
6499;Lenna;Cherianne;Lenna.Cherianne@gmail.com;police officer
6500;Madalyn;Bonilla;Madalyn.Bonilla@gmail.com;doctor
6501;Barbi;Syd;Barbi.Syd@gmail.com;firefighter
6502;Vinita;Reidar;Vinita.Reidar@gmail.com;police officer
6503;Carol-Jean;Eachern;Carol-Jean.Eachern@gmail.com;doctor
6504;Mariann;Ardeha;Mariann.Ardeha@gmail.com;doctor
6505;Aigneis;Moseley;Aigneis.Moseley@gmail.com;firefighter
6506;Rochette;Kendrick;Rochette.Kendrick@gmail.com;doctor
6507;Nita;Hamil;Nita.Hamil@gmail.com;firefighter
6508;Cherrita;Brian;Cherrita.Brian@gmail.com;worker
6509;Felice;Annabella;Felice.Annabella@gmail.com;firefighter
6510;Konstance;Septima;Konstance.Septima@gmail.com;developer
6511;Hyacinthe;Marlie;Hyacinthe.Marlie@gmail.com;developer
6512;Brietta;Richers;Brietta.Richers@gmail.com;developer
6513;Alisha;Standing;Alisha.Standing@gmail.com;police officer
6514;Brynna;Ciapas;Brynna.Ciapas@gmail.com;developer
6515;Lory;Billye;Lory.Billye@gmail.com;doctor
6516;Aurelie;Francene;Aurelie.Francene@gmail.com;firefighter
6517;Sibella;Bendick;Sibella.Bendick@gmail.com;firefighter
6518;Briney;Ortrude;Briney.Ortrude@gmail.com;doctor
6519;Ashlee;Kress;Ashlee.Kress@gmail.com;worker
6520;Joelly;Marijo;Joelly.Marijo@gmail.com;worker
6521;Marsiella;Pulsifer;Marsiella.Pulsifer@gmail.com;doctor
6522;Deedee;Brodench;Deedee.Brodench@gmail.com;firefighter
6523;Gale;Marden;Gale.Marden@gmail.com;firefighter
6524;Tatiania;Baylor;Tatiania.Baylor@gmail.com;firefighter
6525;Caressa;Ralfston;Caressa.Ralfston@gmail.com;firefighter
6526;Myriam;Teddman;Myriam.Teddman@gmail.com;developer
6527;Nanete;Stelle;Nanete.Stelle@gmail.com;police officer
6528;Henriette;Kamaria;Henriette.Kamaria@gmail.com;developer
6529;Roz;Maxi;Roz.Maxi@gmail.com;developer
6530;Florencia;Stephie;Florencia.Stephie@gmail.com;doctor
6531;Fina;Nelsen;Fina.Nelsen@gmail.com;police officer
6532;Priscilla;Deny;Priscilla.Deny@gmail.com;developer
6533;Dawn;Lattie;Dawn.Lattie@gmail.com;doctor
6534;Robinia;Kravits;Robinia.Kravits@gmail.com;firefighter
6535;Jobi;Goode;Jobi.Goode@gmail.com;worker
6536;Alleen;Lemuela;Alleen.Lemuela@gmail.com;police officer
6537;Amelia;Izaak;Amelia.Izaak@gmail.com;firefighter
6538;Berget;Wildermuth;Berget.Wildermuth@gmail.com;firefighter
6539;Alisha;Destinee;Alisha.Destinee@gmail.com;worker
6540;Jasmina;Forrer;Jasmina.Forrer@gmail.com;doctor
6541;Cindelyn;MacIntosh;Cindelyn.MacIntosh@gmail.com;doctor
6542;Hallie;Wallis;Hallie.Wallis@gmail.com;police officer
6543;Concettina;Parette;Concettina.Parette@gmail.com;firefighter
6544;Amara;Cecile;Amara.Cecile@gmail.com;police officer
6545;Ayn;Kunin;Ayn.Kunin@gmail.com;worker
6546;Elbertina;Pandolfi;Elbertina.Pandolfi@gmail.com;worker
6547;Concettina;Barney;Concettina.Barney@gmail.com;doctor
6548;Harrietta;Elvyn;Harrietta.Elvyn@gmail.com;firefighter
6549;Alisha;Chobot;Alisha.Chobot@gmail.com;firefighter
6550;Ardys;Shaver;Ardys.Shaver@gmail.com;doctor
6551;Marguerite;Viddah;Marguerite.Viddah@gmail.com;police officer
6552;Jenilee;Sekofski;Jenilee.Sekofski@gmail.com;police officer
6553;Danika;Corrine;Danika.Corrine@gmail.com;worker
6554;Jasmina;Pip;Jasmina.Pip@gmail.com;doctor
6555;Ruthe;Melleta;Ruthe.Melleta@gmail.com;doctor
6556;Lynea;Hilbert;Lynea.Hilbert@gmail.com;worker
6557;Nariko;Stover;Nariko.Stover@gmail.com;developer
6558;Marjie;Lubin;Marjie.Lubin@gmail.com;doctor
6559;Binny;Gaynor;Binny.Gaynor@gmail.com;firefighter
6560;Ruthe;Monaco;Ruthe.Monaco@gmail.com;police officer
6561;Laurene;Buttaro;Laurene.Buttaro@gmail.com;worker
6562;Karolina;Sparhawk;Karolina.Sparhawk@gmail.com;doctor
6563;Aaren;Kenney;Aaren.Kenney@gmail.com;firefighter
6564;Jenda;Peg;Jenda.Peg@gmail.com;doctor
6565;Noelle;Soneson;Noelle.Soneson@gmail.com;firefighter
6566;Cassondra;Japeth;Cassondra.Japeth@gmail.com;developer
6567;Dagmar;Skell;Dagmar.Skell@gmail.com;police officer
6568;Janis;Saint;Janis.Saint@gmail.com;worker
6569;Jenda;Milde;Jenda.Milde@gmail.com;developer
6570;Atlanta;Brandice;Atlanta.Brandice@gmail.com;developer
6571;Adriana;Aldric;Adriana.Aldric@gmail.com;developer
6572;Hettie;Deegan;Hettie.Deegan@gmail.com;doctor
6573;Joelly;Bari;Joelly.Bari@gmail.com;developer
6574;Caryl;Hortensia;Caryl.Hortensia@gmail.com;developer
6575;Emelina;Zachary;Emelina.Zachary@gmail.com;police officer
6576;Jacquetta;Podvin;Jacquetta.Podvin@gmail.com;firefighter
6577;Ronna;Garlinda;Ronna.Garlinda@gmail.com;firefighter
6578;Corry;Winnick;Corry.Winnick@gmail.com;firefighter
6579;Cam;Meter;Cam.Meter@gmail.com;firefighter
6580;Maisey;Edee;Maisey.Edee@gmail.com;firefighter
6581;Correy;Wind;Correy.Wind@gmail.com;worker
6582;Tarra;Mendez;Tarra.Mendez@gmail.com;police officer
6583;Pollyanna;Cutlerr;Pollyanna.Cutlerr@gmail.com;police officer
6584;Winny;Zaslow;Winny.Zaslow@gmail.com;doctor
6585;Nataline;Fabiola;Nataline.Fabiola@gmail.com;doctor
6586;Fina;Gherardo;Fina.Gherardo@gmail.com;doctor
6587;Layla;Nunci;Layla.Nunci@gmail.com;doctor
6588;Zaria;Center;Zaria.Center@gmail.com;firefighter
6589;Babita;Francyne;Babita.Francyne@gmail.com;police officer
6590;Stephanie;Bates;Stephanie.Bates@gmail.com;police officer
6591;Marinna;Elisha;Marinna.Elisha@gmail.com;doctor
6592;Frances;Stoller;Frances.Stoller@gmail.com;doctor
6593;Hildegaard;Kinnard;Hildegaard.Kinnard@gmail.com;worker
6594;Maud;Blake;Maud.Blake@gmail.com;worker
6595;Nanete;Radu;Nanete.Radu@gmail.com;doctor
6596;Malina;Sprage;Malina.Sprage@gmail.com;worker
6597;Althea;Berne;Althea.Berne@gmail.com;worker
6598;Nelle;Noelyn;Nelle.Noelyn@gmail.com;worker
6599;Teddie;Toor;Teddie.Toor@gmail.com;police officer
6600;Elora;Glenden;Elora.Glenden@gmail.com;worker
6601;Joane;Winnick;Joane.Winnick@gmail.com;police officer
6602;Clo;Vernier;Clo.Vernier@gmail.com;worker
6603;Antonietta;Rad;Antonietta.Rad@gmail.com;worker
6604;Wendi;Elsinore;Wendi.Elsinore@gmail.com;firefighter
6605;Sean;Tillford;Sean.Tillford@gmail.com;police officer
6606;Kial;Rudolph;Kial.Rudolph@gmail.com;police officer
6607;Laure;Liva;Laure.Liva@gmail.com;firefighter
6608;Babita;Daniele;Babita.Daniele@gmail.com;worker
6609;Wileen;Leary;Wileen.Leary@gmail.com;worker
6610;Ethel;Garek;Ethel.Garek@gmail.com;firefighter
6611;Kirbee;Auberbach;Kirbee.Auberbach@gmail.com;developer
6612;Diena;Medrek;Diena.Medrek@gmail.com;developer
6613;Gabi;Cavan;Gabi.Cavan@gmail.com;doctor
6614;Arabel;Wittie;Arabel.Wittie@gmail.com;developer
6615;Sue;Atcliffe;Sue.Atcliffe@gmail.com;worker
6616;Ginnie;Sibyls;Ginnie.Sibyls@gmail.com;police officer
6617;Emylee;Earlie;Emylee.Earlie@gmail.com;firefighter
6618;Rhoda;Nerita;Rhoda.Nerita@gmail.com;firefighter
6619;Alia;Oneida;Alia.Oneida@gmail.com;developer
6620;Shirlee;Middleton;Shirlee.Middleton@gmail.com;developer
6621;Jolyn;Bord;Jolyn.Bord@gmail.com;firefighter
6622;Jacenta;Corilla;Jacenta.Corilla@gmail.com;firefighter
6623;Adriana;Thunell;Adriana.Thunell@gmail.com;developer
6624;Lizzie;Adalbert;Lizzie.Adalbert@gmail.com;developer
6625;Allis;Land;Allis.Land@gmail.com;police officer
6626;Thalia;Zina;Thalia.Zina@gmail.com;worker
6627;Vanessa;McNully;Vanessa.McNully@gmail.com;developer
6628;Lacie;Marlie;Lacie.Marlie@gmail.com;police officer
6629;Tracey;Lucienne;Tracey.Lucienne@gmail.com;worker
6630;Rhea;Johanna;Rhea.Johanna@gmail.com;police officer
6631;Ernesta;Breed;Ernesta.Breed@gmail.com;doctor
6632;Stacey;Cleo;Stacey.Cleo@gmail.com;police officer
6633;Dania;Delp;Dania.Delp@gmail.com;worker
6634;Kassey;Erb;Kassey.Erb@gmail.com;developer
6635;Meriel;Olnee;Meriel.Olnee@gmail.com;firefighter
6636;Jerry;Orpah;Jerry.Orpah@gmail.com;worker
6637;Angela;Drisko;Angela.Drisko@gmail.com;worker
6638;Christal;Aloise;Christal.Aloise@gmail.com;worker
6639;Donnie;Selway;Donnie.Selway@gmail.com;developer
6640;Sabina;Whittaker;Sabina.Whittaker@gmail.com;doctor
6641;Alex;Liebermann;Alex.Liebermann@gmail.com;worker
6642;Goldie;Pettiford;Goldie.Pettiford@gmail.com;doctor
6643;Berta;Ferino;Berta.Ferino@gmail.com;worker
6644;Christy;Skell;Christy.Skell@gmail.com;police officer
6645;Raquela;Turne;Raquela.Turne@gmail.com;doctor
6646;Wynne;Kimmie;Wynne.Kimmie@gmail.com;developer
6647;Ada;Fry;Ada.Fry@gmail.com;doctor
6648;Carree;Narton;Carree.Narton@gmail.com;doctor
6649;Marinna;Nadia;Marinna.Nadia@gmail.com;worker
6650;Lauryn;Rosette;Lauryn.Rosette@gmail.com;police officer
6651;Jinny;Deegan;Jinny.Deegan@gmail.com;doctor
6652;Molli;Japeth;Molli.Japeth@gmail.com;police officer
6653;Collen;Harday;Collen.Harday@gmail.com;doctor
6654;Marleah;Roche;Marleah.Roche@gmail.com;firefighter
6655;Gerrie;Auberbach;Gerrie.Auberbach@gmail.com;firefighter
6656;Riannon;Cornelia;Riannon.Cornelia@gmail.com;firefighter
6657;Dorothy;Bethany;Dorothy.Bethany@gmail.com;firefighter
6658;Rani;Claudine;Rani.Claudine@gmail.com;firefighter
6659;Cassondra;Kimmie;Cassondra.Kimmie@gmail.com;police officer
6660;Susette;Dorine;Susette.Dorine@gmail.com;police officer
6661;Lelah;Papageno;Lelah.Papageno@gmail.com;police officer
6662;Olwen;Kalinda;Olwen.Kalinda@gmail.com;police officer
6663;Helena;Cloris;Helena.Cloris@gmail.com;firefighter
6664;Stevana;Dunkin;Stevana.Dunkin@gmail.com;developer
6665;Estell;Liva;Estell.Liva@gmail.com;firefighter
6666;Tiffie;Thornburg;Tiffie.Thornburg@gmail.com;doctor
6667;Inga;Dudley;Inga.Dudley@gmail.com;firefighter
6668;Teriann;Monaco;Teriann.Monaco@gmail.com;firefighter
6669;Maridel;Faust;Maridel.Faust@gmail.com;firefighter
6670;Sashenka;Sadowski;Sashenka.Sadowski@gmail.com;firefighter
6671;Clary;Hylan;Clary.Hylan@gmail.com;firefighter
6672;Kristina;Colleen;Kristina.Colleen@gmail.com;developer
6673;Merle;Maiah;Merle.Maiah@gmail.com;firefighter
6674;Karly;Tryck;Karly.Tryck@gmail.com;worker
6675;Ardeen;Carbo;Ardeen.Carbo@gmail.com;developer
6676;Hollie;Bergman;Hollie.Bergman@gmail.com;developer
6677;Arabel;Bendick;Arabel.Bendick@gmail.com;police officer
6678;Abbie;Greenwald;Abbie.Greenwald@gmail.com;doctor
6679;Winifred;Korey;Winifred.Korey@gmail.com;police officer
6680;Tera;Suanne;Tera.Suanne@gmail.com;developer
6681;Philis;Constancy;Philis.Constancy@gmail.com;worker
6682;Tierney;Ortrude;Tierney.Ortrude@gmail.com;worker
6683;Ida;Firmin;Ida.Firmin@gmail.com;developer
6684;Nannie;Bahr;Nannie.Bahr@gmail.com;firefighter
6685;Christy;Kevon;Christy.Kevon@gmail.com;firefighter
6686;Tina;Bonilla;Tina.Bonilla@gmail.com;police officer
6687;Allyce;Dalli;Allyce.Dalli@gmail.com;developer
6688;Shel;Yorick;Shel.Yorick@gmail.com;firefighter
6689;Deane;Dosia;Deane.Dosia@gmail.com;firefighter
6690;Netty;Larochelle;Netty.Larochelle@gmail.com;worker
6691;Cordi;Kress;Cordi.Kress@gmail.com;firefighter
6692;Silvana;Avi;Silvana.Avi@gmail.com;doctor
6693;Annora;Turne;Annora.Turne@gmail.com;doctor
6694;Silvana;Ulphia;Silvana.Ulphia@gmail.com;police officer
6695;Robinia;Chrystel;Robinia.Chrystel@gmail.com;worker
6696;Maryellen;Nunci;Maryellen.Nunci@gmail.com;doctor
6697;Chloris;Crudden;Chloris.Crudden@gmail.com;developer
6698;Dorothy;Nedrud;Dorothy.Nedrud@gmail.com;doctor
6699;Trixi;Christine;Trixi.Christine@gmail.com;police officer
6700;Amelia;Yerkovich;Amelia.Yerkovich@gmail.com;police officer
6701;Adele;Sherrie;Adele.Sherrie@gmail.com;police officer
6702;Kamilah;Syd;Kamilah.Syd@gmail.com;police officer
6703;Debee;Parette;Debee.Parette@gmail.com;firefighter
6704;Shannah;Helve;Shannah.Helve@gmail.com;police officer
6705;Albertina;Lattie;Albertina.Lattie@gmail.com;police officer
6706;Carol-Jean;Cassius;Carol-Jean.Cassius@gmail.com;police officer
6707;Mariann;Faro;Mariann.Faro@gmail.com;police officer
6708;Angelique;Socha;Angelique.Socha@gmail.com;doctor
6709;Blinni;Raul;Blinni.Raul@gmail.com;developer
6710;Starla;Seumas;Starla.Seumas@gmail.com;police officer
6711;Delilah;Alcott;Delilah.Alcott@gmail.com;firefighter
6712;Kore;Reidar;Kore.Reidar@gmail.com;developer
6713;Shirlee;Cloris;Shirlee.Cloris@gmail.com;police officer
6714;Harrietta;Jefferey;Harrietta.Jefferey@gmail.com;doctor
6715;Claresta;Ardeha;Claresta.Ardeha@gmail.com;worker
6716;Zia;Knowling;Zia.Knowling@gmail.com;police officer
6717;Mildrid;Viddah;Mildrid.Viddah@gmail.com;police officer
6718;Elyssa;Raimondo;Elyssa.Raimondo@gmail.com;worker
6719;Lily;Alrich;Lily.Alrich@gmail.com;police officer
6720;Randa;Cristi;Randa.Cristi@gmail.com;doctor
6721;Tybie;Artie;Tybie.Artie@gmail.com;developer
6722;Janenna;Brady;Janenna.Brady@gmail.com;developer
6723;Noelle;Ax;Noelle.Ax@gmail.com;developer
6724;Felice;Seligman;Felice.Seligman@gmail.com;worker
6725;Orsola;Chem;Orsola.Chem@gmail.com;firefighter
6726;Yolane;Bertold;Yolane.Bertold@gmail.com;doctor
6727;Kylynn;Dash;Kylynn.Dash@gmail.com;developer
6728;Blinni;Cottle;Blinni.Cottle@gmail.com;firefighter
6729;Lanna;Gaal;Lanna.Gaal@gmail.com;developer
6730;Clarice;Natalia;Clarice.Natalia@gmail.com;developer
6731;Edith;Cressida;Edith.Cressida@gmail.com;developer
6732;Alie;McAdams;Alie.McAdams@gmail.com;doctor
6733;Shel;Israeli;Shel.Israeli@gmail.com;police officer
6734;Roseline;Hartnett;Roseline.Hartnett@gmail.com;worker
6735;Maye;Nedrud;Maye.Nedrud@gmail.com;firefighter
6736;Viki;Hirsch;Viki.Hirsch@gmail.com;police officer
6737;Nadine;Dorothy;Nadine.Dorothy@gmail.com;firefighter
6738;Fanny;Isidore;Fanny.Isidore@gmail.com;worker
6739;Demetris;Emanuel;Demetris.Emanuel@gmail.com;doctor
6740;Dagmar;Dom;Dagmar.Dom@gmail.com;developer
6741;Demetris;Blisse;Demetris.Blisse@gmail.com;worker
6742;Maurene;Philipp;Maurene.Philipp@gmail.com;police officer
6743;Elie;Ellerey;Elie.Ellerey@gmail.com;worker
6744;Nikki;Whiffen;Nikki.Whiffen@gmail.com;developer
6745;Cherrita;Adlare;Cherrita.Adlare@gmail.com;doctor
6746;Maud;Freddi;Maud.Freddi@gmail.com;firefighter
6747;Jerry;Adalbert;Jerry.Adalbert@gmail.com;doctor
6748;Jaime;Shanley;Jaime.Shanley@gmail.com;developer
6749;Jobi;Travax;Jobi.Travax@gmail.com;worker
6750;Steffane;Wenda;Steffane.Wenda@gmail.com;firefighter
6751;Katharina;Keily;Katharina.Keily@gmail.com;worker
6752;Cissiee;Lumbard;Cissiee.Lumbard@gmail.com;doctor
6753;Robbi;Joachim;Robbi.Joachim@gmail.com;worker
6754;Basia;Ries;Basia.Ries@gmail.com;police officer
6755;Fayre;Anastatius;Fayre.Anastatius@gmail.com;doctor
6756;Max;Neils;Max.Neils@gmail.com;doctor
6757;Jessamyn;Donoghue;Jessamyn.Donoghue@gmail.com;developer
6758;Mariele;Kirbee;Mariele.Kirbee@gmail.com;worker
6759;Perry;Read;Perry.Read@gmail.com;developer
6760;Brana;Pulsifer;Brana.Pulsifer@gmail.com;worker
6761;Gerrie;Luhe;Gerrie.Luhe@gmail.com;police officer
6762;Dacia;Terrence;Dacia.Terrence@gmail.com;developer
6763;Tamqrah;Noam;Tamqrah.Noam@gmail.com;firefighter
6764;Trudie;Rad;Trudie.Rad@gmail.com;doctor
6765;Kassey;Kenwood;Kassey.Kenwood@gmail.com;developer
6766;Selia;Allina;Selia.Allina@gmail.com;worker
6767;Abbie;Tarrant;Abbie.Tarrant@gmail.com;firefighter
6768;Annora;McAdams;Annora.McAdams@gmail.com;doctor
6769;Jeanna;Gaulin;Jeanna.Gaulin@gmail.com;worker
6770;Clarice;Bergman;Clarice.Bergman@gmail.com;doctor
6771;Lyssa;Zola;Lyssa.Zola@gmail.com;police officer
6772;Laurene;Ophelia;Laurene.Ophelia@gmail.com;worker
6773;Gavrielle;Selway;Gavrielle.Selway@gmail.com;doctor
6774;Maisey;Justinn;Maisey.Justinn@gmail.com;firefighter
6775;Sue;Wallis;Sue.Wallis@gmail.com;firefighter
6776;Belinda;Radu;Belinda.Radu@gmail.com;firefighter
6777;Dania;Esmaria;Dania.Esmaria@gmail.com;police officer
6778;Kerrin;Oneida;Kerrin.Oneida@gmail.com;firefighter
6779;Sherrie;Sothena;Sherrie.Sothena@gmail.com;worker
6780;Carilyn;Freddi;Carilyn.Freddi@gmail.com;firefighter
6781;Lenna;Primalia;Lenna.Primalia@gmail.com;worker
6782;Bobinette;Sisile;Bobinette.Sisile@gmail.com;police officer
6783;Consuela;Aldric;Consuela.Aldric@gmail.com;developer
6784;Pollyanna;Eckblad;Pollyanna.Eckblad@gmail.com;developer
6785;Max;Kirstin;Max.Kirstin@gmail.com;doctor
6786;Kaja;Boehike;Kaja.Boehike@gmail.com;firefighter
6787;Vita;Amadas;Vita.Amadas@gmail.com;worker
6788;Misha;Levey;Misha.Levey@gmail.com;police officer
6789;Oona;Glovsky;Oona.Glovsky@gmail.com;developer
6790;Rivalee;Schalles;Rivalee.Schalles@gmail.com;developer
6791;Jackie;LaRue;Jackie.LaRue@gmail.com;police officer
6792;Willetta;Alice;Willetta.Alice@gmail.com;firefighter
6793;Helsa;Abernon;Helsa.Abernon@gmail.com;doctor
6794;Yolane;Margret;Yolane.Margret@gmail.com;worker
6795;Maridel;Schonfeld;Maridel.Schonfeld@gmail.com;doctor
6796;Sidoney;Tatianas;Sidoney.Tatianas@gmail.com;worker
6797;Kial;Rozanna;Kial.Rozanna@gmail.com;developer
6798;Mahalia;Lowry;Mahalia.Lowry@gmail.com;police officer
6799;Coral;Joni;Coral.Joni@gmail.com;doctor
6800;Kerrin;Sallyann;Kerrin.Sallyann@gmail.com;worker
6801;Zaria;Helve;Zaria.Helve@gmail.com;developer
6802;Aurelie;Mendez;Aurelie.Mendez@gmail.com;worker
6803;Mignon;Orpah;Mignon.Orpah@gmail.com;worker
6804;Daune;Gusella;Daune.Gusella@gmail.com;developer
6805;Orsola;Darrell;Orsola.Darrell@gmail.com;doctor
6806;Sonni;Toor;Sonni.Toor@gmail.com;worker
6807;Devina;Colleen;Devina.Colleen@gmail.com;doctor
6808;Jan;Abram;Jan.Abram@gmail.com;doctor
6809;Blondelle;Bebe;Blondelle.Bebe@gmail.com;doctor
6810;Lelah;Hoban;Lelah.Hoban@gmail.com;doctor
6811;Pollyanna;Cookie;Pollyanna.Cookie@gmail.com;firefighter
6812;Nonnah;Clywd;Nonnah.Clywd@gmail.com;firefighter
6813;Meghann;Joachim;Meghann.Joachim@gmail.com;worker
6814;Donetta;Kirstin;Donetta.Kirstin@gmail.com;developer
6815;Janis;Laurianne;Janis.Laurianne@gmail.com;doctor
6816;Marjie;Schalles;Marjie.Schalles@gmail.com;worker
6817;Etta;Maples;Etta.Maples@gmail.com;doctor
6818;Almeta;Dannye;Almeta.Dannye@gmail.com;firefighter
6819;Margette;Gladstone;Margette.Gladstone@gmail.com;doctor
6820;Lesly;Edmund;Lesly.Edmund@gmail.com;worker
6821;Karina;Tamar;Karina.Tamar@gmail.com;worker
6822;Corina;Kelula;Corina.Kelula@gmail.com;police officer
6823;Fidelia;Bandeen;Fidelia.Bandeen@gmail.com;doctor
6824;Dyann;Melleta;Dyann.Melleta@gmail.com;developer
6825;Nikki;Kendrick;Nikki.Kendrick@gmail.com;developer
6826;Aimil;Stephie;Aimil.Stephie@gmail.com;police officer
6827;Phylis;Brodench;Phylis.Brodench@gmail.com;firefighter
6828;Livvyy;Knowling;Livvyy.Knowling@gmail.com;worker
6829;Etta;Verger;Etta.Verger@gmail.com;developer
6830;Elvira;Barney;Elvira.Barney@gmail.com;developer
6831;Sharai;Wyn;Sharai.Wyn@gmail.com;doctor
6832;Iseabal;Aurelio;Iseabal.Aurelio@gmail.com;doctor
6833;Charmaine;Klotz;Charmaine.Klotz@gmail.com;developer
6834;Isa;Rodmann;Isa.Rodmann@gmail.com;worker
6835;Jan;Jethro;Jan.Jethro@gmail.com;police officer
6836;Loree;Schalles;Loree.Schalles@gmail.com;police officer
6837;Gui;Ehrman;Gui.Ehrman@gmail.com;developer
6838;Sidoney;Bergman;Sidoney.Bergman@gmail.com;developer
6839;Margarette;Janith;Margarette.Janith@gmail.com;doctor
6840;Jere;Tiffa;Jere.Tiffa@gmail.com;worker
6841;Tani;Dituri;Tani.Dituri@gmail.com;doctor
6842;Ebonee;Carlson;Ebonee.Carlson@gmail.com;doctor
6843;Elfreda;Cohdwell;Elfreda.Cohdwell@gmail.com;firefighter
6844;Mariann;Alabaster;Mariann.Alabaster@gmail.com;worker
6845;Amara;Giff;Amara.Giff@gmail.com;firefighter
6846;Renae;Michella;Renae.Michella@gmail.com;firefighter
6847;Nannie;Kirstin;Nannie.Kirstin@gmail.com;police officer
6848;Yolane;Kylander;Yolane.Kylander@gmail.com;police officer
6849;Tonia;Hirsch;Tonia.Hirsch@gmail.com;worker
6850;Konstance;Pip;Konstance.Pip@gmail.com;police officer
6851;Anica;Zetta;Anica.Zetta@gmail.com;developer
6852;Darci;Ries;Darci.Ries@gmail.com;worker
6853;Chickie;Gibbeon;Chickie.Gibbeon@gmail.com;police officer
6854;Ketti;Ingra;Ketti.Ingra@gmail.com;firefighter
6855;Lilith;Rozanna;Lilith.Rozanna@gmail.com;worker
6856;Josephine;Brodench;Josephine.Brodench@gmail.com;firefighter
6857;Dennie;Bakerman;Dennie.Bakerman@gmail.com;worker
6858;Vevay;Salvidor;Vevay.Salvidor@gmail.com;developer
6859;Lenna;Allina;Lenna.Allina@gmail.com;developer
6860;Lanae;Egbert;Lanae.Egbert@gmail.com;firefighter
6861;Beth;Pandolfi;Beth.Pandolfi@gmail.com;worker
6862;Belinda;Trinetta;Belinda.Trinetta@gmail.com;doctor
6863;Giustina;Anyah;Giustina.Anyah@gmail.com;doctor
6864;Sophia;Othilia;Sophia.Othilia@gmail.com;doctor
6865;Deedee;Jehu;Deedee.Jehu@gmail.com;police officer
6866;Ada;Viddah;Ada.Viddah@gmail.com;police officer
6867;Meghann;Kalinda;Meghann.Kalinda@gmail.com;worker
6868;Ivett;Virgin;Ivett.Virgin@gmail.com;worker
6869;Nonnah;Nickola;Nonnah.Nickola@gmail.com;firefighter
6870;Danny;Kiersten;Danny.Kiersten@gmail.com;developer
6871;Justinn;Shirberg;Justinn.Shirberg@gmail.com;police officer
6872;Myrtice;Nisbet;Myrtice.Nisbet@gmail.com;doctor
6873;Wilma;Ajay;Wilma.Ajay@gmail.com;police officer
6874;Marnia;Curren;Marnia.Curren@gmail.com;doctor
6875;Carmencita;Cornelia;Carmencita.Cornelia@gmail.com;developer
6876;Cherilyn;Crudden;Cherilyn.Crudden@gmail.com;developer
6877;Gusty;Truc;Gusty.Truc@gmail.com;doctor
6878;Modestia;Hubert;Modestia.Hubert@gmail.com;firefighter
6879;Etta;Rogerio;Etta.Rogerio@gmail.com;doctor
6880;Jacquetta;Hedve;Jacquetta.Hedve@gmail.com;police officer
6881;Pollyanna;Chabot;Pollyanna.Chabot@gmail.com;police officer
6882;Jemie;Magnolia;Jemie.Magnolia@gmail.com;police officer
6883;Nikki;Lacombe;Nikki.Lacombe@gmail.com;police officer
6884;Mildrid;Hewitt;Mildrid.Hewitt@gmail.com;worker
6885;Evita;Ilka;Evita.Ilka@gmail.com;developer
6886;Mireielle;Larochelle;Mireielle.Larochelle@gmail.com;doctor
6887;Aili;Gherardo;Aili.Gherardo@gmail.com;doctor
6888;Elyssa;Garek;Elyssa.Garek@gmail.com;firefighter
6889;Millie;Giule;Millie.Giule@gmail.com;developer
6890;Lita;Manolo;Lita.Manolo@gmail.com;developer
6891;Allyce;Pip;Allyce.Pip@gmail.com;firefighter
6892;Dolli;Lalitta;Dolli.Lalitta@gmail.com;worker
6893;Flory;Seligman;Flory.Seligman@gmail.com;worker
6894;Leeanne;Ailyn;Leeanne.Ailyn@gmail.com;worker
6895;Angela;Aurelio;Angela.Aurelio@gmail.com;firefighter
6896;Gilda;Gabrielli;Gilda.Gabrielli@gmail.com;firefighter
6897;Fina;Zuzana;Fina.Zuzana@gmail.com;worker
6898;Amara;Letsou;Amara.Letsou@gmail.com;police officer
6899;Delilah;Ovid;Delilah.Ovid@gmail.com;firefighter
6900;Genevra;Carlson;Genevra.Carlson@gmail.com;firefighter
6901;Benita;Daniele;Benita.Daniele@gmail.com;developer
6902;Tersina;Eachern;Tersina.Eachern@gmail.com;worker
6903;Vonny;Fink;Vonny.Fink@gmail.com;doctor
6904;Dolli;Nore;Dolli.Nore@gmail.com;firefighter
6905;Dianemarie;Shields;Dianemarie.Shields@gmail.com;developer
6906;Estell;Cyrie;Estell.Cyrie@gmail.com;worker
6907;Nonnah;Odell;Nonnah.Odell@gmail.com;developer
6908;Miquela;Pattin;Miquela.Pattin@gmail.com;worker
6909;Benita;Ader;Benita.Ader@gmail.com;police officer
6910;Dorice;Olin;Dorice.Olin@gmail.com;police officer
6911;Merrie;Carri;Merrie.Carri@gmail.com;doctor
6912;Viviene;Amadas;Viviene.Amadas@gmail.com;developer
6913;Nikki;Shuler;Nikki.Shuler@gmail.com;worker
6914;Jasmina;Marlie;Jasmina.Marlie@gmail.com;developer
6915;Dorothy;Constancy;Dorothy.Constancy@gmail.com;worker
6916;Meriel;Arley;Meriel.Arley@gmail.com;police officer
6917;Lorenza;Chauncey;Lorenza.Chauncey@gmail.com;doctor
6918;Kathi;Eno;Kathi.Eno@gmail.com;doctor
6919;Lynea;Casimir;Lynea.Casimir@gmail.com;doctor
6920;Gianina;Dudley;Gianina.Dudley@gmail.com;firefighter
6921;Mariann;Larochelle;Mariann.Larochelle@gmail.com;police officer
6922;Rochette;Cosenza;Rochette.Cosenza@gmail.com;doctor
6923;Joceline;Bertold;Joceline.Bertold@gmail.com;firefighter
6924;Taffy;Fleeta;Taffy.Fleeta@gmail.com;doctor
6925;Dotty;Ilka;Dotty.Ilka@gmail.com;worker
6926;Jsandye;Brady;Jsandye.Brady@gmail.com;worker
6927;Halette;Ammann;Halette.Ammann@gmail.com;doctor
6928;Adriana;Ehrman;Adriana.Ehrman@gmail.com;firefighter
6929;Tani;Francyne;Tani.Francyne@gmail.com;firefighter
6930;Feliza;Pierette;Feliza.Pierette@gmail.com;worker
6931;Marcelline;Mott;Marcelline.Mott@gmail.com;doctor
6932;Ketti;Keelia;Ketti.Keelia@gmail.com;firefighter
6933;Clementine;Shuler;Clementine.Shuler@gmail.com;worker
6934;Cathie;Wattenberg;Cathie.Wattenberg@gmail.com;doctor
6935;Tarra;Creamer;Tarra.Creamer@gmail.com;doctor
6936;Leia;Cleavland;Leia.Cleavland@gmail.com;doctor
6937;Leia;Orelee;Leia.Orelee@gmail.com;police officer
6938;Moyna;Toor;Moyna.Toor@gmail.com;police officer
6939;Deane;Kylander;Deane.Kylander@gmail.com;doctor
6940;Karena;Berriman;Karena.Berriman@gmail.com;developer
6941;Ronna;Jary;Ronna.Jary@gmail.com;police officer
6942;Gerrie;Penelopa;Gerrie.Penelopa@gmail.com;worker
6943;Dyann;Bartlett;Dyann.Bartlett@gmail.com;developer
6944;Betta;Korey;Betta.Korey@gmail.com;doctor
6945;Louella;Selway;Louella.Selway@gmail.com;police officer
6946;Dale;Wattenberg;Dale.Wattenberg@gmail.com;worker
6947;Nickie;Valoniah;Nickie.Valoniah@gmail.com;doctor
6948;Joceline;Delacourt;Joceline.Delacourt@gmail.com;firefighter
6949;Emmey;Aaberg;Emmey.Aaberg@gmail.com;doctor
6950;Sabina;Marlie;Sabina.Marlie@gmail.com;police officer
6951;Frances;Eachern;Frances.Eachern@gmail.com;worker
6952;Sheelagh;Behre;Sheelagh.Behre@gmail.com;firefighter
6953;Beverley;Yam;Beverley.Yam@gmail.com;doctor
6954;Gavrielle;Myrilla;Gavrielle.Myrilla@gmail.com;doctor
6955;Evaleen;Stevy;Evaleen.Stevy@gmail.com;developer
6956;Dagmar;Cottle;Dagmar.Cottle@gmail.com;worker
6957;Cherrita;Margret;Cherrita.Margret@gmail.com;firefighter
6958;Ottilie;Regan;Ottilie.Regan@gmail.com;developer
6959;Edith;Tengdin;Edith.Tengdin@gmail.com;firefighter
6960;Maud;Marden;Maud.Marden@gmail.com;police officer
6961;Gretal;Kenwood;Gretal.Kenwood@gmail.com;police officer
6962;Janenna;Buffum;Janenna.Buffum@gmail.com;police officer
6963;Wendi;Raul;Wendi.Raul@gmail.com;police officer
6964;Kial;Charmine;Kial.Charmine@gmail.com;police officer
6965;Genovera;Hanleigh;Genovera.Hanleigh@gmail.com;police officer
6966;Teddie;Docilla;Teddie.Docilla@gmail.com;police officer
6967;Ekaterina;Hoban;Ekaterina.Hoban@gmail.com;police officer
6968;Sara-Ann;Woodberry;Sara-Ann.Woodberry@gmail.com;developer
6969;Blinni;Adrienne;Blinni.Adrienne@gmail.com;worker
6970;Allyce;Edmund;Allyce.Edmund@gmail.com;worker
6971;Thalia;Claudine;Thalia.Claudine@gmail.com;developer
6972;Loree;Nedrud;Loree.Nedrud@gmail.com;developer
6973;Penelopa;Olympium;Penelopa.Olympium@gmail.com;worker
6974;Fayre;Means;Fayre.Means@gmail.com;doctor
6975;Ottilie;Swanhildas;Ottilie.Swanhildas@gmail.com;firefighter
6976;Elvira;Morgun;Elvira.Morgun@gmail.com;worker
6977;Nicoli;Lane;Nicoli.Lane@gmail.com;doctor
6978;Brooks;Guildroy;Brooks.Guildroy@gmail.com;police officer
6979;Lesly;Daegal;Lesly.Daegal@gmail.com;firefighter
6980;Ellette;Goode;Ellette.Goode@gmail.com;firefighter
6981;Lanna;Weaks;Lanna.Weaks@gmail.com;developer
6982;Ezmeralda;Glovsky;Ezmeralda.Glovsky@gmail.com;doctor
6983;Johna;Bartlett;Johna.Bartlett@gmail.com;doctor
6984;Amelia;Malina;Amelia.Malina@gmail.com;developer
6985;Steffane;Laverne;Steffane.Laverne@gmail.com;doctor
6986;Wanda;Clywd;Wanda.Clywd@gmail.com;police officer
6987;Vere;Chandler;Vere.Chandler@gmail.com;worker
6988;Julieta;Sherfield;Julieta.Sherfield@gmail.com;firefighter
6989;Molli;Gilbertson;Molli.Gilbertson@gmail.com;developer
6990;Shirlee;Shelba;Shirlee.Shelba@gmail.com;firefighter
6991;Kial;Krystle;Kial.Krystle@gmail.com;doctor
6992;Viki;Sophronia;Viki.Sophronia@gmail.com;doctor
6993;Stevana;Prober;Stevana.Prober@gmail.com;worker
6994;Paule;Simmonds;Paule.Simmonds@gmail.com;police officer
6995;Elka;Zrike;Elka.Zrike@gmail.com;police officer
6996;Danika;Mich;Danika.Mich@gmail.com;worker
6997;Therine;Jaylene;Therine.Jaylene@gmail.com;doctor
6998;Kaja;Ackerley;Kaja.Ackerley@gmail.com;firefighter
6999;Dyann;Alisia;Dyann.Alisia@gmail.com;doctor
7000;Cyndie;Tyson;Cyndie.Tyson@gmail.com;worker
7001;Verla;Morrill;Verla.Morrill@gmail.com;worker
7002;Ninnetta;Bluh;Ninnetta.Bluh@gmail.com;worker
7003;Leeanne;Hunfredo;Leeanne.Hunfredo@gmail.com;firefighter
7004;Amii;Faso;Amii.Faso@gmail.com;firefighter
7005;Benita;Lilas;Benita.Lilas@gmail.com;police officer
7006;Carilyn;Merell;Carilyn.Merell@gmail.com;developer
7007;Hermione;Lea;Hermione.Lea@gmail.com;worker
7008;Nikki;Lory;Nikki.Lory@gmail.com;worker
7009;Helsa;Niles;Helsa.Niles@gmail.com;doctor
7010;Basia;Sharl;Basia.Sharl@gmail.com;firefighter
7011;Olivette;Lay;Olivette.Lay@gmail.com;worker
7012;Libbie;My;Libbie.My@gmail.com;police officer
7013;Rozele;Harriman;Rozele.Harriman@gmail.com;police officer
7014;Nadine;Syd;Nadine.Syd@gmail.com;firefighter
7015;Tierney;Llovera;Tierney.Llovera@gmail.com;firefighter
7016;Malina;Tryck;Malina.Tryck@gmail.com;doctor
7017;Olivette;Slifka;Olivette.Slifka@gmail.com;firefighter
7018;Clo;Charity;Clo.Charity@gmail.com;firefighter
7019;Nananne;Anselmi;Nananne.Anselmi@gmail.com;worker
7020;Gretal;Yam;Gretal.Yam@gmail.com;worker
7021;Maisey;Gino;Maisey.Gino@gmail.com;developer
7022;Sheelagh;Lipson;Sheelagh.Lipson@gmail.com;developer
7023;Chastity;Candy;Chastity.Candy@gmail.com;worker
7024;Tilly;Salchunas;Tilly.Salchunas@gmail.com;police officer
7025;Chastity;Kamaria;Chastity.Kamaria@gmail.com;firefighter
7026;Susan;Hubert;Susan.Hubert@gmail.com;developer
7027;Jerry;Claudine;Jerry.Claudine@gmail.com;worker
7028;Marti;Cadmar;Marti.Cadmar@gmail.com;doctor
7029;Devina;Nickola;Devina.Nickola@gmail.com;firefighter
7030;Elora;Vastah;Elora.Vastah@gmail.com;doctor
7031;Arlina;Chesna;Arlina.Chesna@gmail.com;worker
7032;Dania;Granoff;Dania.Granoff@gmail.com;firefighter
7033;Petronia;Garek;Petronia.Garek@gmail.com;worker
7034;Jennica;Ephrem;Jennica.Ephrem@gmail.com;worker
7035;Thalia;Hachmin;Thalia.Hachmin@gmail.com;doctor
7036;Rhoda;Huggins;Rhoda.Huggins@gmail.com;developer
7037;Claudina;Giule;Claudina.Giule@gmail.com;doctor
7038;Allis;Neva;Allis.Neva@gmail.com;firefighter
7039;Calla;Noman;Calla.Noman@gmail.com;doctor
7040;Tina;Orlene;Tina.Orlene@gmail.com;worker
7041;Giustina;Tristram;Giustina.Tristram@gmail.com;worker
7042;Calla;Lay;Calla.Lay@gmail.com;worker
7043;Ninnetta;Lay;Ninnetta.Lay@gmail.com;police officer
7044;Alia;Gladstone;Alia.Gladstone@gmail.com;police officer
7045;Benita;Suzetta;Benita.Suzetta@gmail.com;police officer
7046;Barbara;Dorine;Barbara.Dorine@gmail.com;worker
7047;Arlena;Kalinda;Arlena.Kalinda@gmail.com;worker
7048;Leeanne;Therine;Leeanne.Therine@gmail.com;developer
7049;Nessie;Payson;Nessie.Payson@gmail.com;police officer
7050;Sabina;Gower;Sabina.Gower@gmail.com;worker
7051;Phylis;Lucienne;Phylis.Lucienne@gmail.com;doctor
7052;Siana;Aaberg;Siana.Aaberg@gmail.com;doctor
7053;Ardys;Desai;Ardys.Desai@gmail.com;developer
7054;Devina;Armanda;Devina.Armanda@gmail.com;worker
7055;Verla;Screens;Verla.Screens@gmail.com;doctor
7056;Nataline;Ranjiv;Nataline.Ranjiv@gmail.com;worker
7057;Hollie;Anyah;Hollie.Anyah@gmail.com;worker
7058;Charissa;Orpah;Charissa.Orpah@gmail.com;firefighter
7059;Vere;Hutchison;Vere.Hutchison@gmail.com;doctor
7060;Alexine;Hepsibah;Alexine.Hepsibah@gmail.com;police officer
7061;Emylee;Buttaro;Emylee.Buttaro@gmail.com;developer
7062;Kaja;Colbert;Kaja.Colbert@gmail.com;doctor
7063;Chere;Hathaway;Chere.Hathaway@gmail.com;doctor
7064;Ardys;Darbie;Ardys.Darbie@gmail.com;doctor
7065;Kimmy;Mata;Kimmy.Mata@gmail.com;firefighter
7066;Jany;Bord;Jany.Bord@gmail.com;doctor
7067;Jere;Chick;Jere.Chick@gmail.com;worker
7068;Zsa Zsa;Afton;Zsa Zsa.Afton@gmail.com;firefighter
7069;Karolina;Louanna;Karolina.Louanna@gmail.com;firefighter
7070;Diena;Elo;Diena.Elo@gmail.com;worker
7071;Ilse;Konyn;Ilse.Konyn@gmail.com;developer
7072;Corry;Birdella;Corry.Birdella@gmail.com;developer
7073;Vevay;Radu;Vevay.Radu@gmail.com;doctor
7074;Atlanta;Weide;Atlanta.Weide@gmail.com;worker
7075;Chastity;Carbo;Chastity.Carbo@gmail.com;firefighter
7076;Korrie;Kirstin;Korrie.Kirstin@gmail.com;police officer
7077;Pollyanna;Harriman;Pollyanna.Harriman@gmail.com;developer
7078;Desirae;Lumbard;Desirae.Lumbard@gmail.com;doctor
7079;Emma;Taima;Emma.Taima@gmail.com;doctor
7080;Sadie;Suk;Sadie.Suk@gmail.com;police officer
7081;Vivia;Audly;Vivia.Audly@gmail.com;doctor
7082;Babita;Craggie;Babita.Craggie@gmail.com;firefighter
7083;Dione;Etom;Dione.Etom@gmail.com;doctor
7084;Stephanie;McGrody;Stephanie.McGrody@gmail.com;firefighter
7085;Lorie;Lia;Lorie.Lia@gmail.com;worker
7086;Talya;Standing;Talya.Standing@gmail.com;police officer
7087;Norine;Ledah;Norine.Ledah@gmail.com;worker
7088;Cacilie;Odysseus;Cacilie.Odysseus@gmail.com;developer
7089;Allis;Raychel;Allis.Raychel@gmail.com;firefighter
7090;Adore;Gamaliel;Adore.Gamaliel@gmail.com;developer
7091;Ellette;Raama;Ellette.Raama@gmail.com;worker
7092;Nariko;Melleta;Nariko.Melleta@gmail.com;doctor
7093;Tilly;Whiffen;Tilly.Whiffen@gmail.com;police officer
7094;Ira;Lowry;Ira.Lowry@gmail.com;firefighter
7095;Rebeca;Rese;Rebeca.Rese@gmail.com;doctor
7096;Albertina;Avi;Albertina.Avi@gmail.com;doctor
7097;Fanchon;Bendick;Fanchon.Bendick@gmail.com;firefighter
7098;Nariko;Woodberry;Nariko.Woodberry@gmail.com;police officer
7099;Hettie;Crudden;Hettie.Crudden@gmail.com;doctor