id;firstname;lastname;email;profession
5100;Collen;Gusella;Collen.Gusella@gmail.com;developer
5101;Kristan;Timon;Kristan.Timon@gmail.com;doctor
5102;Delilah;Persse;Delilah.Persse@gmail.com;police officer
5103;Elmira;Syd;Elmira.Syd@gmail.com;worker
5104;Rozele;Fiann;Rozele.Fiann@gmail.com;police officer
5105;Rayna;Bonilla;Rayna.Bonilla@gmail.com;police officer
5106;Mireielle;Kendrick;Mireielle.Kendrick@gmail.com;worker
5107;Tarra;Anis;Tarra.Anis@gmail.com;worker
5108;Frank;Peg;Frank.Peg@gmail.com;firefighter
5109;Zondra;Kaja;Zondra.Kaja@gmail.com;firefighter
5110;Berta;Lipson;Berta.Lipson@gmail.com;developer
5111;Carmencita;Gamaliel;Carmencita.Gamaliel@gmail.com;firefighter
5112;Sadie;Kinnard;Sadie.Kinnard@gmail.com;firefighter
5113;Concettina;Helfand;Concettina.Helfand@gmail.com;firefighter
5114;Joy;Trey;Joy.Trey@gmail.com;developer
5115;Jerry;Randene;Jerry.Randene@gmail.com;doctor
5116;Agathe;Dichy;Agathe.Dichy@gmail.com;developer
5117;Alyda;Tybald;Alyda.Tybald@gmail.com;firefighter
5118;Donnie;Alice;Donnie.Alice@gmail.com;worker
5119;Meg;Odysseus;Meg.Odysseus@gmail.com;developer
5120;Caritta;Halla;Caritta.Halla@gmail.com;worker
5121;Jere;Barbey;Jere.Barbey@gmail.com;police officer
5122;Ida;Brodench;Ida.Brodench@gmail.com;police officer
5123;Selia;Mata;Selia.Mata@gmail.com;worker
5124;Merle;Kosey;Merle.Kosey@gmail.com;worker
5125;Hildegaard;Sammons;Hildegaard.Sammons@gmail.com;worker
5126;Dione;Erlandson;Dione.Erlandson@gmail.com;police officer
5127;Hannis;Gillan;Hannis.Gillan@gmail.com;doctor
5128;Ilse;Fairweather;Ilse.Fairweather@gmail.com;police officer
5129;Netty;Read;Netty.Read@gmail.com;doctor
5130;Michaelina;Even;Michaelina.Even@gmail.com;developer
5131;Kathi;Doig;Kathi.Doig@gmail.com;doctor
5132;Viki;Cassius;Viki.Cassius@gmail.com;doctor
5133;Penelopa;Presber;Penelopa.Presber@gmail.com;firefighter
5134;Gaylene;Torray;Gaylene.Torray@gmail.com;firefighter
5135;Cyndie;Swigart;Cyndie.Swigart@gmail.com;worker
5136;Zondra;Lytton;Zondra.Lytton@gmail.com;worker
5137;Ericka;Malvino;Ericka.Malvino@gmail.com;doctor
5138;Desirae;Thunell;Desirae.Thunell@gmail.com;police officer
5139;Pierette;Ruvolo;Pierette.Ruvolo@gmail.com;firefighter
5140;June;Zola;June.Zola@gmail.com;police officer
5141;Cherrita;Leler;Cherrita.Leler@gmail.com;developer
5142;Moyna;Infield;Moyna.Infield@gmail.com;developer
5143;Mallory;Chaing;Mallory.Chaing@gmail.com;firefighter
5144;Claresta;Durware;Claresta.Durware@gmail.com;police officer
5145;Coral;Rozanna;Coral.Rozanna@gmail.com;developer
5146;Iseabal;Eben;Iseabal.Eben@gmail.com;worker
5147;Tierney;Sperling;Tierney.Sperling@gmail.com;police officer
5148;Karolina;Lattie;Karolina.Lattie@gmail.com;developer
5149;Renae;Ilka;Renae.Ilka@gmail.com;developer
5150;Darlleen;Klotz;Darlleen.Klotz@gmail.com;police officer
5151;Priscilla;Hazlett;Priscilla.Hazlett@gmail.com;police officer
5152;Natka;Bouchard;Natka.Bouchard@gmail.com;firefighter
5153;Talya;Susannah;Talya.Susannah@gmail.com;developer
5154;Ida;Katrine;Ida.Katrine@gmail.com;doctor
5155;Valera;Giule;Valera.Giule@gmail.com;doctor
5156;Elvira;Carleen;Elvira.Carleen@gmail.com;worker
5157;Blake;Jagir;Blake.Jagir@gmail.com;police officer
5158;Dorthy;Bonucci;Dorthy.Bonucci@gmail.com;firefighter
5159;Aaren;Autrey;Aaren.Autrey@gmail.com;doctor
5160;Helsa;Madox;Helsa.Madox@gmail.com;doctor
5161;Camile;Carri;Camile.Carri@gmail.com;firefighter
5162;Audrie;Edee;Audrie.Edee@gmail.com;doctor
5163;Mallory;Bahr;Mallory.Bahr@gmail.com;firefighter
5164;Dominga;Wesle;Dominga.Wesle@gmail.com;developer
5165;Rosaline;Wesle;Rosaline.Wesle@gmail.com;firefighter
5166;Ricky;Anastatius;Ricky.Anastatius@gmail.com;doctor
5167;Concettina;McLaughlin;Concettina.McLaughlin@gmail.com;police officer
5168;Viviene;Sabella;Viviene.Sabella@gmail.com;developer
5169;Ninnetta;Hamil;Ninnetta.Hamil@gmail.com;worker
5170;Millie;Dudley;Millie.Dudley@gmail.com;developer
5171;Lyssa;Kevon;Lyssa.Kevon@gmail.com;doctor
5172;Kaja;Mallon;Kaja.Mallon@gmail.com;doctor
5173;Alyssa;Erich;Alyssa.Erich@gmail.com;worker
5174;Justinn;Edmund;Justinn.Edmund@gmail.com;police officer
5175;Raina;Marijo;Raina.Marijo@gmail.com;worker
5176;Henriette;Dyche;Henriette.Dyche@gmail.com;police officer
5177;Libbie;Emmaline;Libbie.Emmaline@gmail.com;firefighter
5178;Oralee;Forrer;Oralee.Forrer@gmail.com;doctor
5179;Aimil;Cadmar;Aimil.Cadmar@gmail.com;firefighter
5180;Evaleen;Morehouse;Evaleen.Morehouse@gmail.com;firefighter
5181;Lisette;Peti;Lisette.Peti@gmail.com;worker
5182;Henriette;Fink;Henriette.Fink@gmail.com;developer
5183;Marcy;Papageno;Marcy.Papageno@gmail.com;worker
5184;Alia;Yerkovich;Alia.Yerkovich@gmail.com;doctor
5185;Anallese;Tatianas;Anallese.Tatianas@gmail.com;worker
5186;Lanna;Ade;Lanna.Ade@gmail.com;developer
5187;Maryellen;Francene;Maryellen.Francene@gmail.com;police officer
5188;Emylee;Maroney;Emylee.Maroney@gmail.com;firefighter
5189;Clementine;Wyn;Clementine.Wyn@gmail.com;police officer
5190;Elena;Croix;Elena.Croix@gmail.com;police officer
5191;Carolina;Wiener;Carolina.Wiener@gmail.com;developer
5192;Blake;Fancie;Blake.Fancie@gmail.com;doctor
5193;Janeczka;Dimitris;Janeczka.Dimitris@gmail.com;police officer
5194;Grier;Codding;Grier.Codding@gmail.com;developer
5195;Kial;Eben;Kial.Eben@gmail.com;doctor
5196;Bettine;Elisha;Bettine.Elisha@gmail.com;developer
5197;Emma;Bultman;Emma.Bultman@gmail.com;worker
5198;Margalo;Duwalt;Margalo.Duwalt@gmail.com;developer
5199;Joeann;Mathilde;Joeann.Mathilde@gmail.com;firefighter
5200;Gretal;Adore;Gretal.Adore@gmail.com;firefighter
5201;Nelle;Sprage;Nelle.Sprage@gmail.com;doctor
5202;Albertina;Mintz;Albertina.Mintz@gmail.com;firefighter
5203;Dari;Janene;Dari.Janene@gmail.com;police officer
5204;Odessa;Carolin;Odessa.Carolin@gmail.com;doctor
5205;Jany;Nisbet;Jany.Nisbet@gmail.com;worker
5206;Stevana;Sancho;Stevana.Sancho@gmail.com;police officer
5207;Courtnay;Percy;Courtnay.Percy@gmail.com;developer
5208;Cherilyn;Oriana;Cherilyn.Oriana@gmail.com;worker
5209;Korrie;Friede;Korrie.Friede@gmail.com;firefighter
5210;Valera;Buttaro;Valera.Buttaro@gmail.com;police officer
5211;Eadie;Seessel;Eadie.Seessel@gmail.com;doctor
5212;Atlanta;Rustice;Atlanta.Rustice@gmail.com;worker
5213;Wanda;Ciapas;Wanda.Ciapas@gmail.com;developer
5214;Mignon;Rebecka;Mignon.Rebecka@gmail.com;developer
5215;Clementine;Dahlia;Clementine.Dahlia@gmail.com;firefighter
5216;Nananne;Haldas;Nananne.Haldas@gmail.com;worker
5217;Yolane;Wu;Yolane.Wu@gmail.com;worker
5218;Hildegaard;Dunkin;Hildegaard.Dunkin@gmail.com;doctor
5219;Flo;Wattenberg;Flo.Wattenberg@gmail.com;developer
5220;Alyssa;Aurelio;Alyssa.Aurelio@gmail.com;developer
5221;Dulce;Raimondo;Dulce.Raimondo@gmail.com;police officer
5222;Moyna;Graig;Moyna.Graig@gmail.com;police officer
5223;Kittie;Audly;Kittie.Audly@gmail.com;firefighter
5224;Sharai;Nikaniki;Sharai.Nikaniki@gmail.com;firefighter
5225;Sarette;Colp;Sarette.Colp@gmail.com;doctor
5226;Tomasina;Poll;Tomasina.Poll@gmail.com;doctor
5227;Kayla;Rona;Kayla.Rona@gmail.com;developer
5228;Roslyn;Ovid;Roslyn.Ovid@gmail.com;worker
5229;Sheelagh;Podvin;Sheelagh.Podvin@gmail.com;developer
5230;Lorenza;Yerkovich;Lorenza.Yerkovich@gmail.com;developer
5231;Abbie;Jagir;Abbie.Jagir@gmail.com;worker
5232;Etta;Buttaro;Etta.Buttaro@gmail.com;police officer
5233;Farrah;Marisa;Farrah.Marisa@gmail.com;police officer
5234;Cristine;Rolf;Cristine.Rolf@gmail.com;police officer
5235;Berta;Isacco;Berta.Isacco@gmail.com;police officer
5236;Janey;Raychel;Janey.Raychel@gmail.com;worker
5237;Melodie;Hubert;Melodie.Hubert@gmail.com;doctor
5238;Annecorinne;Brittani;Annecorinne.Brittani@gmail.com;developer
5239;Shaine;Rolf;Shaine.Rolf@gmail.com;developer
5240;Clary;Percy;Clary.Percy@gmail.com;developer
5241;Barbara;McCutcheon;Barbara.McCutcheon@gmail.com;police officer
5242;Tonia;Georas;Tonia.Georas@gmail.com;worker
5243;Anallese;Jethro;Anallese.Jethro@gmail.com;worker
5244;Donnie;Hillel;Donnie.Hillel@gmail.com;developer
5245;Helsa;Brieta;Helsa.Brieta@gmail.com;worker
5246;Ardenia;Hartnett;Ardenia.Hartnett@gmail.com;developer
5247;Emmey;Ummersen;Emmey.Ummersen@gmail.com;police officer
5248;Daune;Emanuel;Daune.Emanuel@gmail.com;doctor
5249;Johna;Redmond;Johna.Redmond@gmail.com;police officer
5250;Teddie;Euridice;Teddie.Euridice@gmail.com;firefighter
5251;Dorthy;Amadas;Dorthy.Amadas@gmail.com;doctor
5252;Annice;Peti;Annice.Peti@gmail.com;worker
5253;Vonny;Ludewig;Vonny.Ludewig@gmail.com;developer
5254;Isa;Sigfrid;Isa.Sigfrid@gmail.com;doctor
5255;Feliza;Alexandr;Feliza.Alexandr@gmail.com;developer
5256;Stacey;Donoghue;Stacey.Donoghue@gmail.com;worker
5257;Frieda;Cleavland;Frieda.Cleavland@gmail.com;firefighter
5258;Ottilie;Mitzi;Ottilie.Mitzi@gmail.com;doctor
5259;Andree;Brodench;Andree.Brodench@gmail.com;firefighter
5260;Deloria;Chapland;Deloria.Chapland@gmail.com;doctor
5261;Meriel;Woodberry;Meriel.Woodberry@gmail.com;doctor
5262;Nerta;Rugen;Nerta.Rugen@gmail.com;worker
5263;Jacenta;Anyah;Jacenta.Anyah@gmail.com;firefighter
5264;Clary;Edison;Clary.Edison@gmail.com;developer
5265;Belinda;Cimbura;Belinda.Cimbura@gmail.com;doctor
5266;Kara-Lynn;Boehike;Kara-Lynn.Boehike@gmail.com;doctor
5267;Bill;Lemuela;Bill.Lemuela@gmail.com;doctor
5268;Natka;Poll;Natka.Poll@gmail.com;worker
5269;Odessa;Buttaro;Odessa.Buttaro@gmail.com;doctor
5270;Charmaine;Skurnik;Charmaine.Skurnik@gmail.com;firefighter
5271;Paulita;Kosey;Paulita.Kosey@gmail.com;doctor
5272;Coral;Toor;Coral.Toor@gmail.com;worker
5273;Deloria;Infield;Deloria.Infield@gmail.com;firefighter
5274;Lorie;Septima;Lorie.Septima@gmail.com;firefighter
5275;Kathy;Nance;Kathy.Nance@gmail.com;firefighter
5276;Adele;Kaete;Adele.Kaete@gmail.com;doctor
5277;Anallese;Letsou;Anallese.Letsou@gmail.com;firefighter
5278;Kaia;Ciapas;Kaia.Ciapas@gmail.com;police officer
5279;Mamie;Magnolia;Mamie.Magnolia@gmail.com;police officer
5280;Blake;McNully;Blake.McNully@gmail.com;police officer
5281;Vinita;Reneta;Vinita.Reneta@gmail.com;doctor
5282;Dotty;Dowski;Dotty.Dowski@gmail.com;doctor
5283;Therine;Poll;Therine.Poll@gmail.com;developer
5284;Stevana;Decato;Stevana.Decato@gmail.com;police officer
5285;Blake;Jarib;Blake.Jarib@gmail.com;firefighter
5286;Renae;Jefferey;Renae.Jefferey@gmail.com;doctor
5287;Nyssa;Bertold;Nyssa.Bertold@gmail.com;doctor
5288;Myrtice;Beniamino;Myrtice.Beniamino@gmail.com;worker
5289;Alie;Yam;Alie.Yam@gmail.com;developer
5290;Hollie;Rogerio;Hollie.Rogerio@gmail.com;police officer
5291;Hermione;Lissi;Hermione.Lissi@gmail.com;firefighter
5292;Lorie;Brian;Lorie.Brian@gmail.com;developer
5293;Riannon;Berard;Riannon.Berard@gmail.com;doctor
5294;Anthia;Serilda;Anthia.Serilda@gmail.com;worker
5295;Krystle;Tound;Krystle.Tound@gmail.com;firefighter
5296;Kaia;Hutchison;Kaia.Hutchison@gmail.com;doctor
5297;Ricky;Gavrila;Ricky.Gavrila@gmail.com;police officer
5298;Marleah;Audly;Marleah.Audly@gmail.com;doctor
5299;Shirlee;Eachern;Shirlee.Eachern@gmail.com;developer
5300;Charlena;Peonir;Charlena.Peonir@gmail.com;worker
5301;Cathyleen;Argus;Cathyleen.Argus@gmail.com;police officer
5302;Coral;Dermott;Coral.Dermott@gmail.com;firefighter
5303;Raquela;Lowry;Raquela.Lowry@gmail.com;doctor
5304;Donnie;Verger;Donnie.Verger@gmail.com;developer
5305;Barbi;Ranjiv;Barbi.Ranjiv@gmail.com;developer
5306;Elka;Harl;Elka.Harl@gmail.com;doctor
5307;Aeriela;Ezar;Aeriela.Ezar@gmail.com;doctor
5308;Hermione;Carey;Hermione.Carey@gmail.com;firefighter
5309;Ilse;Stephie;Ilse.Stephie@gmail.com;doctor
5310;Danny;Faso;Danny.Faso@gmail.com;police officer
5311;Chickie;Lattie;Chickie.Lattie@gmail.com;firefighter
5312;Elise;Truc;Elise.Truc@gmail.com;police officer
5313;Layla;Junie;Layla.Junie@gmail.com;doctor
5314;Rosanne;Sikorski;Rosanne.Sikorski@gmail.com;firefighter
5315;Romona;Miru;Romona.Miru@gmail.com;doctor
5316;Dagmar;Saint;Dagmar.Saint@gmail.com;developer
5317;Selma;Iaverne;Selma.Iaverne@gmail.com;worker
5318;Chandra;Ardeha;Chandra.Ardeha@gmail.com;worker
5319;Robinia;Garrison;Robinia.Garrison@gmail.com;worker
5320;Caryl;Noman;Caryl.Noman@gmail.com;doctor
5321;Linet;Engdahl;Linet.Engdahl@gmail.com;firefighter
5322;Ebonee;Callista;Ebonee.Callista@gmail.com;firefighter
5323;Elena;Sidonius;Elena.Sidonius@gmail.com;worker
5324;Dominga;Hazlett;Dominga.Hazlett@gmail.com;developer
5325;Dorthy;Clara;Dorthy.Clara@gmail.com;doctor
5326;Merle;Bobbee;Merle.Bobbee@gmail.com;worker
5327;Emilia;Greenwald;Emilia.Greenwald@gmail.com;police officer
5328;Clo;Nunci;Clo.Nunci@gmail.com;developer
5329;Winny;Kosey;Winny.Kosey@gmail.com;firefighter
5330;Sheelagh;Lauraine;Sheelagh.Lauraine@gmail.com;police officer
5331;Evaleen;Ietta;Evaleen.Ietta@gmail.com;doctor
5332;Claresta;Vastah;Claresta.Vastah@gmail.com;firefighter
5333;Dione;Mallon;Dione.Mallon@gmail.com;worker
5334;Wileen;Daveta;Wileen.Daveta@gmail.com;developer
5335;Trixi;Delila;Trixi.Delila@gmail.com;firefighter
5336;Sara-Ann;Bury;Sara-Ann.Bury@gmail.com;worker
5337;Caryl;Roche;Caryl.Roche@gmail.com;worker
5338;Lanae;Hanleigh;Lanae.Hanleigh@gmail.com;firefighter
5339;Vivia;Lattie;Vivia.Lattie@gmail.com;developer
5340;Viki;Bivins;Viki.Bivins@gmail.com;developer
5341;Harrietta;Raimondo;Harrietta.Raimondo@gmail.com;developer
5342;Orsola;Cristi;Orsola.Cristi@gmail.com;doctor
5343;Kristina;Redmond;Kristina.Redmond@gmail.com;firefighter
5344;Romona;Prober;Romona.Prober@gmail.com;firefighter
5345;Brena;Milson;Brena.Milson@gmail.com;firefighter
5346;Catharine;Hourigan;Catharine.Hourigan@gmail.com;doctor
5347;Gerrie;Rogerio;Gerrie.Rogerio@gmail.com;doctor
5348;Jaime;Diogenes;Jaime.Diogenes@gmail.com;developer
5349;Orsola;Henebry;Orsola.Henebry@gmail.com;police officer
5350;Aimil;Bebe;Aimil.Bebe@gmail.com;worker
5351;Deirdre;Vacuva;Deirdre.Vacuva@gmail.com;developer
5352;Patricia;Sundin;Patricia.Sundin@gmail.com;firefighter
5353;Sam;Sigfrid;Sam.Sigfrid@gmail.com;firefighter
5354;Phedra;Marden;Phedra.Marden@gmail.com;doctor
5355;Rosabelle;Nerita;Rosabelle.Nerita@gmail.com;developer
5356;Gwyneth;Gino;Gwyneth.Gino@gmail.com;firefighter
5357;Phedra;Lorain;Phedra.Lorain@gmail.com;police officer
5358;Joleen;Donell;Joleen.Donell@gmail.com;developer
5359;Consuela;Nester;Consuela.Nester@gmail.com;worker
5360;Pollyanna;Septima;Pollyanna.Septima@gmail.com;firefighter
5361;Katharina;Tufts;Katharina.Tufts@gmail.com;police officer
5362;Mireielle;Colleen;Mireielle.Colleen@gmail.com;police officer
5363;Chere;Viddah;Chere.Viddah@gmail.com;developer
5364;Alexine;Capello;Alexine.Capello@gmail.com;developer
5365;Hayley;Erskine;Hayley.Erskine@gmail.com;police officer
5366;Etta;Truc;Etta.Truc@gmail.com;firefighter
5367;Lanae;Marcellus;Lanae.Marcellus@gmail.com;firefighter
5368;Dorice;Suzetta;Dorice.Suzetta@gmail.com;police officer
5369;Jenilee;Lattie;Jenilee.Lattie@gmail.com;police officer
5370;Wanda;Vale;Wanda.Vale@gmail.com;police officer
5371;Ayn;Ophelia;Ayn.Ophelia@gmail.com;police officer
5372;Corly;Syd;Corly.Syd@gmail.com;developer
5373;Jackie;Adore;Jackie.Adore@gmail.com;doctor
5374;Valera;Selway;Valera.Selway@gmail.com;police officer
5375;Cordi;Timon;Cordi.Timon@gmail.com;police officer
5376;Laure;Yoko;Laure.Yoko@gmail.com;developer
5377;Alejandra;Anderea;Alejandra.Anderea@gmail.com;developer
5378;Lynnea;Ramona;Lynnea.Ramona@gmail.com;police officer
5379;Belva;Ilka;Belva.Ilka@gmail.com;doctor
5380;Kellen;Ummersen;Kellen.Ummersen@gmail.com;police officer
5381;Leontine;Billye;Leontine.Billye@gmail.com;worker
5382;Dorice;Publia;Dorice.Publia@gmail.com;police officer
5383;Annora;Ferrell;Annora.Ferrell@gmail.com;worker
5384;Georgetta;Payson;Georgetta.Payson@gmail.com;firefighter
5385;Winny;Santoro;Winny.Santoro@gmail.com;developer
5386;Gianina;Neva;Gianina.Neva@gmail.com;police officer
5387;Cam;Emanuel;Cam.Emanuel@gmail.com;doctor
5388;Linzy;Konyn;Linzy.Konyn@gmail.com;developer
5389;Gilda;Himelman;Gilda.Himelman@gmail.com;firefighter
5390;Anica;Kannry;Anica.Kannry@gmail.com;worker
5391;Magdalena;Verger;Magdalena.Verger@gmail.com;developer
5392;Betta;Dudley;Betta.Dudley@gmail.com;doctor
5393;Dorothy;Schonfeld;Dorothy.Schonfeld@gmail.com;police officer
5394;Florencia;Bryna;Florencia.Bryna@gmail.com;police officer
5395;Sherrie;Pascia;Sherrie.Pascia@gmail.com;police officer
5396;Nannie;Rad;Nannie.Rad@gmail.com;firefighter
5397;Mireielle;Grayce;Mireielle.Grayce@gmail.com;firefighter
5398;Heddie;Horan;Heddie.Horan@gmail.com;worker
5399;Fina;Marijo;Fina.Marijo@gmail.com;developer
5400;Eadie;Shuler;Eadie.Shuler@gmail.com;police officer
5401;Fernande;Orpah;Fernande.Orpah@gmail.com;worker
5402;Dania;Mott;Dania.Mott@gmail.com;police officer
5403;Daphne;Secrest;Daphne.Secrest@gmail.com;worker
5404;Sidoney;Niccolo;Sidoney.Niccolo@gmail.com;police officer
5405;Amalie;Vharat;Amalie.Vharat@gmail.com;doctor
5406;Kayla;Land;Kayla.Land@gmail.com;firefighter
5407;Carmela;Infield;Carmela.Infield@gmail.com;worker
5408;Halette;Sallyann;Halette.Sallyann@gmail.com;firefighter
5409;Edee;Mich;Edee.Mich@gmail.com;developer
5410;Heddie;Center;Heddie.Center@gmail.com;police officer
5411;Marylou;Fairweather;Marylou.Fairweather@gmail.com;police officer
5412;Luci;Ferino;Luci.Ferino@gmail.com;doctor
5413;Phylis;Skurnik;Phylis.Skurnik@gmail.com;developer
5414;Blake;Schenck;Blake.Schenck@gmail.com;developer
5415;Melina;Read;Melina.Read@gmail.com;firefighter
5416;Kristan;Prober;Kristan.Prober@gmail.com;developer
5417;Renie;Janene;Renie.Janene@gmail.com;firefighter
5418;Brooks;Palocz;Brooks.Palocz@gmail.com;developer
5419;Tori;Buckler;Tori.Buckler@gmail.com;firefighter
5420;Vanessa;Odell;Vanessa.Odell@gmail.com;doctor
5421;Max;Kaja;Max.Kaja@gmail.com;worker
5422;Ronna;Chobot;Ronna.Chobot@gmail.com;doctor
5423;Sallie;Kazimir;Sallie.Kazimir@gmail.com;worker
5424;Fanchon;Gladstone;Fanchon.Gladstone@gmail.com;firefighter
5425;Camile;Delila;Camile.Delila@gmail.com;worker
5426;Pearline;Hepsibah;Pearline.Hepsibah@gmail.com;developer
5427;Sarette;Goldina;Sarette.Goldina@gmail.com;worker
5428;Sissy;Pond;Sissy.Pond@gmail.com;developer
5429;Etta;Kendrick;Etta.Kendrick@gmail.com;developer
5430;Rochette;August;Rochette.August@gmail.com;firefighter
5431;Kaja;Sallyann;Kaja.Sallyann@gmail.com;doctor
5432;Arabel;Wallis;Arabel.Wallis@gmail.com;developer
5433;Stacey;Roche;Stacey.Roche@gmail.com;worker
5434;Helsa;Longfellow;Helsa.Longfellow@gmail.com;developer
5435;Netty;Cimbura;Netty.Cimbura@gmail.com;developer
5436;Ariela;Leonard;Ariela.Leonard@gmail.com;police officer
5437;Sharlene;Jary;Sharlene.Jary@gmail.com;worker
5438;Edyth;Larochelle;Edyth.Larochelle@gmail.com;worker
5439;Zondra;Grobe;Zondra.Grobe@gmail.com;firefighter
5440;Rori;Narton;Rori.Narton@gmail.com;police officer
5441;Janis;Sheng;Janis.Sheng@gmail.com;doctor
5442;Teriann;Wadell;Teriann.Wadell@gmail.com;doctor
5443;Antonietta;Faria;Antonietta.Faria@gmail.com;police officer
5444;Sadie;Gale;Sadie.Gale@gmail.com;police officer
5445;Dianemarie;Emmaline;Dianemarie.Emmaline@gmail.com;police officer
5446;Kary;Zuzana;Kary.Zuzana@gmail.com;police officer
5447;Ileana;Maisey;Ileana.Maisey@gmail.com;developer
5448;Marline;Helve;Marline.Helve@gmail.com;firefighter
5449;Alisha;Ariella;Alisha.Ariella@gmail.com;developer
5450;Lita;Mata;Lita.Mata@gmail.com;worker
5451;Kellen;Damarra;Kellen.Damarra@gmail.com;police officer
5452;Carmencita;Eldrid;Carmencita.Eldrid@gmail.com;doctor
5453;Michaelina;Ferino;Michaelina.Ferino@gmail.com;firefighter
5454;Ileana;Alrich;Ileana.Alrich@gmail.com;police officer
5455;Ermengarde;Bettine;Ermengarde.Bettine@gmail.com;doctor
5456;Augustine;Vernier;Augustine.Vernier@gmail.com;police officer
5457;Kittie;Flita;Kittie.Flita@gmail.com;firefighter
5458;Thalia;Gabrielli;Thalia.Gabrielli@gmail.com;developer
5459;Mamie;Prober;Mamie.Prober@gmail.com;doctor
5460;Lory;Romelda;Lory.Romelda@gmail.com;doctor
5461;Micheline;Schonfeld;Micheline.Schonfeld@gmail.com;developer
5462;Sallie;Isacco;Sallie.Isacco@gmail.com;worker
5463;Reeba;Talia;Reeba.Talia@gmail.com;firefighter
5464;Gratia;Gaspard;Gratia.Gaspard@gmail.com;doctor
5465;Sharlene;Leonard;Sharlene.Leonard@gmail.com;firefighter
5466;Fidelia;Grobe;Fidelia.Grobe@gmail.com;worker
5467;Lizzie;Brady;Lizzie.Brady@gmail.com;police officer
5468;Blondelle;Ovid;Blondelle.Ovid@gmail.com;doctor
5469;Vita;Ivens;Vita.Ivens@gmail.com;police officer
5470;Kalina;Janith;Kalina.Janith@gmail.com;worker
5471;Quintina;Mike;Quintina.Mike@gmail.com;police officer
5472;Belva;Serilda;Belva.Serilda@gmail.com;worker
5473;Romona;Faust;Romona.Faust@gmail.com;worker
5474;Violet;Mayeda;Violet.Mayeda@gmail.com;doctor
5475;Doro;Hylan;Doro.Hylan@gmail.com;firefighter
5476;Edith;Girardo;Edith.Girardo@gmail.com;police officer
5477;Violet;Bobbee;Violet.Bobbee@gmail.com;doctor
5478;Regina;Cleavland;Regina.Cleavland@gmail.com;police officer
5479;Nonnah;Francene;Nonnah.Francene@gmail.com;police officer
5480;Chrystel;Girardo;Chrystel.Girardo@gmail.com;doctor
5481;Maridel;Iiette;Maridel.Iiette@gmail.com;police officer
5482;Anthia;Christine;Anthia.Christine@gmail.com;firefighter
5483;Merle;Fulmer;Merle.Fulmer@gmail.com;worker
5484;Veda;Neils;Veda.Neils@gmail.com;police officer
5485;Philis;Wiener;Philis.Wiener@gmail.com;police officer
5486;Kathy;Gwenore;Kathy.Gwenore@gmail.com;police officer
5487;Monika;Lauraine;Monika.Lauraine@gmail.com;police officer
5488;Cassondra;Cristi;Cassondra.Cristi@gmail.com;doctor
5489;Wilma;Dielu;Wilma.Dielu@gmail.com;developer
5490;Marylou;Ellerey;Marylou.Ellerey@gmail.com;developer
5491;Corene;Voletta;Corene.Voletta@gmail.com;worker
5492;Mariele;Couture;Mariele.Couture@gmail.com;firefighter
5493;Viviene;Delp;Viviene.Delp@gmail.com;police officer
5494;Genevra;Ball;Genevra.Ball@gmail.com;worker
5495;Alexine;Hirsch;Alexine.Hirsch@gmail.com;firefighter
5496;Linzy;Milson;Linzy.Milson@gmail.com;developer
5497;Rosanne;Diann;Rosanne.Diann@gmail.com;worker
5498;Cristine;Ajay;Cristine.Ajay@gmail.com;firefighter
5499;Winifred;Klemperer;Winifred.Klemperer@gmail.com;developer
5500;Gabriellia;Dulciana;Gabriellia.Dulciana@gmail.com;doctor
5501;Vinita;Juan;Vinita.Juan@gmail.com;developer
5502;Elena;Andrel;Elena.Andrel@gmail.com;firefighter
5503;Gwenneth;Israeli;Gwenneth.Israeli@gmail.com;firefighter
5504;Renae;Lumbard;Renae.Lumbard@gmail.com;firefighter
5505;Mamie;Tengdin;Mamie.Tengdin@gmail.com;doctor
5506;Dorthy;Maribeth;Dorthy.Maribeth@gmail.com;worker
5507;Mureil;Bach;Mureil.Bach@gmail.com;firefighter
5508;Kristan;Iaverne;Kristan.Iaverne@gmail.com;firefighter
5509;Amelia;Nelsen;Amelia.Nelsen@gmail.com;firefighter
5510;Ernesta;Blisse;Ernesta.Blisse@gmail.com;developer
5511;Theodora;Cosenza;Theodora.Cosenza@gmail.com;worker
5512;Sheelagh;Marlie;Sheelagh.Marlie@gmail.com;developer
5513;Ivett;Sacken;Ivett.Sacken@gmail.com;doctor
5514;Gloria;Bendick;Gloria.Bendick@gmail.com;doctor
5515;Agnese;Schlosser;Agnese.Schlosser@gmail.com;doctor
5516;Ernesta;Quent;Ernesta.Quent@gmail.com;worker
5517;Roxane;Ezar;Roxane.Ezar@gmail.com;worker
5518;Jorry;Luhe;Jorry.Luhe@gmail.com;developer
5519;Beverley;Regan;Beverley.Regan@gmail.com;worker
5520;Codie;Alarise;Codie.Alarise@gmail.com;worker
5521;Kassey;Rogerio;Kassey.Rogerio@gmail.com;developer
5522;Mignon;Arvo;Mignon.Arvo@gmail.com;firefighter
5523;Sallie;Shields;Sallie.Shields@gmail.com;doctor
5524;Catharine;Ricarda;Catharine.Ricarda@gmail.com;firefighter
5525;Amara;Norvol;Amara.Norvol@gmail.com;worker
5526;Catharine;MacIntosh;Catharine.MacIntosh@gmail.com;police officer
5527;Katharina;Pip;Katharina.Pip@gmail.com;firefighter
5528;Britte;Roumell;Britte.Roumell@gmail.com;doctor
5529;Ariela;Vharat;Ariela.Vharat@gmail.com;worker
5530;Renie;Lubin;Renie.Lubin@gmail.com;worker
5531;Dania;Tacye;Dania.Tacye@gmail.com;police officer
5532;Blondelle;Justinn;Blondelle.Justinn@gmail.com;police officer
5533;Marinna;Madaih;Marinna.Madaih@gmail.com;developer
5534;Tina;Shields;Tina.Shields@gmail.com;doctor
5535;Barbara;Katrine;Barbara.Katrine@gmail.com;firefighter
5536;Courtnay;Jethro;Courtnay.Jethro@gmail.com;firefighter
5537;Tami;Dahlia;Tami.Dahlia@gmail.com;firefighter
5538;June;Nance;June.Nance@gmail.com;firefighter
5539;June;Blisse;June.Blisse@gmail.com;firefighter
5540;Jean;Amadas;Jean.Amadas@gmail.com;worker
5541;Vevay;Buckler;Vevay.Buckler@gmail.com;police officer
5542;Devina;Pettiford;Devina.Pettiford@gmail.com;worker
5543;Michaelina;Gillan;Michaelina.Gillan@gmail.com;doctor
5544;Gabriellia;Huggins;Gabriellia.Huggins@gmail.com;firefighter
5545;Patricia;Birdella;Patricia.Birdella@gmail.com;worker
5546;Meg;Tatianas;Meg.Tatianas@gmail.com;worker
5547;Marjie;Dreda;Marjie.Dreda@gmail.com;doctor
5548;Kimberley;McClimans;Kimberley.McClimans@gmail.com;doctor
5549;Angelique;Rosalba;Angelique.Rosalba@gmail.com;developer
5550;Starla;Fairweather;Starla.Fairweather@gmail.com;worker
5551;Frances;Roche;Frances.Roche@gmail.com;firefighter
5552;Lila;Raychel;Lila.Raychel@gmail.com;doctor
5553;Evita;Bari;Evita.Bari@gmail.com;firefighter
5554;Lesly;Suzetta;Lesly.Suzetta@gmail.com;firefighter
5555;Paule;Darbie;Paule.Darbie@gmail.com;doctor
5556;Ekaterina;Anestassia;Ekaterina.Anestassia@gmail.com;doctor
5557;Fawne;Destinee;Fawne.Destinee@gmail.com;developer
5558;Wilma;Birdella;Wilma.Birdella@gmail.com;worker
5559;Kathi;Adlare;Kathi.Adlare@gmail.com;developer
5560;Taffy;Laverne;Taffy.Laverne@gmail.com;worker
5561;Andeee;Pauly;Andeee.Pauly@gmail.com;worker
5562;Lucille;Forrer;Lucille.Forrer@gmail.com;developer
5563;Ernesta;Nunci;Ernesta.Nunci@gmail.com;developer
5564;Rori;Richers;Rori.Richers@gmail.com;doctor
5565;Brietta;Peti;Brietta.Peti@gmail.com;developer
5566;Celisse;Alabaster;Celisse.Alabaster@gmail.com;worker
5567;Ardys;Stacy;Ardys.Stacy@gmail.com;doctor
5568;Carlie;Ranjiv;Carlie.Ranjiv@gmail.com;worker
5569;Dania;Hepsibah;Dania.Hepsibah@gmail.com;firefighter
5570;Jasmina;Decato;Jasmina.Decato@gmail.com;developer
5571;Dawn;Codding;Dawn.Codding@gmail.com;firefighter
5572;Donetta;Allina;Donetta.Allina@gmail.com;doctor
5573;Teddie;Aldric;Teddie.Aldric@gmail.com;doctor
5574;Peri;Alarise;Peri.Alarise@gmail.com;police officer
5575;Melisent;Maurine;Melisent.Maurine@gmail.com;firefighter
5576;Dagmar;Korey;Dagmar.Korey@gmail.com;police officer
5577;Myrtice;Kimmie;Myrtice.Kimmie@gmail.com;worker
5578;Vivia;Iphlgenia;Vivia.Iphlgenia@gmail.com;worker
5579;Arlina;Nunci;Arlina.Nunci@gmail.com;worker
5580;Mahalia;Bibi;Mahalia.Bibi@gmail.com;police officer
5581;Lisette;Brandice;Lisette.Brandice@gmail.com;developer
5582;Frank;Fredi;Frank.Fredi@gmail.com;firefighter
5583;Frances;Madox;Frances.Madox@gmail.com;firefighter
5584;Meghann;Ariella;Meghann.Ariella@gmail.com;doctor
5585;Mariele;Goth;Mariele.Goth@gmail.com;developer
5586;Janey;Ilka;Janey.Ilka@gmail.com;worker
5587;Allyce;Glenden;Allyce.Glenden@gmail.com;doctor
5588;Steffane;Lubin;Steffane.Lubin@gmail.com;developer
5589;Sandie;Irmine;Sandie.Irmine@gmail.com;police officer
5590;Jolyn;Turne;Jolyn.Turne@gmail.com;police officer
5591;Liana;Ball;Liana.Ball@gmail.com;police officer
5592;Christian;Carey;Christian.Carey@gmail.com;police officer
5593;Charlena;Jarib;Charlena.Jarib@gmail.com;worker
5594;Chloris;Mitzi;Chloris.Mitzi@gmail.com;developer
5595;Aurelie;Bigner;Aurelie.Bigner@gmail.com;worker
5596;Doralynne;Faust;Doralynne.Faust@gmail.com;firefighter
5597;Katharina;Belanger;Katharina.Belanger@gmail.com;doctor
5598;Priscilla;Longfellow;Priscilla.Longfellow@gmail.com;firefighter
5599;Albertina;Jethro;Albertina.Jethro@gmail.com;worker
5600;Sheelagh;Behre;Sheelagh.Behre@gmail.com;police officer
5601;Robbi;Havens;Robbi.Havens@gmail.com;worker
5602;Rhoda;Rurik;Rhoda.Rurik@gmail.com;worker
5603;Joceline;Damarra;Joceline.Damarra@gmail.com;developer
5604;Danny;Borrell;Danny.Borrell@gmail.com;firefighter
5605;Ira;Justinn;Ira.Justinn@gmail.com;firefighter
5606;Babita;Joeann;Babita.Joeann@gmail.com;developer
5607;Bill;Campball;Bill.Campball@gmail.com;worker
5608;Sharai;Kamaria;Sharai.Kamaria@gmail.com;developer
5609;Cathie;Hoban;Cathie.Hoban@gmail.com;firefighter
5610;Tobe;Jary;Tobe.Jary@gmail.com;doctor
5611;Rubie;Zeeba;Rubie.Zeeba@gmail.com;worker
5612;Abbie;Waldron;Abbie.Waldron@gmail.com;doctor
5613;Darlleen;Autrey;Darlleen.Autrey@gmail.com;worker
5614;Lorne;Fleeta;Lorne.Fleeta@gmail.com;doctor
5615;Jennica;Lowry;Jennica.Lowry@gmail.com;firefighter
5616;Farrah;Maribeth;Farrah.Maribeth@gmail.com;developer
5617;Alleen;Kesley;Alleen.Kesley@gmail.com;developer
5618;Corly;Arathorn;Corly.Arathorn@gmail.com;police officer
5619;Cissiee;Lamoree;Cissiee.Lamoree@gmail.com;firefighter
5620;Selma;Karylin;Selma.Karylin@gmail.com;developer
5621;Aubrie;Taam;Aubrie.Taam@gmail.com;firefighter
5622;Marguerite;Levey;Marguerite.Levey@gmail.com;doctor
5623;Tamqrah;Goerke;Tamqrah.Goerke@gmail.com;developer
5624;Aaren;Lesley;Aaren.Lesley@gmail.com;developer
5625;Joeann;Eldrid;Joeann.Eldrid@gmail.com;worker
5626;Consuela;Waldron;Consuela.Waldron@gmail.com;firefighter
5627;Paola;Adamsen;Paola.Adamsen@gmail.com;worker
5628;Shauna;Merell;Shauna.Merell@gmail.com;developer
5629;Leanna;Beebe;Leanna.Beebe@gmail.com;police officer
5630;Rosaline;Ashely;Rosaline.Ashely@gmail.com;worker
5631;Ayn;Gordon;Ayn.Gordon@gmail.com;police officer
5632;Ingrid;Sinegold;Ingrid.Sinegold@gmail.com;firefighter
5633;Jacquetta;Robertson;Jacquetta.Robertson@gmail.com;worker
5634;Edee;Billye;Edee.Billye@gmail.com;firefighter
5635;Ricky;Mendez;Ricky.Mendez@gmail.com;doctor
5636;Laure;Malina;Laure.Malina@gmail.com;doctor
5637;Gwyneth;Janith;Gwyneth.Janith@gmail.com;firefighter
5638;Ermengarde;Wadell;Ermengarde.Wadell@gmail.com;police officer
5639;Delilah;Dreda;Delilah.Dreda@gmail.com;firefighter
5640;Jere;Erminia;Jere.Erminia@gmail.com;worker
5641;Robinia;Koehler;Robinia.Koehler@gmail.com;developer
5642;Ellette;Nicoline;Ellette.Nicoline@gmail.com;firefighter
5643;Keelia;Newell;Keelia.Newell@gmail.com;firefighter
5644;Adore;Yerkovich;Adore.Yerkovich@gmail.com;developer
5645;Dorothy;Ricki;Dorothy.Ricki@gmail.com;doctor
5646;Ingrid;Devlen;Ingrid.Devlen@gmail.com;worker
5647;Dagmar;Drisko;Dagmar.Drisko@gmail.com;worker
5648;Esmeralda;Daniele;Esmeralda.Daniele@gmail.com;police officer
5649;Raina;Guildroy;Raina.Guildroy@gmail.com;worker
5650;Halette;Jacinda;Halette.Jacinda@gmail.com;doctor
5651;Kial;Kenwood;Kial.Kenwood@gmail.com;firefighter
5652;Kimmy;Ortrude;Kimmy.Ortrude@gmail.com;developer
5653;Krystle;Annice;Krystle.Annice@gmail.com;doctor
5654;Alleen;Alice;Alleen.Alice@gmail.com;police officer
5655;Merle;Eugenia;Merle.Eugenia@gmail.com;developer
5656;Mara;Tacye;Mara.Tacye@gmail.com;police officer
5657;Gilda;Pattin;Gilda.Pattin@gmail.com;worker
5658;Dotty;Raama;Dotty.Raama@gmail.com;developer
5659;Nananne;Diann;Nananne.Diann@gmail.com;firefighter
5660;Lisette;Dorcy;Lisette.Dorcy@gmail.com;police officer
5661;Mariele;Nicoline;Mariele.Nicoline@gmail.com;worker
5662;Leia;Lanita;Leia.Lanita@gmail.com;firefighter
5663;Bertine;Philipp;Bertine.Philipp@gmail.com;doctor
5664;Atlanta;Adore;Atlanta.Adore@gmail.com;worker
5665;Ira;Jacinda;Ira.Jacinda@gmail.com;firefighter
5666;Luci;Lenny;Luci.Lenny@gmail.com;developer
5667;Jorry;Chobot;Jorry.Chobot@gmail.com;developer
5668;Caritta;Ethban;Caritta.Ethban@gmail.com;police officer
5669;Talya;Mike;Talya.Mike@gmail.com;police officer
5670;Angelique;Septima;Angelique.Septima@gmail.com;police officer
5671;Kellen;Brian;Kellen.Brian@gmail.com;doctor
5672;Anestassia;Whiffen;Anestassia.Whiffen@gmail.com;developer
5673;Codie;Ariella;Codie.Ariella@gmail.com;firefighter
5674;Maryellen;Bates;Maryellen.Bates@gmail.com;firefighter
5675;Augustine;Imelida;Augustine.Imelida@gmail.com;firefighter
5676;Xylina;Romelda;Xylina.Romelda@gmail.com;firefighter
5677;Jennica;Allina;Jennica.Allina@gmail.com;police officer
5678;Ezmeralda;Leler;Ezmeralda.Leler@gmail.com;worker
5679;Emilia;Jaylene;Emilia.Jaylene@gmail.com;firefighter
5680;Alejandra;Anselmi;Alejandra.Anselmi@gmail.com;developer
5681;Wileen;Brandice;Wileen.Brandice@gmail.com;developer
5682;Merle;Magnolia;Merle.Magnolia@gmail.com;doctor
5683;Daune;Hutchison;Daune.Hutchison@gmail.com;doctor
5684;Lacie;Simmonds;Lacie.Simmonds@gmail.com;doctor
5685;Desirae;Seumas;Desirae.Seumas@gmail.com;police officer
5686;Felice;Shields;Felice.Shields@gmail.com;firefighter
5687;Roxane;Yorick;Roxane.Yorick@gmail.com;developer
5688;Wilma;Hathaway;Wilma.Hathaway@gmail.com;police officer
5689;Ariela;Sallyann;Ariela.Sallyann@gmail.com;developer
5690;Loree;Maroney;Loree.Maroney@gmail.com;police officer
5691;Abbie;Luhe;Abbie.Luhe@gmail.com;worker
5692;Hettie;Medrek;Hettie.Medrek@gmail.com;doctor
5693;Wilma;Uird;Wilma.Uird@gmail.com;firefighter
5694;Teddie;Ezar;Teddie.Ezar@gmail.com;worker
5695;Tomasina;Buckler;Tomasina.Buckler@gmail.com;firefighter
5696;Darlleen;Sigfrid;Darlleen.Sigfrid@gmail.com;worker
5697;Therine;Nikaniki;Therine.Nikaniki@gmail.com;developer
5698;Addia;Abram;Addia.Abram@gmail.com;firefighter
5699;Beth;Nahum;Beth.Nahum@gmail.com;firefighter
5700;Aeriela;Birdella;Aeriela.Birdella@gmail.com;developer
5701;Babita;Heidt;Babita.Heidt@gmail.com;police officer
5702;Kimmy;Land;Kimmy.Land@gmail.com;worker
5703;Kathy;Erlandson;Kathy.Erlandson@gmail.com;police officer
5704;Glenda;Cristi;Glenda.Cristi@gmail.com;firefighter
5705;Ashlee;Carey;Ashlee.Carey@gmail.com;doctor
5706;Camile;Santoro;Camile.Santoro@gmail.com;developer
5707;Caryl;Raul;Caryl.Raul@gmail.com;police officer
5708;Genovera;Strephon;Genovera.Strephon@gmail.com;developer
5709;Annecorinne;Levey;Annecorinne.Levey@gmail.com;police officer
5710;Cassandra;Flyn;Cassandra.Flyn@gmail.com;firefighter
5711;Carmela;Dowski;Carmela.Dowski@gmail.com;developer
5712;Katharina;Gamaliel;Katharina.Gamaliel@gmail.com;developer
5713;Siana;Niles;Siana.Niles@gmail.com;police officer
5714;Fanny;Lacombe;Fanny.Lacombe@gmail.com;developer
5715;Louella;Anderea;Louella.Anderea@gmail.com;doctor
5716;Rosanne;Hewitt;Rosanne.Hewitt@gmail.com;doctor
5717;Cassandra;Zaslow;Cassandra.Zaslow@gmail.com;worker
5718;Penelopa;Destinee;Penelopa.Destinee@gmail.com;developer
5719;Lauryn;Gusella;Lauryn.Gusella@gmail.com;firefighter
5720;Calla;Kellby;Calla.Kellby@gmail.com;police officer
5721;Beth;Turne;Beth.Turne@gmail.com;developer
5722;Karena;Marisa;Karena.Marisa@gmail.com;doctor
5723;Constance;Tjon;Constance.Tjon@gmail.com;doctor
5724;Christy;Belldas;Christy.Belldas@gmail.com;firefighter
5725;Alie;Fairweather;Alie.Fairweather@gmail.com;police officer
5726;Lucille;Elvyn;Lucille.Elvyn@gmail.com;worker
5727;Annice;Cherianne;Annice.Cherianne@gmail.com;developer
5728;Renae;Narton;Renae.Narton@gmail.com;doctor
5729;Kayla;Serilda;Kayla.Serilda@gmail.com;doctor
5730;Adele;Goerke;Adele.Goerke@gmail.com;doctor
5731;Elka;Shirberg;Elka.Shirberg@gmail.com;doctor
5732;Mireielle;Lorenz;Mireielle.Lorenz@gmail.com;doctor
5733;Zsa Zsa;Carey;Zsa Zsa.Carey@gmail.com;developer
5734;Hayley;Weinreb;Hayley.Weinreb@gmail.com;doctor
5735;Letizia;Carey;Letizia.Carey@gmail.com;developer
5736;Verla;Medrek;Verla.Medrek@gmail.com;developer
5737;Zondra;Prouty;Zondra.Prouty@gmail.com;doctor
5738;Ezmeralda;Codding;Ezmeralda.Codding@gmail.com;doctor
5739;Selma;Erich;Selma.Erich@gmail.com;doctor
5740;Fayre;Mozelle;Fayre.Mozelle@gmail.com;police officer
5741;Helsa;Olin;Helsa.Olin@gmail.com;doctor
5742;Alexine;Lalitta;Alexine.Lalitta@gmail.com;developer
5743;Robbi;Freddi;Robbi.Freddi@gmail.com;police officer
5744;Cristabel;Presber;Cristabel.Presber@gmail.com;worker
5745;Shandie;Sisile;Shandie.Sisile@gmail.com;doctor
5746;Tina;Izaak;Tina.Izaak@gmail.com;police officer
5747;Jessamyn;Merell;Jessamyn.Merell@gmail.com;developer
5748;Gavrielle;Anastatius;Gavrielle.Anastatius@gmail.com;firefighter
5749;Rhea;Annabella;Rhea.Annabella@gmail.com;doctor
5750;Ruthe;Arne;Ruthe.Arne@gmail.com;doctor
5751;Dari;Wandie;Dari.Wandie@gmail.com;firefighter
5752;Delilah;Mitzi;Delilah.Mitzi@gmail.com;firefighter
5753;Willetta;Ramona;Willetta.Ramona@gmail.com;doctor
5754;Goldie;Joni;Goldie.Joni@gmail.com;worker
5755;Jorry;Cristi;Jorry.Cristi@gmail.com;police officer
5756;Mary;Haerr;Mary.Haerr@gmail.com;developer
5757;Clo;O'Neill;Clo.O'Neill@gmail.com;developer
5758;Eve;Dyche;Eve.Dyche@gmail.com;worker
5759;Carree;Pearse;Carree.Pearse@gmail.com;firefighter
5760;Jeanna;Regan;Jeanna.Regan@gmail.com;police officer
5761;Roberta;Francyne;Roberta.Francyne@gmail.com;developer
5762;Tracey;Blase;Tracey.Blase@gmail.com;firefighter
5763;Kial;Schenck;Kial.Schenck@gmail.com;firefighter
5764;Mellicent;Ax;Mellicent.Ax@gmail.com;doctor
5765;Shandie;Hachmin;Shandie.Hachmin@gmail.com;police officer
5766;Rosene;Tillford;Rosene.Tillford@gmail.com;doctor
5767;Philis;Tomasina;Philis.Tomasina@gmail.com;firefighter
5768;Evaleen;Bendick;Evaleen.Bendick@gmail.com;doctor
5769;Cathie;Shields;Cathie.Shields@gmail.com;developer
5770;Angela;Gilmour;Angela.Gilmour@gmail.com;worker
5771;Celene;Mitzi;Celene.Mitzi@gmail.com;police officer
5772;Sibella;Rodmann;Sibella.Rodmann@gmail.com;police officer
5773;Kore;Slifka;Kore.Slifka@gmail.com;doctor
5774;Tiffie;Nunci;Tiffie.Nunci@gmail.com;firefighter
5775;Ann-Marie;Yusuk;Ann-Marie.Yusuk@gmail.com;doctor
5776;Lynde;Dowski;Lynde.Dowski@gmail.com;worker
5777;Micheline;Haldas;Micheline.Haldas@gmail.com;doctor
5778;Asia;Trinetta;Asia.Trinetta@gmail.com;developer
5779;Jessy;Donoghue;Jessy.Donoghue@gmail.com;doctor
5780;Paola;Gaal;Paola.Gaal@gmail.com;firefighter
5781;Goldie;Garlinda;Goldie.Garlinda@gmail.com;firefighter
5782;Rosanne;Han;Rosanne.Han@gmail.com;police officer
5783;Thalia;Kat;Thalia.Kat@gmail.com;worker
5784;Brana;Oster;Brana.Oster@gmail.com;doctor
5785;Sindee;Zetta;Sindee.Zetta@gmail.com;police officer
5786;Nariko;Hathaway;Nariko.Hathaway@gmail.com;worker
5787;Charissa;Lowry;Charissa.Lowry@gmail.com;developer
5788;Georgetta;Latini;Georgetta.Latini@gmail.com;worker
5789;Di;Elisha;Di.Elisha@gmail.com;firefighter
5790;Adelle;Gemini;Adelle.Gemini@gmail.com;developer
5791;Benita;Marden;Benita.Marden@gmail.com;police officer
5792;Concettina;Berriman;Concettina.Berriman@gmail.com;developer
5793;Dyann;Fulmer;Dyann.Fulmer@gmail.com;firefighter
5794;Frances;Edison;Frances.Edison@gmail.com;doctor
5795;Henriette;Erb;Henriette.Erb@gmail.com;police officer
5796;Lenna;Suanne;Lenna.Suanne@gmail.com;police officer
5797;Kathi;Arley;Kathi.Arley@gmail.com;developer
5798;Marguerite;Brieta;Marguerite.Brieta@gmail.com;worker
5799;Cristine;Callista;Cristine.Callista@gmail.com;police officer
5800;Theodora;Evangelia;Theodora.Evangelia@gmail.com;developer
5801;Lenna;Bobbee;Lenna.Bobbee@gmail.com;firefighter
5802;Barbi;Lipson;Barbi.Lipson@gmail.com;doctor
5803;Katleen;Delacourt;Katleen.Delacourt@gmail.com;firefighter
5804;Marjie;Hutchison;Marjie.Hutchison@gmail.com;developer
5805;Carly;Amand;Carly.Amand@gmail.com;doctor
5806;Lita;Whiffen;Lita.Whiffen@gmail.com;worker
5807;Ardenia;Gilmour;Ardenia.Gilmour@gmail.com;firefighter
5808;Alameda;Frodi;Alameda.Frodi@gmail.com;developer
5809;Wanda;Kimmie;Wanda.Kimmie@gmail.com;worker
5810;Nananne;Bollay;Nananne.Bollay@gmail.com;firefighter
5811;Zia;Sparhawk;Zia.Sparhawk@gmail.com;worker
5812;Lorenza;Elisha;Lorenza.Elisha@gmail.com;worker
5813;Kathi;Colleen;Kathi.Colleen@gmail.com;firefighter
5814;Noelle;Egbert;Noelle.Egbert@gmail.com;developer
5815;Arlina;Erich;Arlina.Erich@gmail.com;doctor
5816;Sean;Hull;Sean.Hull@gmail.com;worker
5817;Ayn;Kellby;Ayn.Kellby@gmail.com;worker
5818;Antonietta;Silvan;Antonietta.Silvan@gmail.com;developer
5819;Elbertina;Lowry;Elbertina.Lowry@gmail.com;developer
5820;Maud;Teryn;Maud.Teryn@gmail.com;developer
5821;Gianina;Vastah;Gianina.Vastah@gmail.com;police officer
5822;Jany;Kesley;Jany.Kesley@gmail.com;police officer
5823;Lorenza;Sandye;Lorenza.Sandye@gmail.com;police officer
5824;Shel;Darbie;Shel.Darbie@gmail.com;police officer
5825;Jackie;Hoenack;Jackie.Hoenack@gmail.com;worker
5826;Audrie;Allys;Audrie.Allys@gmail.com;firefighter
5827;Wileen;Merat;Wileen.Merat@gmail.com;worker
5828;Marcelline;Friede;Marcelline.Friede@gmail.com;police officer
5829;Cam;Hartnett;Cam.Hartnett@gmail.com;worker
5830;Korrie;Morehouse;Korrie.Morehouse@gmail.com;developer
5831;Marguerite;Kalinda;Marguerite.Kalinda@gmail.com;firefighter
5832;Pollyanna;Hertzfeld;Pollyanna.Hertzfeld@gmail.com;doctor
5833;Patricia;Daveta;Patricia.Daveta@gmail.com;police officer
5834;Roseline;Connelly;Roseline.Connelly@gmail.com;firefighter
5835;Evita;Daniele;Evita.Daniele@gmail.com;firefighter
5836;Yvonne;Rona;Yvonne.Rona@gmail.com;police officer
5837;Consuela;Alcott;Consuela.Alcott@gmail.com;firefighter
5838;Hermione;Israeli;Hermione.Israeli@gmail.com;police officer
5839;Charlena;Corilla;Charlena.Corilla@gmail.com;developer
5840;Augustine;Jobi;Augustine.Jobi@gmail.com;firefighter
5841;Winifred;Fiann;Winifred.Fiann@gmail.com;firefighter
5842;Oona;Jillane;Oona.Jillane@gmail.com;developer
5843;Kylynn;Helfand;Kylynn.Helfand@gmail.com;developer
5844;Janey;Marsden;Janey.Marsden@gmail.com;police officer
5845;Joceline;Killigrew;Joceline.Killigrew@gmail.com;firefighter
5846;Pamella;Brunell;Pamella.Brunell@gmail.com;developer
5847;Heddie;Gaulin;Heddie.Gaulin@gmail.com;police officer
5848;Charmaine;Narton;Charmaine.Narton@gmail.com;worker
5849;Anestassia;Shaver;Anestassia.Shaver@gmail.com;doctor
5850;Nollie;Harl;Nollie.Harl@gmail.com;developer
5851;Constance;Casimir;Constance.Casimir@gmail.com;developer
5852;Brooks;Gilbertson;Brooks.Gilbertson@gmail.com;police officer
5853;Georgetta;Decato;Georgetta.Decato@gmail.com;firefighter
5854;Beth;Rillings;Beth.Rillings@gmail.com;worker
5855;Marjie;Serilda;Marjie.Serilda@gmail.com;firefighter
5856;Gwyneth;Morehouse;Gwyneth.Morehouse@gmail.com;police officer
5857;Ricky;Amasa;Ricky.Amasa@gmail.com;developer
5858;Mahalia;Zitvaa;Mahalia.Zitvaa@gmail.com;developer
5859;Renae;Ethban;Renae.Ethban@gmail.com;firefighter
5860;Dede;Zuzana;Dede.Zuzana@gmail.com;doctor
5861;Gabriellia;Vittoria;Gabriellia.Vittoria@gmail.com;firefighter
5862;Pearline;Georas;Pearline.Georas@gmail.com;worker
5863;Therine;Destinee;Therine.Destinee@gmail.com;police officer
5864;Emmey;Emerson;Emmey.Emerson@gmail.com;developer
5865;Minne;Gert;Minne.Gert@gmail.com;doctor
5866;Addia;Haldas;Addia.Haldas@gmail.com;doctor
5867;Lorie;Karna;Lorie.Karna@gmail.com;doctor
5868;Livvyy;Carleen;Livvyy.Carleen@gmail.com;worker
5869;Noelle;Auberbach;Noelle.Auberbach@gmail.com;worker
5870;Lacie;Standing;Lacie.Standing@gmail.com;doctor
5871;Fanchon;Morgun;Fanchon.Morgun@gmail.com;police officer
5872;Lynde;Couture;Lynde.Couture@gmail.com;worker
5873;Teriann;Goth;Teriann.Goth@gmail.com;firefighter
5874;June;Gregrory;June.Gregrory@gmail.com;police officer
5875;Desirae;Peti;Desirae.Peti@gmail.com;worker
5876;Teriann;Fiester;Teriann.Fiester@gmail.com;developer
5877;Darlleen;Elsinore;Darlleen.Elsinore@gmail.com;worker
5878;Cassondra;Rheingold;Cassondra.Rheingold@gmail.com;worker
5879;Mureil;Bettine;Mureil.Bettine@gmail.com;worker
5880;Sidoney;Sothena;Sidoney.Sothena@gmail.com;developer
5881;Drucie;Wu;Drucie.Wu@gmail.com;worker
5882;Silvana;Durante;Silvana.Durante@gmail.com;doctor
5883;Rani;Poppy;Rani.Poppy@gmail.com;police officer
5884;Claresta;Podvin;Claresta.Podvin@gmail.com;worker
5885;Leia;Georgy;Leia.Georgy@gmail.com;police officer
5886;Ariela;Malina;Ariela.Malina@gmail.com;doctor
5887;Mariann;Lorenz;Mariann.Lorenz@gmail.com;developer
5888;Riannon;Kirstin;Riannon.Kirstin@gmail.com;firefighter
5889;Carlie;Ralfston;Carlie.Ralfston@gmail.com;doctor
5890;Kathy;Thad;Kathy.Thad@gmail.com;doctor
5891;Carree;Lytton;Carree.Lytton@gmail.com;firefighter
5892;Gabi;Merell;Gabi.Merell@gmail.com;police officer
5893;Valeda;Abernon;Valeda.Abernon@gmail.com;doctor
5894;Jaclyn;Terrence;Jaclyn.Terrence@gmail.com;developer
5895;Bibby;Martsen;Bibby.Martsen@gmail.com;doctor
5896;Lenna;Lipson;Lenna.Lipson@gmail.com;police officer
5897;Ezmeralda;Lamoree;Ezmeralda.Lamoree@gmail.com;worker
5898;Joane;Stilwell;Joane.Stilwell@gmail.com;developer
5899;Wynne;Scammon;Wynne.Scammon@gmail.com;doctor
5900;Gertrud;Peg;Gertrud.Peg@gmail.com;doctor
5901;Kimberley;Orlene;Kimberley.Orlene@gmail.com;police officer
5902;Linzy;Papageno;Linzy.Papageno@gmail.com;developer
5903;Alleen;Waldron;Alleen.Waldron@gmail.com;police officer
5904;Lesly;Loring;Lesly.Loring@gmail.com;firefighter
5905;Gui;Loleta;Gui.Loleta@gmail.com;firefighter
5906;Violet;Ellerey;Violet.Ellerey@gmail.com;worker
5907;Dorice;Pauly;Dorice.Pauly@gmail.com;worker
5908;Vita;Obed;Vita.Obed@gmail.com;police officer
5909;Tomasina;Sidonius;Tomasina.Sidonius@gmail.com;doctor
5910;Latisha;Candy;Latisha.Candy@gmail.com;developer
5911;Annora;Zuzana;Annora.Zuzana@gmail.com;doctor
5912;Kathi;Gemini;Kathi.Gemini@gmail.com;police officer
5913;Wanda;Lory;Wanda.Lory@gmail.com;developer
5914;Emma;Bluh;Emma.Bluh@gmail.com;police officer
5915;Sheelagh;Ramona;Sheelagh.Ramona@gmail.com;doctor
5916;Meghann;Alarise;Meghann.Alarise@gmail.com;police officer
5917;Marika;Nedrud;Marika.Nedrud@gmail.com;developer
5918;Barbara;Milson;Barbara.Milson@gmail.com;worker
5919;Yetty;Henrie;Yetty.Henrie@gmail.com;developer
5920;Vevay;Sophronia;Vevay.Sophronia@gmail.com;doctor
5921;Evita;Elisha;Evita.Elisha@gmail.com;doctor
5922;Thalia;Jaylene;Thalia.Jaylene@gmail.com;developer
5923;Lorenza;Gaspard;Lorenza.Gaspard@gmail.com;firefighter
5924;Jordan;Imelida;Jordan.Imelida@gmail.com;police officer
5925;Roslyn;Morrill;Roslyn.Morrill@gmail.com;firefighter
5926;Charissa;Read;Charissa.Read@gmail.com;developer
5927;Dolli;Shaddock;Dolli.Shaddock@gmail.com;doctor
5928;Mara;Honoria;Mara.Honoria@gmail.com;police officer
5929;Aigneis;Stoller;Aigneis.Stoller@gmail.com;firefighter
5930;Karolina;Marisa;Karolina.Marisa@gmail.com;doctor
5931;Juliane;Kirbee;Juliane.Kirbee@gmail.com;firefighter
5932;Orelia;Izaak;Orelia.Izaak@gmail.com;worker
5933;Belva;Darian;Belva.Darian@gmail.com;worker
5934;Jobi;Uird;Jobi.Uird@gmail.com;police officer
5935;Audrie;Pernick;Audrie.Pernick@gmail.com;developer
5936;Selma;Lia;Selma.Lia@gmail.com;doctor
5937;Modestia;Burch;Modestia.Burch@gmail.com;worker
5938;Kate;Dowski;Kate.Dowski@gmail.com;doctor
5939;Robbi;Berriman;Robbi.Berriman@gmail.com;developer
5940;Modestia;Aurelio;Modestia.Aurelio@gmail.com;worker
5941;Emylee;Joachim;Emylee.Joachim@gmail.com;worker
5942;Mara;Georgy;Mara.Georgy@gmail.com;developer
5943;Jackie;Yerkovich;Jackie.Yerkovich@gmail.com;firefighter
5944;Gianina;Zina;Gianina.Zina@gmail.com;police officer
5945;Katharina;Rurik;Katharina.Rurik@gmail.com;police officer
5946;Stephanie;Swigart;Stephanie.Swigart@gmail.com;worker
5947;Lynnea;Ball;Lynnea.Ball@gmail.com;worker
5948;Shannah;Tippets;Shannah.Tippets@gmail.com;developer
5949;Ingrid;Pettiford;Ingrid.Pettiford@gmail.com;firefighter
5950;Melisent;Cohdwell;Melisent.Cohdwell@gmail.com;police officer
5951;Benita;Margret;Benita.Margret@gmail.com;police officer
5952;Demetris;Hoenack;Demetris.Hoenack@gmail.com;doctor
5953;Aryn;Fadiman;Aryn.Fadiman@gmail.com;worker
5954;Elmira;Ietta;Elmira.Ietta@gmail.com;doctor
5955;Hettie;Tufts;Hettie.Tufts@gmail.com;worker
5956;Ariela;Federica;Ariela.Federica@gmail.com;worker
5957;Hope;Seligman;Hope.Seligman@gmail.com;police officer
5958;Annice;Fadiman;Annice.Fadiman@gmail.com;developer
5959;Sophia;Japeth;Sophia.Japeth@gmail.com;police officer
5960;Cyndie;Angelis;Cyndie.Angelis@gmail.com;developer
5961;Jennica;Robertson;Jennica.Robertson@gmail.com;firefighter
5962;Keelia;Havens;Keelia.Havens@gmail.com;police officer
5963;Norine;Sacken;Norine.Sacken@gmail.com;firefighter
5964;Alexine;Sikorski;Alexine.Sikorski@gmail.com;worker
5965;Lacie;Grobe;Lacie.Grobe@gmail.com;developer
5966;Mady;Brenn;Mady.Brenn@gmail.com;doctor
5967;Raquela;Ortrude;Raquela.Ortrude@gmail.com;firefighter
5968;Valeda;Philipp;Valeda.Philipp@gmail.com;developer
5969;Olivette;Mayeda;Olivette.Mayeda@gmail.com;worker
5970;Nickie;Phaidra;Nickie.Phaidra@gmail.com;firefighter
5971;Almeta;Alexandr;Almeta.Alexandr@gmail.com;developer
5972;Trixi;Geffner;Trixi.Geffner@gmail.com;police officer
5973;Aeriela;Leifeste;Aeriela.Leifeste@gmail.com;firefighter
5974;Meg;Herrera;Meg.Herrera@gmail.com;worker
5975;Mariele;Gordon;Mariele.Gordon@gmail.com;developer
5976;Anica;Germann;Anica.Germann@gmail.com;firefighter
5977;Katleen;Milde;Katleen.Milde@gmail.com;police officer
5978;Christal;Dorine;Christal.Dorine@gmail.com;developer
5979;Adele;Thar;Adele.Thar@gmail.com;developer
5980;Evaleen;Rillings;Evaleen.Rillings@gmail.com;firefighter
5981;Johna;Ephrem;Johna.Ephrem@gmail.com;worker
5982;Talya;Germann;Talya.Germann@gmail.com;firefighter
5983;Anthia;Sinegold;Anthia.Sinegold@gmail.com;developer
5984;Jeanna;Pettiford;Jeanna.Pettiford@gmail.com;developer
5985;Brana;Abbot;Brana.Abbot@gmail.com;worker
5986;Almeta;Andrel;Almeta.Andrel@gmail.com;police officer
5987;Leontine;Carlson;Leontine.Carlson@gmail.com;police officer
5988;Blake;Sheedy;Blake.Sheedy@gmail.com;developer
5989;Mady;Gusella;Mady.Gusella@gmail.com;police officer
5990;Violet;Blake;Violet.Blake@gmail.com;developer
5991;Alyssa;Mich;Alyssa.Mich@gmail.com;doctor
5992;Ezmeralda;Matthew;Ezmeralda.Matthew@gmail.com;doctor
5993;Iseabal;Whittaker;Iseabal.Whittaker@gmail.com;police officer
5994;Nonnah;Lay;Nonnah.Lay@gmail.com;police officer
5995;Fernande;Ellord;Fernande.Ellord@gmail.com;police officer
5996;Fanny;Elo;Fanny.Elo@gmail.com;firefighter
5997;Christian;Maples;Christian.Maples@gmail.com;doctor
5998;Marguerite;Rad;Marguerite.Rad@gmail.com;police officer
5999;Mamie;Muriel;Mamie.Muriel@gmail.com;doctor
6000;Veda;Bevin;Veda.Bevin@gmail.com;doctor
6001;Glenda;Sadowski;Glenda.Sadowski@gmail.com;firefighter
6002;Gertrud;Justinn;Gertrud.Justinn@gmail.com;firefighter
6003;Frances;Elvyn;Frances.Elvyn@gmail.com;developer
6004;Karina;Diogenes;Karina.Diogenes@gmail.com;developer
6005;Anthia;Bluh;Anthia.Bluh@gmail.com;doctor
6006;Basia;Koehler;Basia.Koehler@gmail.com;developer
6007;Tina;Maribeth;Tina.Maribeth@gmail.com;firefighter
6008;Shaylyn;Olin;Shaylyn.Olin@gmail.com;worker
6009;Sabina;Dosia;Sabina.Dosia@gmail.com;worker
6010;Kathi;Dreda;Kathi.Dreda@gmail.com;police officer
6011;Livvyy;Lilybelle;Livvyy.Lilybelle@gmail.com;police officer
6012;Lisette;Greenwald;Lisette.Greenwald@gmail.com;developer
6013;Annecorinne;Lytton;Annecorinne.Lytton@gmail.com;firefighter
6014;Ardeen;Harriman;Ardeen.Harriman@gmail.com;developer
6015;Magdalena;Clara;Magdalena.Clara@gmail.com;firefighter
6016;Ilse;Monk;Ilse.Monk@gmail.com;developer
6017;Max;Malvino;Max.Malvino@gmail.com;firefighter
6018;Grier;Burnside;Grier.Burnside@gmail.com;firefighter
6019;Briney;Shaver;Briney.Shaver@gmail.com;worker
6020;Hayley;Robertson;Hayley.Robertson@gmail.com;firefighter
6021;Pearline;Auberbach;Pearline.Auberbach@gmail.com;worker
6022;Tonia;Aida;Tonia.Aida@gmail.com;firefighter
6023;Felice;Bivins;Felice.Bivins@gmail.com;doctor
6024;Teddie;Florina;Teddie.Florina@gmail.com;developer
6025;Theodora;Raimondo;Theodora.Raimondo@gmail.com;police officer
6026;Pearline;Hoban;Pearline.Hoban@gmail.com;doctor
6027;Janey;Flyn;Janey.Flyn@gmail.com;developer
6028;Sissy;Wolfgram;Sissy.Wolfgram@gmail.com;doctor
6029;Leeanne;Maryanne;Leeanne.Maryanne@gmail.com;police officer
6030;Gisela;McClimans;Gisela.McClimans@gmail.com;developer
6031;Bertine;Evvie;Bertine.Evvie@gmail.com;firefighter
6032;Letizia;Ledah;Letizia.Ledah@gmail.com;police officer
6033;Melodie;Audly;Melodie.Audly@gmail.com;developer
6034;Caressa;Anderea;Caressa.Anderea@gmail.com;police officer
6035;Aurelie;Chrystel;Aurelie.Chrystel@gmail.com;police officer
6036;Ardenia;Wind;Ardenia.Wind@gmail.com;developer
6037;Sidoney;Cleo;Sidoney.Cleo@gmail.com;worker
6038;Chrystel;Telfer;Chrystel.Telfer@gmail.com;doctor
6039;Roslyn;Infield;Roslyn.Infield@gmail.com;firefighter
6040;Angelique;Jena;Angelique.Jena@gmail.com;worker
6041;Ketti;Arley;Ketti.Arley@gmail.com;doctor
6042;Malina;Remmer;Malina.Remmer@gmail.com;firefighter
6043;Beatriz;Daveta;Beatriz.Daveta@gmail.com;doctor
6044;Kirbee;Obed;Kirbee.Obed@gmail.com;firefighter
6045;Ernesta;Zuzana;Ernesta.Zuzana@gmail.com;worker
6046;Carree;Kunin;Carree.Kunin@gmail.com;police officer
6047;Sissy;Ranjiv;Sissy.Ranjiv@gmail.com;developer
6048;Emilia;Rubie;Emilia.Rubie@gmail.com;doctor
6049;Esmeralda;Isacco;Esmeralda.Isacco@gmail.com;worker
6050;Korrie;Lalitta;Korrie.Lalitta@gmail.com;doctor
6051;Briney;Bow;Briney.Bow@gmail.com;doctor
6052;Margarette;Drus;Margarette.Drus@gmail.com;firefighter
6053;Henriette;Strephon;Henriette.Strephon@gmail.com;doctor
6054;Zondra;Alwin;Zondra.Alwin@gmail.com;worker
6055;Ronna;Tatianas;Ronna.Tatianas@gmail.com;police officer
6056;Carmencita;Presber;Carmencita.Presber@gmail.com;developer
6057;Teddie;Yuille;Teddie.Yuille@gmail.com;doctor
6058;Ricky;Gordon;Ricky.Gordon@gmail.com;developer
6059;Rivalee;Lea;Rivalee.Lea@gmail.com;developer
6060;Perry;Lail;Perry.Lail@gmail.com;worker
6061;Christal;Abernon;Christal.Abernon@gmail.com;police officer
6062;Elena;Olin;Elena.Olin@gmail.com;doctor
6063;Zondra;Kat;Zondra.Kat@gmail.com;firefighter
6064;Imojean;Rosalba;Imojean.Rosalba@gmail.com;police officer
6065;Fanchon;Kaja;Fanchon.Kaja@gmail.com;developer
6066;Lexine;Bartlett;Lexine.Bartlett@gmail.com;police officer
6067;Benita;Florina;Benita.Florina@gmail.com;doctor
6068;Elora;Maroney;Elora.Maroney@gmail.com;firefighter
6069;Sybille;Rurik;Sybille.Rurik@gmail.com;doctor
6070;Shandie;Mathilde;Shandie.Mathilde@gmail.com;firefighter
6071;Dede;Bibi;Dede.Bibi@gmail.com;developer
6072;Jsandye;Othilia;Jsandye.Othilia@gmail.com;developer
6073;Petronia;Francyne;Petronia.Francyne@gmail.com;firefighter
6074;Jere;Khorma;Jere.Khorma@gmail.com;police officer
6075;Dyann;Persse;Dyann.Persse@gmail.com;worker
6076;Alex;Cosenza;Alex.Cosenza@gmail.com;police officer
6077;Silvana;Thad;Silvana.Thad@gmail.com;police officer
6078;Fanchon;My;Fanchon.My@gmail.com;firefighter
6079;Judy;Lutero;Judy.Lutero@gmail.com;developer
6080;Jackie;Vittoria;Jackie.Vittoria@gmail.com;firefighter
6081;Zaria;Hashim;Zaria.Hashim@gmail.com;doctor
6082;Jaime;Terrence;Jaime.Terrence@gmail.com;doctor
6083;Gavrielle;Bakerman;Gavrielle.Bakerman@gmail.com;firefighter
6084;Fawne;Schalles;Fawne.Schalles@gmail.com;doctor
6085;Tressa;Terrence;Tressa.Terrence@gmail.com;doctor
6086;Leeanne;Santoro;Leeanne.Santoro@gmail.com;doctor
6087;Sashenka;Gualtiero;Sashenka.Gualtiero@gmail.com;doctor
6088;Sharai;Morgun;Sharai.Morgun@gmail.com;doctor
6089;Andree;Schwejda;Andree.Schwejda@gmail.com;doctor
6090;Susan;Sancho;Susan.Sancho@gmail.com;police officer
6091;Daphne;Amadas;Daphne.Amadas@gmail.com;doctor
6092;Clarice;Nelsen;Clarice.Nelsen@gmail.com;police officer
6093;Tilly;Barrus;Tilly.Barrus@gmail.com;worker
6094;Jany;Medrek;Jany.Medrek@gmail.com;firefighter
6095;Agathe;Germann;Agathe.Germann@gmail.com;doctor
6096;Hildegaard;Ezar;Hildegaard.Ezar@gmail.com;police officer
6097;Elena;Khorma;Elena.Khorma@gmail.com;worker
6098;Kara-Lynn;Hourigan;Kara-Lynn.Hourigan@gmail.com;doctor
6099;Libbie;Sancho;Libbie.Sancho@gmail.com;firefighter