id;firstname;lastname;email;profession
7100;Chickie;Greenwald;Chickie.Greenwald@gmail.com;worker
7101;Darlleen;Ax;Darlleen.Ax@gmail.com;police officer
7102;Barbi;Adlare;Barbi.Adlare@gmail.com;police officer
7103;Elie;Sacken;Elie.Sacken@gmail.com;doctor
7104;Elmira;Gilbertson;Elmira.Gilbertson@gmail.com;worker
7105;Demetris;Thilda;Demetris.Thilda@gmail.com;developer
7106;Josephine;Rolf;Josephine.Rolf@gmail.com;police officer
7107;Annabela;Orelee;Annabela.Orelee@gmail.com;firefighter
7108;Rosanne;Chabot;Rosanne.Chabot@gmail.com;police officer
7109;Esmeralda;Hessler;Esmeralda.Hessler@gmail.com;firefighter
7110;Kristan;Franza;Kristan.Franza@gmail.com;worker
7111;Marcelline;Zenas;Marcelline.Zenas@gmail.com;worker
7112;Lesly;Magnolia;Lesly.Magnolia@gmail.com;police officer
7113;Kathi;Autrey;Kathi.Autrey@gmail.com;worker
7114;Winifred;Seligman;Winifred.Seligman@gmail.com;police officer
7115;Amelia;Guthrie;Amelia.Guthrie@gmail.com;police officer
7116;Dione;Roarke;Dione.Roarke@gmail.com;worker
7117;Kalina;Presber;Kalina.Presber@gmail.com;firefighter
7118;Fina;Greenwald;Fina.Greenwald@gmail.com;worker
7119;Lorie;Allys;Lorie.Allys@gmail.com;worker
7120;Babita;Lymann;Babita.Lymann@gmail.com;police officer
7121;Jaime;Vins;Jaime.Vins@gmail.com;worker
7122;Sue;Uird;Sue.Uird@gmail.com;doctor
7123;Selia;Frodi;Selia.Frodi@gmail.com;police officer
7124;Bill;Serilda;Bill.Serilda@gmail.com;developer
7125;Roseline;Corrine;Roseline.Corrine@gmail.com;developer
7126;Jenilee;Durante;Jenilee.Durante@gmail.com;firefighter
7127;Adele;Douglass;Adele.Douglass@gmail.com;worker
7128;Phedra;Alrich;Phedra.Alrich@gmail.com;police officer
7129;Evita;Mullane;Evita.Mullane@gmail.com;police officer
7130;Benita;Eldrid;Benita.Eldrid@gmail.com;worker
7131;Cathyleen;Torray;Cathyleen.Torray@gmail.com;developer
7132;Max;Aloise;Max.Aloise@gmail.com;police officer
7133;Jacenta;Elbertina;Jacenta.Elbertina@gmail.com;doctor
7134;Margette;Xerxes;Margette.Xerxes@gmail.com;worker
7135;Agnese;Winnick;Agnese.Winnick@gmail.com;developer
7136;Ursulina;Docilla;Ursulina.Docilla@gmail.com;doctor
7137;Rosabelle;Sigfrid;Rosabelle.Sigfrid@gmail.com;police officer
7138;Berta;Neils;Berta.Neils@gmail.com;worker
7139;Brooks;Faust;Brooks.Faust@gmail.com;police officer
7140;Joy;Kaja;Joy.Kaja@gmail.com;doctor
7141;Elyssa;Albertine;Elyssa.Albertine@gmail.com;firefighter
7142;Yolane;Clarissa;Yolane.Clarissa@gmail.com;worker
7143;Maud;Mozelle;Maud.Mozelle@gmail.com;firefighter
7144;Sarette;Levey;Sarette.Levey@gmail.com;developer
7145;Starla;Woodberry;Starla.Woodberry@gmail.com;worker
7146;Aubrie;Lilybelle;Aubrie.Lilybelle@gmail.com;doctor
7147;Merle;Emanuel;Merle.Emanuel@gmail.com;developer
7148;Florencia;Sperling;Florencia.Sperling@gmail.com;firefighter
7149;Blinni;Ferrell;Blinni.Ferrell@gmail.com;developer
7150;Oona;Wesle;Oona.Wesle@gmail.com;developer
7151;Winny;Jalbert;Winny.Jalbert@gmail.com;police officer
7152;Marsiella;Israeli;Marsiella.Israeli@gmail.com;firefighter
7153;Paulita;Rosalba;Paulita.Rosalba@gmail.com;developer
7154;Elsie;Yam;Elsie.Yam@gmail.com;doctor
7155;Elena;Bobbee;Elena.Bobbee@gmail.com;developer
7156;Penelopa;Sherfield;Penelopa.Sherfield@gmail.com;developer
7157;Almeta;Jacobah;Almeta.Jacobah@gmail.com;developer
7158;Raina;Mata;Raina.Mata@gmail.com;developer
7159;Rosaline;Himelman;Rosaline.Himelman@gmail.com;developer
7160;Florencia;Standing;Florencia.Standing@gmail.com;firefighter
7161;Aaren;Irmine;Aaren.Irmine@gmail.com;police officer
7162;Mathilda;Even;Mathilda.Even@gmail.com;worker
7163;Maryellen;Merat;Maryellen.Merat@gmail.com;police officer
7164;Marnia;Ellord;Marnia.Ellord@gmail.com;worker
7165;Shandie;Margarete;Shandie.Margarete@gmail.com;doctor
7166;Kial;Aprile;Kial.Aprile@gmail.com;doctor
7167;Arlena;Trey;Arlena.Trey@gmail.com;police officer
7168;Gerrie;Podvin;Gerrie.Podvin@gmail.com;doctor
7169;Janeczka;Corilla;Janeczka.Corilla@gmail.com;worker
7170;Rosaline;Bonilla;Rosaline.Bonilla@gmail.com;doctor
7171;Dode;Wenda;Dode.Wenda@gmail.com;worker
7172;Vita;Beebe;Vita.Beebe@gmail.com;developer
7173;Ruthe;Melleta;Ruthe.Melleta@gmail.com;developer
7174;Zsa Zsa;Ludewig;Zsa Zsa.Ludewig@gmail.com;firefighter
7175;Emmey;Mintz;Emmey.Mintz@gmail.com;police officer
7176;Nananne;Dielu;Nananne.Dielu@gmail.com;police officer
7177;Marsiella;Brian;Marsiella.Brian@gmail.com;police officer
7178;Elfreda;Voletta;Elfreda.Voletta@gmail.com;doctor
7179;Cathyleen;Durante;Cathyleen.Durante@gmail.com;police officer
7180;Marcy;Vilma;Marcy.Vilma@gmail.com;police officer
7181;Danika;Bahr;Danika.Bahr@gmail.com;police officer
7182;Devina;Wallis;Devina.Wallis@gmail.com;firefighter
7183;Jere;Chandler;Jere.Chandler@gmail.com;firefighter
7184;Rosabelle;Hessler;Rosabelle.Hessler@gmail.com;worker
7185;Shell;Cordi;Shell.Cordi@gmail.com;firefighter
7186;Justinn;Emmaline;Justinn.Emmaline@gmail.com;developer
7187;Lucy;McAdams;Lucy.McAdams@gmail.com;developer
7188;Madeleine;Vorster;Madeleine.Vorster@gmail.com;doctor
7189;Lynnea;Peonir;Lynnea.Peonir@gmail.com;police officer
7190;Clo;Ivens;Clo.Ivens@gmail.com;firefighter
7191;Moyna;Rocray;Moyna.Rocray@gmail.com;firefighter
7192;Dominga;Croix;Dominga.Croix@gmail.com;worker
7193;Olwen;Joseph;Olwen.Joseph@gmail.com;firefighter
7194;Rani;Kesley;Rani.Kesley@gmail.com;developer
7195;Judy;Smitt;Judy.Smitt@gmail.com;police officer
7196;Kristina;Milde;Kristina.Milde@gmail.com;doctor
7197;Olwen;Pulsifer;Olwen.Pulsifer@gmail.com;police officer
7198;Harmonia;Nelsen;Harmonia.Nelsen@gmail.com;worker
7199;Charissa;Jeanne;Charissa.Jeanne@gmail.com;police officer
7200;Gaylene;Wilkinson;Gaylene.Wilkinson@gmail.com;doctor
7201;Jackie;Weide;Jackie.Weide@gmail.com;doctor
7202;Alameda;Daniele;Alameda.Daniele@gmail.com;firefighter
7203;Averyl;Sparhawk;Averyl.Sparhawk@gmail.com;developer
7204;Arlina;Arne;Arlina.Arne@gmail.com;doctor
7205;Camile;Noman;Camile.Noman@gmail.com;firefighter
7206;Edee;Matthew;Edee.Matthew@gmail.com;police officer
7207;Gusty;Forrer;Gusty.Forrer@gmail.com;firefighter
7208;Tersina;Rona;Tersina.Rona@gmail.com;developer
7209;Linzy;Albertine;Linzy.Albertine@gmail.com;doctor
7210;Cam;Havens;Cam.Havens@gmail.com;worker
7211;Mellicent;Stacy;Mellicent.Stacy@gmail.com;worker
7212;Starla;Damarra;Starla.Damarra@gmail.com;police officer
7213;Tressa;Edvard;Tressa.Edvard@gmail.com;firefighter
7214;Norine;Rugen;Norine.Rugen@gmail.com;doctor
7215;Mary;Monk;Mary.Monk@gmail.com;developer
7216;Viki;Hull;Viki.Hull@gmail.com;firefighter
7217;Almeta;Auberbach;Almeta.Auberbach@gmail.com;developer
7218;Lorenza;Myrilla;Lorenza.Myrilla@gmail.com;developer
7219;Cacilie;Shama;Cacilie.Shama@gmail.com;police officer
7220;Lynnea;Willie;Lynnea.Willie@gmail.com;worker
7221;Tilly;Douglass;Tilly.Douglass@gmail.com;police officer
7222;Georgetta;Ietta;Georgetta.Ietta@gmail.com;police officer
7223;Cristine;Kravits;Cristine.Kravits@gmail.com;worker
7224;Jean;Philipp;Jean.Philipp@gmail.com;developer
7225;Fina;Belldas;Fina.Belldas@gmail.com;developer
7226;Lexine;Amasa;Lexine.Amasa@gmail.com;police officer
7227;Merrie;Zrike;Merrie.Zrike@gmail.com;worker
7228;Marika;Kalinda;Marika.Kalinda@gmail.com;firefighter
7229;Charlena;Forrer;Charlena.Forrer@gmail.com;developer
7230;Brana;Helfand;Brana.Helfand@gmail.com;firefighter
7231;Iseabal;Ax;Iseabal.Ax@gmail.com;doctor
7232;Edith;Neils;Edith.Neils@gmail.com;doctor
7233;Frieda;Sidonius;Frieda.Sidonius@gmail.com;police officer
7234;Jordan;Meter;Jordan.Meter@gmail.com;police officer
7235;Ivett;Anastatius;Ivett.Anastatius@gmail.com;doctor
7236;Alameda;Noam;Alameda.Noam@gmail.com;firefighter
7237;Kittie;Gaulin;Kittie.Gaulin@gmail.com;doctor
7238;Kirstin;Kevon;Kirstin.Kevon@gmail.com;doctor
7239;Dorice;Wadell;Dorice.Wadell@gmail.com;police officer
7240;Meghann;Roumell;Meghann.Roumell@gmail.com;worker
7241;Rosabelle;Hirsch;Rosabelle.Hirsch@gmail.com;worker
7242;Millie;Astra;Millie.Astra@gmail.com;worker
7243;Karina;Carey;Karina.Carey@gmail.com;firefighter
7244;Jenda;Leffen;Jenda.Leffen@gmail.com;doctor
7245;Jsandye;Maiah;Jsandye.Maiah@gmail.com;worker
7246;Cordi;Liebermann;Cordi.Liebermann@gmail.com;worker
7247;Marguerite;Jerald;Marguerite.Jerald@gmail.com;police officer
7248;Jacquetta;Salvidor;Jacquetta.Salvidor@gmail.com;doctor
7249;Konstance;Holtz;Konstance.Holtz@gmail.com;doctor
7250;Lonnie;Diogenes;Lonnie.Diogenes@gmail.com;police officer
7251;Annice;Ax;Annice.Ax@gmail.com;firefighter
7252;Aigneis;Leler;Aigneis.Leler@gmail.com;police officer
7253;Briney;Berne;Briney.Berne@gmail.com;doctor
7254;Nonnah;Harriman;Nonnah.Harriman@gmail.com;firefighter
7255;Meg;Sandye;Meg.Sandye@gmail.com;developer
7256;Merci;Smitt;Merci.Smitt@gmail.com;police officer
7257;Aubrie;Dunkin;Aubrie.Dunkin@gmail.com;developer
7258;Florencia;Lamoree;Florencia.Lamoree@gmail.com;worker
7259;Kary;Center;Kary.Center@gmail.com;doctor
7260;Maridel;Phyllis;Maridel.Phyllis@gmail.com;developer
7261;Ekaterina;Kaete;Ekaterina.Kaete@gmail.com;developer
7262;Meriel;Sundin;Meriel.Sundin@gmail.com;firefighter
7263;Pierette;Agle;Pierette.Agle@gmail.com;police officer
7264;Therine;Rogerio;Therine.Rogerio@gmail.com;doctor
7265;Hayley;Lymann;Hayley.Lymann@gmail.com;doctor
7266;Lilith;Hubert;Lilith.Hubert@gmail.com;firefighter
7267;Glenda;Hartnett;Glenda.Hartnett@gmail.com;developer
7268;Alisha;Malanie;Alisha.Malanie@gmail.com;police officer
7269;Minda;Bonilla;Minda.Bonilla@gmail.com;worker
7270;Winifred;Whittaker;Winifred.Whittaker@gmail.com;firefighter
7271;Beverley;Jalbert;Beverley.Jalbert@gmail.com;worker
7272;Albertina;Toor;Albertina.Toor@gmail.com;developer
7273;Hildegaard;Terrence;Hildegaard.Terrence@gmail.com;firefighter
7274;Florencia;Roxanna;Florencia.Roxanna@gmail.com;doctor
7275;Jany;Even;Jany.Even@gmail.com;worker
7276;Chandra;Elisha;Chandra.Elisha@gmail.com;police officer
7277;Sissy;Pernick;Sissy.Pernick@gmail.com;firefighter
7278;Blake;Cressida;Blake.Cressida@gmail.com;worker
7279;Marnia;Toor;Marnia.Toor@gmail.com;firefighter
7280;Angelique;Frendel;Angelique.Frendel@gmail.com;developer
7281;Janenna;Burnside;Janenna.Burnside@gmail.com;worker
7282;Augustine;Hirsch;Augustine.Hirsch@gmail.com;developer
7283;Shaylyn;Elo;Shaylyn.Elo@gmail.com;doctor
7284;Renae;Rolf;Renae.Rolf@gmail.com;developer
7285;Robinia;Hewitt;Robinia.Hewitt@gmail.com;worker
7286;Leona;Suk;Leona.Suk@gmail.com;worker
7287;Ada;Swanhildas;Ada.Swanhildas@gmail.com;developer
7288;Madelle;Merriott;Madelle.Merriott@gmail.com;doctor
7289;Tatiania;Orpah;Tatiania.Orpah@gmail.com;developer
7290;Lacie;Melleta;Lacie.Melleta@gmail.com;firefighter
7291;Ethel;Codding;Ethel.Codding@gmail.com;worker
7292;Sue;Bury;Sue.Bury@gmail.com;police officer
7293;Valli;Maples;Valli.Maples@gmail.com;firefighter
7294;Nannie;Argus;Nannie.Argus@gmail.com;firefighter
7295;Hildegaard;Martsen;Hildegaard.Martsen@gmail.com;firefighter
7296;Pamella;Kauppi;Pamella.Kauppi@gmail.com;worker
7297;Lindie;Graig;Lindie.Graig@gmail.com;firefighter
7298;Consuela;Adrienne;Consuela.Adrienne@gmail.com;developer
7299;Susette;Rossner;Susette.Rossner@gmail.com;firefighter
7300;Kathy;Ax;Kathy.Ax@gmail.com;worker
7301;Steffane;Herrera;Steffane.Herrera@gmail.com;firefighter
7302;Chere;Bord;Chere.Bord@gmail.com;developer
7303;Siana;Zaslow;Siana.Zaslow@gmail.com;firefighter
7304;Oona;Jorgan;Oona.Jorgan@gmail.com;firefighter
7305;Coral;Thad;Coral.Thad@gmail.com;doctor
7306;Kore;Carvey;Kore.Carvey@gmail.com;developer
7307;Selia;Georgy;Selia.Georgy@gmail.com;worker
7308;Lonnie;Sundin;Lonnie.Sundin@gmail.com;firefighter
7309;Stephanie;Hillel;Stephanie.Hillel@gmail.com;police officer
7310;Amelia;Grayce;Amelia.Grayce@gmail.com;police officer
7311;Flo;Caitlin;Flo.Caitlin@gmail.com;doctor
7312;Candi;Rosette;Candi.Rosette@gmail.com;firefighter
7313;Merrie;Shields;Merrie.Shields@gmail.com;worker
7314;Beverley;Dominy;Beverley.Dominy@gmail.com;worker
7315;Lynde;Cyrie;Lynde.Cyrie@gmail.com;developer
7316;Dorene;Felizio;Dorene.Felizio@gmail.com;worker
7317;Selia;Dom;Selia.Dom@gmail.com;firefighter
7318;Tracey;Demitria;Tracey.Demitria@gmail.com;developer
7319;Vinita;Cookie;Vinita.Cookie@gmail.com;developer
7320;Pollyanna;Constancy;Pollyanna.Constancy@gmail.com;worker
7321;Leontine;Cherianne;Leontine.Cherianne@gmail.com;worker
7322;Ekaterina;Mich;Ekaterina.Mich@gmail.com;doctor
7323;Kathy;Toffic;Kathy.Toffic@gmail.com;police officer
7324;Camile;Bertold;Camile.Bertold@gmail.com;police officer
7325;Tiffie;Othilia;Tiffie.Othilia@gmail.com;developer
7326;Elsie;Sundin;Elsie.Sundin@gmail.com;developer
7327;Karolina;Weitman;Karolina.Weitman@gmail.com;police officer
7328;Basia;Anestassia;Basia.Anestassia@gmail.com;developer
7329;Celestyna;Madox;Celestyna.Madox@gmail.com;firefighter
7330;Lynde;Helve;Lynde.Helve@gmail.com;worker
7331;Ann-Marie;Roche;Ann-Marie.Roche@gmail.com;police officer
7332;Debee;Anton;Debee.Anton@gmail.com;developer
7333;Vinita;Bibi;Vinita.Bibi@gmail.com;worker
7334;Jemie;Nelsen;Jemie.Nelsen@gmail.com;worker
7335;Minne;Anastatius;Minne.Anastatius@gmail.com;developer
7336;Lynde;Delp;Lynde.Delp@gmail.com;firefighter
7337;Emma;Amand;Emma.Amand@gmail.com;developer
7338;Alie;Heidt;Alie.Heidt@gmail.com;doctor
7339;Isa;Zrike;Isa.Zrike@gmail.com;worker
7340;Elise;Dowski;Elise.Dowski@gmail.com;firefighter
7341;Aurelie;Tryck;Aurelie.Tryck@gmail.com;police officer
7342;Aurore;Anis;Aurore.Anis@gmail.com;police officer
7343;Odessa;Faria;Odessa.Faria@gmail.com;doctor
7344;Penelopa;Terencio;Penelopa.Terencio@gmail.com;developer
7345;Loree;Jorgan;Loree.Jorgan@gmail.com;developer
7346;Jackie;Swanhildas;Jackie.Swanhildas@gmail.com;firefighter
7347;Lynde;Ietta;Lynde.Ietta@gmail.com;worker
7348;Aili;Liva;Aili.Liva@gmail.com;developer
7349;Misha;Jary;Misha.Jary@gmail.com;worker
7350;Mathilda;Wooster;Mathilda.Wooster@gmail.com;worker
7351;Clo;Rooney;Clo.Rooney@gmail.com;doctor
7352;Misha;Cohdwell;Misha.Cohdwell@gmail.com;doctor
7353;Jorry;Keily;Jorry.Keily@gmail.com;police officer
7354;Jenilee;Bates;Jenilee.Bates@gmail.com;police officer
7355;Hermione;Wittie;Hermione.Wittie@gmail.com;doctor
7356;Frank;Thunell;Frank.Thunell@gmail.com;developer
7357;Myriam;Ailyn;Myriam.Ailyn@gmail.com;police officer
7358;Sherrie;Dominy;Sherrie.Dominy@gmail.com;developer
7359;Augustine;Han;Augustine.Han@gmail.com;firefighter
7360;Lorne;Kiyoshi;Lorne.Kiyoshi@gmail.com;doctor
7361;Steffane;Dyche;Steffane.Dyche@gmail.com;doctor
7362;Randa;Stacy;Randa.Stacy@gmail.com;firefighter
7363;Pearline;Dudley;Pearline.Dudley@gmail.com;worker
7364;Leontine;Lenny;Leontine.Lenny@gmail.com;worker
7365;Tressa;Flyn;Tressa.Flyn@gmail.com;doctor
7366;Gratia;Raychel;Gratia.Raychel@gmail.com;developer
7367;Gertrud;Malanie;Gertrud.Malanie@gmail.com;worker
7368;Sherrie;Beebe;Sherrie.Beebe@gmail.com;police officer
7369;Stacey;Birdella;Stacey.Birdella@gmail.com;doctor
7370;Kimmy;Pyle;Kimmy.Pyle@gmail.com;police officer
7371;Mildrid;Hebner;Mildrid.Hebner@gmail.com;firefighter
7372;Sue;Virgin;Sue.Virgin@gmail.com;firefighter
7373;Tracey;Colp;Tracey.Colp@gmail.com;doctor
7374;Dale;Edvard;Dale.Edvard@gmail.com;doctor
7375;Berta;Virgin;Berta.Virgin@gmail.com;worker
7376;Binny;Kimmie;Binny.Kimmie@gmail.com;developer
7377;Tybie;Waite;Tybie.Waite@gmail.com;worker
7378;Melina;O'Rourke;Melina.O'Rourke@gmail.com;firefighter
7379;Ira;Abernon;Ira.Abernon@gmail.com;doctor
7380;Rori;Hollingsworth;Rori.Hollingsworth@gmail.com;police officer
7381;Tarra;Annabella;Tarra.Annabella@gmail.com;developer
7382;Caryl;Medrek;Caryl.Medrek@gmail.com;developer
7383;Kimberley;Hedve;Kimberley.Hedve@gmail.com;firefighter
7384;Melodie;Gerge;Melodie.Gerge@gmail.com;worker
7385;Augustine;Parette;Augustine.Parette@gmail.com;police officer
7386;Meriel;Olin;Meriel.Olin@gmail.com;doctor
7387;Philis;Remmer;Philis.Remmer@gmail.com;developer
7388;Phedra;Ambrosia;Phedra.Ambrosia@gmail.com;doctor
7389;Lyssa;Carolin;Lyssa.Carolin@gmail.com;doctor
7390;Riannon;Ulphia;Riannon.Ulphia@gmail.com;doctor
7391;Sharai;Faso;Sharai.Faso@gmail.com;developer
7392;Aili;Jeanne;Aili.Jeanne@gmail.com;firefighter
7393;Amii;Bertold;Amii.Bertold@gmail.com;doctor
7394;Reeba;MacIntosh;Reeba.MacIntosh@gmail.com;doctor
7395;Sherrie;Regan;Sherrie.Regan@gmail.com;police officer
7396;Shell;Zaslow;Shell.Zaslow@gmail.com;worker
7397;Carilyn;Charmine;Carilyn.Charmine@gmail.com;police officer
7398;Celene;Christine;Celene.Christine@gmail.com;doctor
7399;Evaleen;Rheingold;Evaleen.Rheingold@gmail.com;firefighter
7400;Aimil;Sothena;Aimil.Sothena@gmail.com;police officer
7401;Kalina;Ogren;Kalina.Ogren@gmail.com;doctor
7402;Felice;Vernier;Felice.Vernier@gmail.com;police officer
7403;Deloria;Verger;Deloria.Verger@gmail.com;firefighter
7404;Amii;Margret;Amii.Margret@gmail.com;police officer
7405;Amara;Carlson;Amara.Carlson@gmail.com;developer
7406;Beth;Suk;Beth.Suk@gmail.com;worker
7407;Meghann;Oscar;Meghann.Oscar@gmail.com;worker
7408;Ottilie;Hartnett;Ottilie.Hartnett@gmail.com;police officer
7409;Tatiania;Stilwell;Tatiania.Stilwell@gmail.com;police officer
7410;Tera;Bakerman;Tera.Bakerman@gmail.com;doctor
7411;Robbi;Jacinda;Robbi.Jacinda@gmail.com;developer
7412;Wileen;Bohlin;Wileen.Bohlin@gmail.com;doctor
7413;Tomasina;Yate;Tomasina.Yate@gmail.com;firefighter
7414;Susette;Trace;Susette.Trace@gmail.com;worker
7415;Patricia;Ralfston;Patricia.Ralfston@gmail.com;developer
7416;Mara;Blake;Mara.Blake@gmail.com;firefighter
7417;Carlie;Terrence;Carlie.Terrence@gmail.com;doctor
7418;Winny;Alejoa;Winny.Alejoa@gmail.com;worker
7419;Oralee;Schlosser;Oralee.Schlosser@gmail.com;doctor
7420;Kara-Lynn;Septima;Kara-Lynn.Septima@gmail.com;police officer
7421;Blinni;Magnolia;Blinni.Magnolia@gmail.com;worker
7422;Dennie;Corabella;Dennie.Corabella@gmail.com;firefighter
7423;Marcelline;Uird;Marcelline.Uird@gmail.com;worker
7424;Mady;Lane;Mady.Lane@gmail.com;developer
7425;Rayna;Anderea;Rayna.Anderea@gmail.com;police officer
7426;Michaelina;Santoro;Michaelina.Santoro@gmail.com;firefighter
7427;Cindelyn;Barney;Cindelyn.Barney@gmail.com;police officer
7428;Patricia;Schlosser;Patricia.Schlosser@gmail.com;firefighter
7429;Lizzie;Sacken;Lizzie.Sacken@gmail.com;developer
7430;Zaria;Weitman;Zaria.Weitman@gmail.com;developer
7431;Bill;Chauncey;Bill.Chauncey@gmail.com;developer
7432;Noelle;Mullane;Noelle.Mullane@gmail.com;firefighter
7433;Sherrie;Fontana;Sherrie.Fontana@gmail.com;worker
7434;Celene;Atcliffe;Celene.Atcliffe@gmail.com;doctor
7435;Jordan;Margret;Jordan.Margret@gmail.com;doctor
7436;Gusty;Kauppi;Gusty.Kauppi@gmail.com;developer
7437;Marguerite;Goddard;Marguerite.Goddard@gmail.com;firefighter
7438;Penelopa;Gusella;Penelopa.Gusella@gmail.com;worker
7439;Debee;Fillbert;Debee.Fillbert@gmail.com;police officer
7440;Emma;Faria;Emma.Faria@gmail.com;developer
7441;Alie;Libna;Alie.Libna@gmail.com;worker
7442;Talya;Suk;Talya.Suk@gmail.com;firefighter
7443;Ingrid;Ezar;Ingrid.Ezar@gmail.com;doctor
7444;Janis;Weitman;Janis.Weitman@gmail.com;firefighter
7445;Brynna;Ailyn;Brynna.Ailyn@gmail.com;worker
7446;Marjie;Jacqui;Marjie.Jacqui@gmail.com;police officer
7447;Frieda;Rolf;Frieda.Rolf@gmail.com;developer
7448;Dode;Mehalek;Dode.Mehalek@gmail.com;developer
7449;Nerta;Kress;Nerta.Kress@gmail.com;doctor
7450;Shandie;Shelba;Shandie.Shelba@gmail.com;doctor
7451;Cindelyn;Brenn;Cindelyn.Brenn@gmail.com;doctor
7452;Michaelina;Ophelia;Michaelina.Ophelia@gmail.com;doctor
7453;Sonni;Lia;Sonni.Lia@gmail.com;worker
7454;Teddie;Letsou;Teddie.Letsou@gmail.com;doctor
7455;Caritta;Helve;Caritta.Helve@gmail.com;developer
7456;Stacey;Edmund;Stacey.Edmund@gmail.com;doctor
7457;Therine;Nedrud;Therine.Nedrud@gmail.com;firefighter
7458;Karolina;Elephus;Karolina.Elephus@gmail.com;worker
7459;Constance;Nelsen;Constance.Nelsen@gmail.com;doctor
7460;Cam;Robertson;Cam.Robertson@gmail.com;worker
7461;Layla;Israeli;Layla.Israeli@gmail.com;doctor
7462;Celene;Haerr;Celene.Haerr@gmail.com;police officer
7463;Consuela;Kirstin;Consuela.Kirstin@gmail.com;worker
7464;Rozele;Hessler;Rozele.Hessler@gmail.com;police officer
7465;Louella;O'Carroll;Louella.O'Carroll@gmail.com;firefighter
7466;Sean;Lalitta;Sean.Lalitta@gmail.com;doctor
7467;Stacey;Margarete;Stacey.Margarete@gmail.com;police officer
7468;Babita;Rosemary;Babita.Rosemary@gmail.com;worker
7469;Lusa;Norrie;Lusa.Norrie@gmail.com;developer
7470;Carol-Jean;Harned;Carol-Jean.Harned@gmail.com;developer
7471;Kimberley;Liebermann;Kimberley.Liebermann@gmail.com;doctor
7472;Misha;Allina;Misha.Allina@gmail.com;doctor
7473;Ernesta;Oneida;Ernesta.Oneida@gmail.com;developer
7474;Aurelie;Meli;Aurelie.Meli@gmail.com;doctor
7475;Halette;Bari;Halette.Bari@gmail.com;police officer
7476;Cristabel;Amethist;Cristabel.Amethist@gmail.com;doctor
7477;Frank;Ralfston;Frank.Ralfston@gmail.com;doctor
7478;Taffy;Leopold;Taffy.Leopold@gmail.com;worker
7479;Gaylene;Guthrie;Gaylene.Guthrie@gmail.com;developer
7480;Alie;Hull;Alie.Hull@gmail.com;firefighter
7481;Philis;Wareing;Philis.Wareing@gmail.com;doctor
7482;Silvana;Thad;Silvana.Thad@gmail.com;worker
7483;Arabel;Cavan;Arabel.Cavan@gmail.com;developer
7484;Nickie;Chinua;Nickie.Chinua@gmail.com;firefighter
7485;Darlleen;Karylin;Darlleen.Karylin@gmail.com;worker
7486;Phedra;Zaslow;Phedra.Zaslow@gmail.com;developer
7487;Willetta;Bahr;Willetta.Bahr@gmail.com;worker
7488;Joceline;Callista;Joceline.Callista@gmail.com;developer
7489;Aigneis;Dahlia;Aigneis.Dahlia@gmail.com;worker
7490;Orsola;Alarise;Orsola.Alarise@gmail.com;doctor
7491;Belva;Dunkin;Belva.Dunkin@gmail.com;firefighter
7492;Jaclyn;Charmine;Jaclyn.Charmine@gmail.com;doctor
7493;Mureil;Alcott;Mureil.Alcott@gmail.com;doctor
7494;Shirlee;Rodmann;Shirlee.Rodmann@gmail.com;firefighter
7495;Annecorinne;Zeeba;Annecorinne.Zeeba@gmail.com;worker
7496;Bibby;Arne;Bibby.Arne@gmail.com;doctor
7497;Tierney;Sidonius;Tierney.Sidonius@gmail.com;firefighter
7498;Lonnie;Zamora;Lonnie.Zamora@gmail.com;doctor
7499;Darci;Pond;Darci.Pond@gmail.com;doctor
7500;Oona;Leary;Oona.Leary@gmail.com;developer
7501;Gilda;Silvan;Gilda.Silvan@gmail.com;developer
7502;Drucie;Norvol;Drucie.Norvol@gmail.com;developer
7503;Estell;Trace;Estell.Trace@gmail.com;developer
7504;Cissiee;Kussell;Cissiee.Kussell@gmail.com;developer
7505;Stephanie;Florina;Stephanie.Florina@gmail.com;firefighter
7506;Lucille;Doig;Lucille.Doig@gmail.com;firefighter
7507;Sherrie;Jotham;Sherrie.Jotham@gmail.com;firefighter
7508;Ingrid;Pearse;Ingrid.Pearse@gmail.com;doctor
7509;Ezmeralda;Candy;Ezmeralda.Candy@gmail.com;doctor
7510;Lynea;Callista;Lynea.Callista@gmail.com;doctor
7511;Beatriz;Berard;Beatriz.Berard@gmail.com;doctor
7512;Moyna;Hull;Moyna.Hull@gmail.com;police officer
7513;Mallory;Elisha;Mallory.Elisha@gmail.com;developer
7514;Aimil;Lytton;Aimil.Lytton@gmail.com;worker
7515;Britte;Ciapas;Britte.Ciapas@gmail.com;firefighter
7516;Nyssa;Kenney;Nyssa.Kenney@gmail.com;worker
7517;Britni;Gaynor;Britni.Gaynor@gmail.com;worker
7518;Ida;Marcellus;Ida.Marcellus@gmail.com;doctor
7519;Cyb;Hurley;Cyb.Hurley@gmail.com;developer
7520;Kial;Love;Kial.Love@gmail.com;worker
7521;Corry;Masao;Corry.Masao@gmail.com;firefighter
7522;Brena;Shirberg;Brena.Shirberg@gmail.com;doctor
7523;Fawne;Pettiford;Fawne.Pettiford@gmail.com;firefighter
7524;Kalina;Keily;Kalina.Keily@gmail.com;police officer
7525;Dyann;Avi;Dyann.Avi@gmail.com;developer
7526;Loree;Darrell;Loree.Darrell@gmail.com;developer
7527;Dorothy;Bouchard;Dorothy.Bouchard@gmail.com;worker
7528;June;Glenden;June.Glenden@gmail.com;police officer
7529;Ronna;Olnee;Ronna.Olnee@gmail.com;police officer
7530;Maud;Gillan;Maud.Gillan@gmail.com;developer
7531;Bernie;Vary;Bernie.Vary@gmail.com;police officer
7532;Elfreda;Magnolia;Elfreda.Magnolia@gmail.com;police officer
7533;Carilyn;Eliathas;Carilyn.Eliathas@gmail.com;worker
7534;Harmonia;Schwejda;Harmonia.Schwejda@gmail.com;firefighter
7535;Veda;Sophronia;Veda.Sophronia@gmail.com;police officer
7536;Aurelie;Friede;Aurelie.Friede@gmail.com;doctor
7537;Konstance;Hutchison;Konstance.Hutchison@gmail.com;worker
7538;Lusa;Publia;Lusa.Publia@gmail.com;worker
7539;Kylynn;Sidonius;Kylynn.Sidonius@gmail.com;police officer
7540;Louella;Fredi;Louella.Fredi@gmail.com;developer
7541;Sophia;Camden;Sophia.Camden@gmail.com;developer
7542;Constance;Ashely;Constance.Ashely@gmail.com;police officer
7543;Maryellen;Sabella;Maryellen.Sabella@gmail.com;firefighter
7544;Meg;Montgomery;Meg.Montgomery@gmail.com;firefighter
7545;Carolina;Wu;Carolina.Wu@gmail.com;worker
7546;Viviene;Shama;Viviene.Shama@gmail.com;doctor
7547;Dorthy;Christal;Dorthy.Christal@gmail.com;developer
7548;Imojean;Darrell;Imojean.Darrell@gmail.com;firefighter
7549;Pierette;Glovsky;Pierette.Glovsky@gmail.com;firefighter
7550;Ida;Urias;Ida.Urias@gmail.com;police officer
7551;Cordi;Cohdwell;Cordi.Cohdwell@gmail.com;developer
7552;Merrie;Nerita;Merrie.Nerita@gmail.com;police officer
7553;Joceline;Wenda;Joceline.Wenda@gmail.com;firefighter
7554;Sophia;Lacombe;Sophia.Lacombe@gmail.com;doctor
7555;Dagmar;Olin;Dagmar.Olin@gmail.com;firefighter
7556;Carmela;Plato;Carmela.Plato@gmail.com;firefighter
7557;Yvonne;Joseph;Yvonne.Joseph@gmail.com;firefighter
7558;Kelly;Fax;Kelly.Fax@gmail.com;firefighter
7559;Fayre;Claudine;Fayre.Claudine@gmail.com;doctor
7560;Rosabelle;Koziara;Rosabelle.Koziara@gmail.com;firefighter
7561;Melodie;Roarke;Melodie.Roarke@gmail.com;developer
7562;Deedee;Birdella;Deedee.Birdella@gmail.com;worker
7563;Kelly;Darbie;Kelly.Darbie@gmail.com;doctor
7564;Jaclyn;Devlen;Jaclyn.Devlen@gmail.com;firefighter
7565;Harmonia;Burkle;Harmonia.Burkle@gmail.com;developer
7566;Petronia;Belanger;Petronia.Belanger@gmail.com;doctor
7567;Lorenza;Kat;Lorenza.Kat@gmail.com;worker
7568;Molli;Arvo;Molli.Arvo@gmail.com;worker
7569;Belva;Westphal;Belva.Westphal@gmail.com;doctor
7570;Britni;Juliet;Britni.Juliet@gmail.com;firefighter
7571;Daune;Wilkinson;Daune.Wilkinson@gmail.com;police officer
7572;Taffy;Azeria;Taffy.Azeria@gmail.com;firefighter
7573;Averyl;Pernick;Averyl.Pernick@gmail.com;worker
7574;Belinda;Juliet;Belinda.Juliet@gmail.com;developer
7575;Florencia;Monaco;Florencia.Monaco@gmail.com;developer
7576;Judy;Hurley;Judy.Hurley@gmail.com;firefighter
7577;Caressa;Frendel;Caressa.Frendel@gmail.com;police officer
7578;Eadie;Vastah;Eadie.Vastah@gmail.com;developer
7579;Oona;Larochelle;Oona.Larochelle@gmail.com;worker
7580;Bertine;Poppy;Bertine.Poppy@gmail.com;police officer
7581;Babita;Elo;Babita.Elo@gmail.com;police officer
7582;Leanna;Christine;Leanna.Christine@gmail.com;firefighter
7583;Deane;Francyne;Deane.Francyne@gmail.com;doctor
7584;Claudina;Ahab;Claudina.Ahab@gmail.com;firefighter
7585;Marcelline;Constancy;Marcelline.Constancy@gmail.com;developer
7586;Emmey;Diann;Emmey.Diann@gmail.com;developer
7587;Cassandra;Gale;Cassandra.Gale@gmail.com;police officer
7588;Christy;Kronfeld;Christy.Kronfeld@gmail.com;developer
7589;Lolita;Lumbard;Lolita.Lumbard@gmail.com;firefighter
7590;Yetty;Santoro;Yetty.Santoro@gmail.com;doctor
7591;Linet;Rosette;Linet.Rosette@gmail.com;firefighter
7592;Felice;Stefa;Felice.Stefa@gmail.com;developer
7593;Brianna;Hartnett;Brianna.Hartnett@gmail.com;doctor
7594;Ricky;Stav;Ricky.Stav@gmail.com;firefighter
7595;Gilligan;Obed;Gilligan.Obed@gmail.com;police officer
7596;Estell;Buffum;Estell.Buffum@gmail.com;doctor
7597;Henriette;Ax;Henriette.Ax@gmail.com;worker
7598;Coral;Ader;Coral.Ader@gmail.com;police officer
7599;Siana;Sasnett;Siana.Sasnett@gmail.com;doctor
7600;Barbara;Kesley;Barbara.Kesley@gmail.com;police officer
7601;Kathy;Marisa;Kathy.Marisa@gmail.com;developer
7602;Kassey;Tillford;Kassey.Tillford@gmail.com;firefighter
7603;Bee;Virgin;Bee.Virgin@gmail.com;police officer
7604;Hannis;Love;Hannis.Love@gmail.com;doctor
7605;Pollyanna;Lay;Pollyanna.Lay@gmail.com;firefighter
7606;Lolita;Dalli;Lolita.Dalli@gmail.com;worker
7607;Barbara;Bennie;Barbara.Bennie@gmail.com;firefighter
7608;Ekaterina;Goerke;Ekaterina.Goerke@gmail.com;doctor
7609;Abbie;Kress;Abbie.Kress@gmail.com;doctor
7610;Lusa;Sammons;Lusa.Sammons@gmail.com;worker
7611;Wilma;Verger;Wilma.Verger@gmail.com;doctor
7612;Tani;An;Tani.An@gmail.com;developer
7613;Shell;Schonfeld;Shell.Schonfeld@gmail.com;firefighter
7614;Sherrie;Hieronymus;Sherrie.Hieronymus@gmail.com;doctor
7615;Jasmina;Boycey;Jasmina.Boycey@gmail.com;firefighter
7616;Fayre;Publia;Fayre.Publia@gmail.com;doctor
7617;Frieda;Katrine;Frieda.Katrine@gmail.com;worker
7618;Roseline;Trinetta;Roseline.Trinetta@gmail.com;worker
7619;Moyna;Leler;Moyna.Leler@gmail.com;doctor
7620;Cristabel;Verger;Cristabel.Verger@gmail.com;firefighter
7621;Adelle;Brenn;Adelle.Brenn@gmail.com;worker
7622;Jany;Boycey;Jany.Boycey@gmail.com;firefighter
7623;Minne;Aaberg;Minne.Aaberg@gmail.com;doctor
7624;Silvana;Tillford;Silvana.Tillford@gmail.com;police officer
7625;Lelah;Dituri;Lelah.Dituri@gmail.com;developer
7626;Eugine;Valoniah;Eugine.Valoniah@gmail.com;firefighter
7627;Di;Myrilla;Di.Myrilla@gmail.com;firefighter
7628;Max;Johnsson;Max.Johnsson@gmail.com;police officer
7629;Lexine;Madox;Lexine.Madox@gmail.com;developer
7630;Rosene;Weaks;Rosene.Weaks@gmail.com;doctor
7631;Kimberley;Curren;Kimberley.Curren@gmail.com;developer
7632;Hermione;Thomasina;Hermione.Thomasina@gmail.com;police officer
7633;Brianna;Ummersen;Brianna.Ummersen@gmail.com;firefighter
7634;Danika;Darrell;Danika.Darrell@gmail.com;doctor
7635;Kristina;Meter;Kristina.Meter@gmail.com;doctor
7636;Karlee;Ackerley;Karlee.Ackerley@gmail.com;firefighter
7637;Viki;Vittoria;Viki.Vittoria@gmail.com;police officer
7638;Janis;Bultman;Janis.Bultman@gmail.com;worker
7639;Devina;Ciro;Devina.Ciro@gmail.com;worker
7640;Demetris;Burch;Demetris.Burch@gmail.com;worker
7641;Zsa Zsa;Chinua;Zsa Zsa.Chinua@gmail.com;doctor
7642;Anica;Wind;Anica.Wind@gmail.com;police officer
7643;Frances;Carleen;Frances.Carleen@gmail.com;developer
7644;Gusella;Papageno;Gusella.Papageno@gmail.com;firefighter
7645;Tamqrah;Longfellow;Tamqrah.Longfellow@gmail.com;worker
7646;Aeriela;Freddi;Aeriela.Freddi@gmail.com;police officer
7647;Jessamyn;Etom;Jessamyn.Etom@gmail.com;developer
7648;Blondelle;Blase;Blondelle.Blase@gmail.com;developer
7649;Gusty;Tristram;Gusty.Tristram@gmail.com;police officer
7650;Bobinette;Wesle;Bobinette.Wesle@gmail.com;doctor
7651;Fayre;Maxi;Fayre.Maxi@gmail.com;worker
7652;Lila;Hourigan;Lila.Hourigan@gmail.com;developer
7653;Marguerite;Brenn;Marguerite.Brenn@gmail.com;doctor
7654;Sallie;Avi;Sallie.Avi@gmail.com;developer
7655;Louella;Trace;Louella.Trace@gmail.com;police officer
7656;Meghann;Junie;Meghann.Junie@gmail.com;police officer
7657;Nerta;Podvin;Nerta.Podvin@gmail.com;police officer
7658;Wanda;Lumbard;Wanda.Lumbard@gmail.com;doctor
7659;Jorry;Dannye;Jorry.Dannye@gmail.com;developer
7660;Roseline;Larochelle;Roseline.Larochelle@gmail.com;worker
7661;Annice;Alexandr;Annice.Alexandr@gmail.com;doctor
7662;Amara;Gower;Amara.Gower@gmail.com;firefighter
7663;Lanna;Tufts;Lanna.Tufts@gmail.com;doctor
7664;Brietta;Abbot;Brietta.Abbot@gmail.com;firefighter
7665;Penelopa;Nisbet;Penelopa.Nisbet@gmail.com;worker
7666;Linet;Maisey;Linet.Maisey@gmail.com;police officer
7667;Aryn;Pernick;Aryn.Pernick@gmail.com;doctor
7668;Margalo;Jammal;Margalo.Jammal@gmail.com;police officer
7669;Gusella;Goldina;Gusella.Goldina@gmail.com;firefighter
7670;Aili;Jenness;Aili.Jenness@gmail.com;worker
7671;Cassandra;Percy;Cassandra.Percy@gmail.com;firefighter
7672;Daune;Seumas;Daune.Seumas@gmail.com;police officer
7673;Karolina;Corilla;Karolina.Corilla@gmail.com;police officer
7674;Verla;Matthew;Verla.Matthew@gmail.com;worker
7675;Kamilah;Kronfeld;Kamilah.Kronfeld@gmail.com;worker
7676;Harmonia;Raul;Harmonia.Raul@gmail.com;doctor
7677;Melodie;Winthorpe;Melodie.Winthorpe@gmail.com;doctor
7678;Josephine;Kamaria;Josephine.Kamaria@gmail.com;developer
7679;Peri;Lane;Peri.Lane@gmail.com;firefighter
7680;Kassey;Baylor;Kassey.Baylor@gmail.com;developer
7681;Binny;Freddi;Binny.Freddi@gmail.com;police officer
7682;Madeleine;Bord;Madeleine.Bord@gmail.com;police officer
7683;Kary;Fax;Kary.Fax@gmail.com;developer
7684;Marline;Suk;Marline.Suk@gmail.com;police officer
7685;Nadine;Gwenore;Nadine.Gwenore@gmail.com;worker
7686;Gwyneth;Teddman;Gwyneth.Teddman@gmail.com;developer
7687;Aili;Carleen;Aili.Carleen@gmail.com;doctor
7688;Edyth;Travax;Edyth.Travax@gmail.com;developer
7689;Phedra;Pierette;Phedra.Pierette@gmail.com;doctor
7690;Madalyn;Garbe;Madalyn.Garbe@gmail.com;police officer
7691;Althea;Jorgan;Althea.Jorgan@gmail.com;firefighter
7692;Fina;Modie;Fina.Modie@gmail.com;worker
7693;Minda;Nea;Minda.Nea@gmail.com;developer
7694;Regina;An;Regina.An@gmail.com;worker
7695;Mariele;Suzetta;Mariele.Suzetta@gmail.com;firefighter
7696;Michaelina;Angelis;Michaelina.Angelis@gmail.com;doctor
7697;Karina;Lanita;Karina.Lanita@gmail.com;worker
7698;Isa;Lail;Isa.Lail@gmail.com;police officer
7699;Ana;Bates;Ana.Bates@gmail.com;police officer
7700;Judy;Kirbee;Judy.Kirbee@gmail.com;firefighter
7701;Bettine;Korey;Bettine.Korey@gmail.com;developer
7702;Asia;Pyle;Asia.Pyle@gmail.com;worker
7703;Cecile;Angelis;Cecile.Angelis@gmail.com;worker
7704;Gale;Ambrosia;Gale.Ambrosia@gmail.com;police officer
7705;Carilyn;Romelda;Carilyn.Romelda@gmail.com;worker
7706;Romona;Zenas;Romona.Zenas@gmail.com;police officer
7707;Lusa;Yate;Lusa.Yate@gmail.com;police officer
7708;Jsandye;Izaak;Jsandye.Izaak@gmail.com;developer
7709;Lucy;Urias;Lucy.Urias@gmail.com;worker
7710;Kimberley;Belldas;Kimberley.Belldas@gmail.com;developer
7711;Sean;Rubie;Sean.Rubie@gmail.com;worker
7712;Janenna;Leffen;Janenna.Leffen@gmail.com;police officer
7713;Fred;Leary;Fred.Leary@gmail.com;developer
7714;Aubrie;McCutcheon;Aubrie.McCutcheon@gmail.com;worker
7715;Lusa;Hoenack;Lusa.Hoenack@gmail.com;doctor
7716;Randa;Eiser;Randa.Eiser@gmail.com;firefighter
7717;Clementine;Hathaway;Clementine.Hathaway@gmail.com;firefighter
7718;Mildrid;Anestassia;Mildrid.Anestassia@gmail.com;worker
7719;Marcelline;Natica;Marcelline.Natica@gmail.com;firefighter
7720;Tori;Tjon;Tori.Tjon@gmail.com;doctor
7721;Modestia;Noelyn;Modestia.Noelyn@gmail.com;developer
7722;Brietta;Cherianne;Brietta.Cherianne@gmail.com;police officer
7723;Kamilah;Carolin;Kamilah.Carolin@gmail.com;firefighter
7724;Tilly;Ranjiv;Tilly.Ranjiv@gmail.com;doctor
7725;Carmencita;Percy;Carmencita.Percy@gmail.com;police officer
7726;Tori;Goddard;Tori.Goddard@gmail.com;police officer
7727;Nicoli;Baudin;Nicoli.Baudin@gmail.com;firefighter
7728;Alia;Skell;Alia.Skell@gmail.com;developer
7729;Tressa;Carvey;Tressa.Carvey@gmail.com;doctor
7730;Constance;Nerita;Constance.Nerita@gmail.com;police officer
7731;Ida;Scammon;Ida.Scammon@gmail.com;police officer
7732;Orsola;Beniamino;Orsola.Beniamino@gmail.com;firefighter
7733;Dione;Nea;Dione.Nea@gmail.com;police officer
7734;Hallie;Janith;Hallie.Janith@gmail.com;doctor
7735;Nanete;McLaughlin;Nanete.McLaughlin@gmail.com;police officer
7736;Imojean;Wallis;Imojean.Wallis@gmail.com;firefighter
7737;Lisette;Cookie;Lisette.Cookie@gmail.com;police officer
7738;Emmey;Nicoline;Emmey.Nicoline@gmail.com;worker
7739;Marguerite;Ethban;Marguerite.Ethban@gmail.com;police officer
7740;Ilse;Dahlia;Ilse.Dahlia@gmail.com;police officer
7741;Jenda;Shirberg;Jenda.Shirberg@gmail.com;police officer
7742;Melina;Plato;Melina.Plato@gmail.com;doctor
7743;Bertine;Carleen;Bertine.Carleen@gmail.com;police officer
7744;Kristina;Carleen;Kristina.Carleen@gmail.com;developer
7745;Laure;Stilwell;Laure.Stilwell@gmail.com;worker
7746;Jenilee;Florina;Jenilee.Florina@gmail.com;developer
7747;Kayla;Nedrud;Kayla.Nedrud@gmail.com;police officer
7748;Ardenia;Merat;Ardenia.Merat@gmail.com;developer
7749;Riannon;Ephrem;Riannon.Ephrem@gmail.com;doctor
7750;Doralynne;Fitzsimmons;Doralynne.Fitzsimmons@gmail.com;police officer
7751;Renae;Devlen;Renae.Devlen@gmail.com;police officer
7752;Tobe;Shama;Tobe.Shama@gmail.com;worker
7753;Augustine;Dawkins;Augustine.Dawkins@gmail.com;firefighter
7754;Gaylene;Cassius;Gaylene.Cassius@gmail.com;developer
7755;Janey;Yerkovich;Janey.Yerkovich@gmail.com;doctor
7756;Fidelia;Buffum;Fidelia.Buffum@gmail.com;developer
7757;Albertina;Moina;Albertina.Moina@gmail.com;worker
7758;Rhea;Swanhildas;Rhea.Swanhildas@gmail.com;worker
7759;Vevay;Alrich;Vevay.Alrich@gmail.com;developer
7760;Nataline;Grosz;Nataline.Grosz@gmail.com;police officer
7761;Johna;Fosque;Johna.Fosque@gmail.com;police officer
7762;Sarette;Devlen;Sarette.Devlen@gmail.com;worker
7763;Harrietta;Jorgan;Harrietta.Jorgan@gmail.com;developer
7764;Candy;Septima;Candy.Septima@gmail.com;firefighter
7765;Dari;Wadell;Dari.Wadell@gmail.com;firefighter
7766;Gavrielle;Jobi;Gavrielle.Jobi@gmail.com;developer
7767;Shel;Bashemeth;Shel.Bashemeth@gmail.com;doctor
7768;Rhea;Mathilde;Rhea.Mathilde@gmail.com;firefighter
7769;Lucille;Lia;Lucille.Lia@gmail.com;doctor
7770;Latisha;Fry;Latisha.Fry@gmail.com;firefighter
7771;Lanae;Neils;Lanae.Neils@gmail.com;firefighter
7772;Selia;Nunci;Selia.Nunci@gmail.com;developer
7773;Courtnay;Camden;Courtnay.Camden@gmail.com;firefighter
7774;Kylynn;Joli;Kylynn.Joli@gmail.com;developer
7775;Kaja;Estella;Kaja.Estella@gmail.com;police officer
7776;Lonnie;Ashely;Lonnie.Ashely@gmail.com;developer
7777;Alia;Pauly;Alia.Pauly@gmail.com;worker
7778;Dorice;Arvo;Dorice.Arvo@gmail.com;police officer
7779;Selia;Monaco;Selia.Monaco@gmail.com;firefighter
7780;Corly;Nelsen;Corly.Nelsen@gmail.com;police officer
7781;Phylis;Allare;Phylis.Allare@gmail.com;police officer
7782;Concettina;Maurine;Concettina.Maurine@gmail.com;worker
7783;Elena;Delacourt;Elena.Delacourt@gmail.com;worker
7784;Edee;Ammann;Edee.Ammann@gmail.com;doctor
7785;Lynnea;Gerge;Lynnea.Gerge@gmail.com;doctor
7786;Gwyneth;Sawtelle;Gwyneth.Sawtelle@gmail.com;doctor
7787;Clo;Hebner;Clo.Hebner@gmail.com;developer
7788;Karina;Talia;Karina.Talia@gmail.com;firefighter
7789;Felice;Mandler;Felice.Mandler@gmail.com;worker
7790;Debee;Prouty;Debee.Prouty@gmail.com;doctor
7791;Daphne;Genna;Daphne.Genna@gmail.com;doctor
7792;Jerry;Keily;Jerry.Keily@gmail.com;firefighter
7793;Dotty;Forrer;Dotty.Forrer@gmail.com;police officer
7794;Linet;Winthorpe;Linet.Winthorpe@gmail.com;police officer
7795;Joeann;Wilona;Joeann.Wilona@gmail.com;worker
7796;Marsiella;Lymann;Marsiella.Lymann@gmail.com;police officer
7797;Livvyy;Hillel;Livvyy.Hillel@gmail.com;worker
7798;Elise;Kirstin;Elise.Kirstin@gmail.com;developer
7799;Hayley;Zaslow;Hayley.Zaslow@gmail.com;developer
7800;Caryl;Alice;Caryl.Alice@gmail.com;doctor
7801;Goldie;Herrera;Goldie.Herrera@gmail.com;worker
7802;Oona;Trinetta;Oona.Trinetta@gmail.com;doctor
7803;Paule;Pattin;Paule.Pattin@gmail.com;police officer
7804;Clarice;Jess;Clarice.Jess@gmail.com;firefighter
7805;Willetta;Corrine;Willetta.Corrine@gmail.com;police officer
7806;Lorie;Vary;Lorie.Vary@gmail.com;police officer
7807;Alyssa;Yoko;Alyssa.Yoko@gmail.com;firefighter
7808;Jasmina;Blase;Jasmina.Blase@gmail.com;doctor
7809;Theodora;Cecile;Theodora.Cecile@gmail.com;worker
7810;Norine;Keelia;Norine.Keelia@gmail.com;worker
7811;Kara-Lynn;Aloise;Kara-Lynn.Aloise@gmail.com;police officer
7812;Maridel;Bultman;Maridel.Bultman@gmail.com;police officer
7813;Nita;Durware;Nita.Durware@gmail.com;firefighter
7814;Rosabelle;Margret;Rosabelle.Margret@gmail.com;doctor
7815;Ulrike;Vastah;Ulrike.Vastah@gmail.com;developer
7816;Barbi;Abernon;Barbi.Abernon@gmail.com;firefighter
7817;Roberta;Zuzana;Roberta.Zuzana@gmail.com;doctor
7818;Raquela;Chabot;Raquela.Chabot@gmail.com;doctor
7819;Veda;Krystle;Veda.Krystle@gmail.com;firefighter
7820;Luci;Tamsky;Luci.Tamsky@gmail.com;firefighter
7821;Dode;Evangelia;Dode.Evangelia@gmail.com;firefighter
7822;Hannis;Faso;Hannis.Faso@gmail.com;worker
7823;Winny;Dannye;Winny.Dannye@gmail.com;developer
7824;Lilith;Diogenes;Lilith.Diogenes@gmail.com;police officer
7825;Oona;Cecile;Oona.Cecile@gmail.com;developer
7826;Phylis;August;Phylis.August@gmail.com;developer
7827;Halette;Callista;Halette.Callista@gmail.com;firefighter
7828;Raf;Sallyann;Raf.Sallyann@gmail.com;developer
7829;Blake;Ietta;Blake.Ietta@gmail.com;doctor
7830;Robbi;Granoff;Robbi.Granoff@gmail.com;developer
7831;Rivalee;Syd;Rivalee.Syd@gmail.com;developer
7832;Brietta;Isacco;Brietta.Isacco@gmail.com;worker
7833;Edith;Federica;Edith.Federica@gmail.com;doctor
7834;Bill;Hessler;Bill.Hessler@gmail.com;worker
7835;Jeanna;Lattie;Jeanna.Lattie@gmail.com;firefighter
7836;Myrtice;Grayce;Myrtice.Grayce@gmail.com;police officer
7837;Oralee;Thornburg;Oralee.Thornburg@gmail.com;police officer
7838;Karena;Donell;Karena.Donell@gmail.com;worker
7839;Marcy;Baylor;Marcy.Baylor@gmail.com;firefighter
7840;Gavrielle;Milson;Gavrielle.Milson@gmail.com;firefighter
7841;Consuela;Primalia;Consuela.Primalia@gmail.com;firefighter
7842;Regina;Deny;Regina.Deny@gmail.com;firefighter
7843;Melisent;Alwin;Melisent.Alwin@gmail.com;developer
7844;Gianina;Vorster;Gianina.Vorster@gmail.com;developer
7845;Shandie;Rudolph;Shandie.Rudolph@gmail.com;doctor
7846;Abbie;Rudolph;Abbie.Rudolph@gmail.com;doctor
7847;Carolina;Hubert;Carolina.Hubert@gmail.com;police officer
7848;Michaelina;Dermott;Michaelina.Dermott@gmail.com;doctor
7849;Brandise;Brandice;Brandise.Brandice@gmail.com;firefighter
7850;Catrina;Randene;Catrina.Randene@gmail.com;worker
7851;Ricky;Noelyn;Ricky.Noelyn@gmail.com;doctor
7852;Leia;Garlinda;Leia.Garlinda@gmail.com;doctor
7853;Carmencita;Klotz;Carmencita.Klotz@gmail.com;worker
7854;Joleen;Posner;Joleen.Posner@gmail.com;firefighter
7855;Drucie;Isidore;Drucie.Isidore@gmail.com;firefighter
7856;Danny;Henrie;Danny.Henrie@gmail.com;worker
7857;Gerrie;Reneta;Gerrie.Reneta@gmail.com;police officer
7858;Carmela;Bendick;Carmela.Bendick@gmail.com;firefighter
7859;Georgetta;Edee;Georgetta.Edee@gmail.com;firefighter
7860;Sallie;Ciapas;Sallie.Ciapas@gmail.com;doctor
7861;Sonni;Nore;Sonni.Nore@gmail.com;firefighter
7862;Candi;Gregrory;Candi.Gregrory@gmail.com;worker
7863;Aurore;Edmund;Aurore.Edmund@gmail.com;doctor
7864;Monika;Lane;Monika.Lane@gmail.com;worker
7865;Rori;Lasley;Rori.Lasley@gmail.com;developer
7866;Tiffie;Koziara;Tiffie.Koziara@gmail.com;worker
7867;Tani;Hessler;Tani.Hessler@gmail.com;firefighter
7868;Ruthe;Magdalen;Ruthe.Magdalen@gmail.com;worker
7869;Lorenza;Wenoa;Lorenza.Wenoa@gmail.com;firefighter
7870;Georgetta;Mallon;Georgetta.Mallon@gmail.com;worker
7871;Gabi;Eno;Gabi.Eno@gmail.com;doctor
7872;Nonnah;Ader;Nonnah.Ader@gmail.com;doctor
7873;Danny;Alarise;Danny.Alarise@gmail.com;worker
7874;Fina;Vittoria;Fina.Vittoria@gmail.com;police officer
7875;Allis;Tryck;Allis.Tryck@gmail.com;firefighter
7876;Henriette;Norrie;Henriette.Norrie@gmail.com;firefighter
7877;Aurore;Buttaro;Aurore.Buttaro@gmail.com;firefighter
7878;Paulita;Iphlgenia;Paulita.Iphlgenia@gmail.com;worker
7879;Lila;Thomasina;Lila.Thomasina@gmail.com;police officer
7880;Florencia;Rozanna;Florencia.Rozanna@gmail.com;firefighter
7881;Vivia;Willie;Vivia.Willie@gmail.com;police officer
7882;Hayley;Rogerio;Hayley.Rogerio@gmail.com;worker
7883;Joleen;Isidore;Joleen.Isidore@gmail.com;firefighter
7884;Thalia;Dex;Thalia.Dex@gmail.com;police officer
7885;Wilma;Si;Wilma.Si@gmail.com;police officer
7886;Myriam;Blake;Myriam.Blake@gmail.com;developer
7887;Elsie;Wareing;Elsie.Wareing@gmail.com;doctor
7888;Ardenia;Zamora;Ardenia.Zamora@gmail.com;developer
7889;Micheline;Means;Micheline.Means@gmail.com;firefighter
7890;Kathy;Maryanne;Kathy.Maryanne@gmail.com;doctor
7891;Andeee;Hewitt;Andeee.Hewitt@gmail.com;doctor
7892;Lyssa;Baudin;Lyssa.Baudin@gmail.com;police officer
7893;Berget;Eachern;Berget.Eachern@gmail.com;police officer
7894;Dianemarie;Danby;Dianemarie.Danby@gmail.com;police officer
7895;Jennica;Emmaline;Jennica.Emmaline@gmail.com;worker
7896;Charmaine;Engdahl;Charmaine.Engdahl@gmail.com;doctor
7897;Catharine;Kannry;Catharine.Kannry@gmail.com;firefighter
7898;Deloria;Latini;Deloria.Latini@gmail.com;doctor
7899;Mara;Carleen;Mara.Carleen@gmail.com;doctor
7900;Bettine;Giff;Bettine.Giff@gmail.com;doctor
7901;Yolane;Jeanne;Yolane.Jeanne@gmail.com;doctor
7902;Lynde;Destinee;Lynde.Destinee@gmail.com;police officer
7903;Hermione;Ricarda;Hermione.Ricarda@gmail.com;firefighter
7904;Madeleine;Regan;Madeleine.Regan@gmail.com;developer
7905;Ricky;Imelida;Ricky.Imelida@gmail.com;worker
7906;Alyssa;Schroth;Alyssa.Schroth@gmail.com;worker
7907;Reeba;Llovera;Reeba.Llovera@gmail.com;worker
7908;Bibby;Liebermann;Bibby.Liebermann@gmail.com;doctor
7909;Kamilah;Delila;Kamilah.Delila@gmail.com;firefighter
7910;Desirae;Fulmer;Desirae.Fulmer@gmail.com;firefighter
7911;Yolane;Regan;Yolane.Regan@gmail.com;developer
7912;Queenie;Celestine;Queenie.Celestine@gmail.com;developer
7913;Jobi;Brittani;Jobi.Brittani@gmail.com;doctor
7914;Marylou;Pearse;Marylou.Pearse@gmail.com;developer
7915;Ada;Ferino;Ada.Ferino@gmail.com;developer
7916;Julieta;Posner;Julieta.Posner@gmail.com;police officer
7917;Corene;Modie;Corene.Modie@gmail.com;developer
7918;Deane;Phyllis;Deane.Phyllis@gmail.com;firefighter
7919;Randa;Medrek;Randa.Medrek@gmail.com;worker
7920;Helena;Gilbertson;Helena.Gilbertson@gmail.com;firefighter
7921;Kristina;Yam;Kristina.Yam@gmail.com;worker
7922;Ileana;Hanshaw;Ileana.Hanshaw@gmail.com;firefighter
7923;Shaine;Erskine;Shaine.Erskine@gmail.com;worker
7924;Albertina;Belldas;Albertina.Belldas@gmail.com;firefighter
7925;Florie;Shaver;Florie.Shaver@gmail.com;doctor
7926;Sissy;Vorster;Sissy.Vorster@gmail.com;police officer
7927;Nyssa;Martsen;Nyssa.Martsen@gmail.com;firefighter
7928;Chastity;Beniamino;Chastity.Beniamino@gmail.com;firefighter
7929;Verla;Ludewig;Verla.Ludewig@gmail.com;firefighter
7930;Binny;Prouty;Binny.Prouty@gmail.com;firefighter
7931;Doro;Milson;Doro.Milson@gmail.com;firefighter
7932;Aeriela;Henebry;Aeriela.Henebry@gmail.com;doctor
7933;Chloris;Muriel;Chloris.Muriel@gmail.com;police officer
7934;Sandie;Fillbert;Sandie.Fillbert@gmail.com;doctor
7935;Stacey;Richers;Stacey.Richers@gmail.com;developer
7936;Hayley;Gladstone;Hayley.Gladstone@gmail.com;worker
7937;Gerianna;Katrine;Gerianna.Katrine@gmail.com;developer
7938;Janis;Kalinda;Janis.Kalinda@gmail.com;worker
7939;Brandise;Armanda;Brandise.Armanda@gmail.com;developer
7940;Eugine;Daegal;Eugine.Daegal@gmail.com;doctor
7941;Lucy;Arvo;Lucy.Arvo@gmail.com;worker
7942;Katharina;Ranjiv;Katharina.Ranjiv@gmail.com;police officer
7943;Halette;Hachmin;Halette.Hachmin@gmail.com;developer
7944;Meghann;Elo;Meghann.Elo@gmail.com;doctor
7945;Dede;Devlen;Dede.Devlen@gmail.com;doctor
7946;Norine;Timon;Norine.Timon@gmail.com;police officer
7947;Theodora;Huggins;Theodora.Huggins@gmail.com;firefighter
7948;Molli;Bultman;Molli.Bultman@gmail.com;developer
7949;Fanchon;Tremayne;Fanchon.Tremayne@gmail.com;worker
7950;Celisse;Dominy;Celisse.Dominy@gmail.com;worker
7951;Stacey;Hessler;Stacey.Hessler@gmail.com;doctor
7952;Carly;Edison;Carly.Edison@gmail.com;doctor
7953;Gui;Candy;Gui.Candy@gmail.com;police officer
7954;Nariko;Pillsbury;Nariko.Pillsbury@gmail.com;police officer
7955;Minda;Bartlett;Minda.Bartlett@gmail.com;developer
7956;Rochette;Dichy;Rochette.Dichy@gmail.com;doctor
7957;Dagmar;Azeria;Dagmar.Azeria@gmail.com;police officer
7958;Rochette;Rona;Rochette.Rona@gmail.com;developer
7959;Jasmina;Jorgan;Jasmina.Jorgan@gmail.com;developer
7960;Aeriela;Dunkin;Aeriela.Dunkin@gmail.com;worker
7961;Mildrid;Amasa;Mildrid.Amasa@gmail.com;police officer
7962;Neila;Land;Neila.Land@gmail.com;worker
7963;Olwen;Joeann;Olwen.Joeann@gmail.com;firefighter
7964;Dianemarie;Raul;Dianemarie.Raul@gmail.com;worker
7965;Dacia;Poll;Dacia.Poll@gmail.com;doctor
7966;Kaja;Brian;Kaja.Brian@gmail.com;worker
7967;Margalo;Destinee;Margalo.Destinee@gmail.com;developer
7968;Joeann;Roarke;Joeann.Roarke@gmail.com;doctor
7969;Cacilie;Erminia;Cacilie.Erminia@gmail.com;worker
7970;Marcelline;Georas;Marcelline.Georas@gmail.com;police officer
7971;Yvonne;Bartlett;Yvonne.Bartlett@gmail.com;developer
7972;Tori;Whiffen;Tori.Whiffen@gmail.com;worker
7973;Ronna;Persse;Ronna.Persse@gmail.com;doctor
7974;Gianina;Teddman;Gianina.Teddman@gmail.com;firefighter
7975;Addia;Marijo;Addia.Marijo@gmail.com;doctor
7976;Elka;Graig;Elka.Graig@gmail.com;developer
7977;Cristabel;Constancy;Cristabel.Constancy@gmail.com;developer
7978;Corry;Dex;Corry.Dex@gmail.com;firefighter
7979;Ginnie;Suanne;Ginnie.Suanne@gmail.com;police officer
7980;Basia;Granoff;Basia.Granoff@gmail.com;firefighter
7981;Cathyleen;Schwejda;Cathyleen.Schwejda@gmail.com;doctor
7982;Christal;Zaslow;Christal.Zaslow@gmail.com;police officer
7983;Arlena;Bonucci;Arlena.Bonucci@gmail.com;police officer
7984;Joeann;Colyer;Joeann.Colyer@gmail.com;doctor
7985;Genevra;Ralfston;Genevra.Ralfston@gmail.com;worker
7986;Brana;LaRue;Brana.LaRue@gmail.com;police officer
7987;Jolyn;Armanda;Jolyn.Armanda@gmail.com;firefighter
7988;Merci;Raffo;Merci.Raffo@gmail.com;police officer
7989;Shaine;Baylor;Shaine.Baylor@gmail.com;worker
7990;Nadine;Gusella;Nadine.Gusella@gmail.com;doctor
7991;Laurene;Blase;Laurene.Blase@gmail.com;worker
7992;Allis;Goth;Allis.Goth@gmail.com;firefighter
7993;Ezmeralda;Ailyn;Ezmeralda.Ailyn@gmail.com;developer
7994;Elbertina;Teddman;Elbertina.Teddman@gmail.com;police officer
7995;Lenna;Skurnik;Lenna.Skurnik@gmail.com;firefighter
7996;Kelly;Zeeba;Kelly.Zeeba@gmail.com;doctor
7997;Vinita;Andrel;Vinita.Andrel@gmail.com;worker
7998;Babita;Macey;Babita.Macey@gmail.com;firefighter
7999;Kaia;Pozzy;Kaia.Pozzy@gmail.com;police officer
8000;Amii;Dearborn;Amii.Dearborn@gmail.com;worker
8001;Sadie;McNully;Sadie.McNully@gmail.com;firefighter
8002;Justinn;Faso;Justinn.Faso@gmail.com;doctor
8003;Bee;Heisel;Bee.Heisel@gmail.com;developer
8004;Darci;Judye;Darci.Judye@gmail.com;police officer
8005;Miquela;Amasa;Miquela.Amasa@gmail.com;police officer
8006;Deane;Scammon;Deane.Scammon@gmail.com;doctor
8007;Nanete;Gherardo;Nanete.Gherardo@gmail.com;worker
8008;Christy;Raul;Christy.Raul@gmail.com;doctor
8009;Mellicent;Laurianne;Mellicent.Laurianne@gmail.com;firefighter
8010;Sabina;Flyn;Sabina.Flyn@gmail.com;doctor
8011;Althea;Caitlin;Althea.Caitlin@gmail.com;worker
8012;Wanda;Shaver;Wanda.Shaver@gmail.com;developer
8013;Max;Eugenia;Max.Eugenia@gmail.com;developer
8014;Sherrie;Margret;Sherrie.Margret@gmail.com;firefighter
8015;Fayre;Colp;Fayre.Colp@gmail.com;firefighter
8016;Gwyneth;Serilda;Gwyneth.Serilda@gmail.com;doctor
8017;Nonnah;Nore;Nonnah.Nore@gmail.com;worker
8018;Daryl;Aurelio;Daryl.Aurelio@gmail.com;firefighter
8019;Mara;Sophronia;Mara.Sophronia@gmail.com;developer
8020;Meriel;Beebe;Meriel.Beebe@gmail.com;developer
8021;Justinn;Fadiman;Justinn.Fadiman@gmail.com;police officer
8022;Frieda;Rogerio;Frieda.Rogerio@gmail.com;worker
8023;Edee;Federica;Edee.Federica@gmail.com;police officer
8024;Konstance;Madaih;Konstance.Madaih@gmail.com;worker
8025;Gusella;Khorma;Gusella.Khorma@gmail.com;firefighter
8026;Gilligan;Borrell;Gilligan.Borrell@gmail.com;firefighter
8027;Kerrin;Sholley;Kerrin.Sholley@gmail.com;police officer
8028;Christian;Arathorn;Christian.Arathorn@gmail.com;worker
8029;Dorice;Janith;Dorice.Janith@gmail.com;doctor
8030;Clo;Lareena;Clo.Lareena@gmail.com;firefighter
8031;Karena;Tremayne;Karena.Tremayne@gmail.com;firefighter
8032;Jessy;Lenny;Jessy.Lenny@gmail.com;doctor
8033;Lelah;Vale;Lelah.Vale@gmail.com;worker
8034;Minda;Kaja;Minda.Kaja@gmail.com;developer
8035;Fanchon;Skell;Fanchon.Skell@gmail.com;firefighter
8036;Annecorinne;Jagir;Annecorinne.Jagir@gmail.com;police officer
8037;Belva;Merat;Belva.Merat@gmail.com;firefighter
8038;Jaclyn;Calhoun;Jaclyn.Calhoun@gmail.com;firefighter
8039;Vivia;Fulmer;Vivia.Fulmer@gmail.com;police officer
8040;Wilma;Millda;Wilma.Millda@gmail.com;developer
8041;Sheree;Suzetta;Sheree.Suzetta@gmail.com;worker
8042;Ricky;Kirbee;Ricky.Kirbee@gmail.com;worker
8043;Eolanda;Kamaria;Eolanda.Kamaria@gmail.com;police officer
8044;Ekaterina;Olympium;Ekaterina.Olympium@gmail.com;firefighter
8045;Britte;Roche;Britte.Roche@gmail.com;police officer
8046;Collen;Simmonds;Collen.Simmonds@gmail.com;doctor
8047;Mariele;Sheng;Mariele.Sheng@gmail.com;police officer
8048;Allis;Nadia;Allis.Nadia@gmail.com;police officer
8049;Kerrin;Alva;Kerrin.Alva@gmail.com;doctor
8050;Nelle;Kolnick;Nelle.Kolnick@gmail.com;worker
8051;Demetris;McLaughlin;Demetris.McLaughlin@gmail.com;worker
8052;Molli;Leonard;Molli.Leonard@gmail.com;worker
8053;Frances;Gower;Frances.Gower@gmail.com;doctor
8054;Gui;Weide;Gui.Weide@gmail.com;worker
8055;Genovera;Standing;Genovera.Standing@gmail.com;doctor
8056;Mathilda;Fiann;Mathilda.Fiann@gmail.com;police officer
8057;Florie;Carey;Florie.Carey@gmail.com;police officer
8058;Marnia;Nedrud;Marnia.Nedrud@gmail.com;doctor
8059;Tersina;Soneson;Tersina.Soneson@gmail.com;doctor
8060;Di;Lutero;Di.Lutero@gmail.com;doctor
8061;Ericka;Tillford;Ericka.Tillford@gmail.com;developer
8062;Nadine;Lymann;Nadine.Lymann@gmail.com;firefighter
8063;Kerrin;Vivle;Kerrin.Vivle@gmail.com;developer
8064;Arlena;Rolf;Arlena.Rolf@gmail.com;worker
8065;Kittie;Vivle;Kittie.Vivle@gmail.com;firefighter
8066;Deedee;Sophronia;Deedee.Sophronia@gmail.com;police officer
8067;Miquela;Slifka;Miquela.Slifka@gmail.com;doctor
8068;Ira;Milde;Ira.Milde@gmail.com;doctor
8069;Sharlene;Guildroy;Sharlene.Guildroy@gmail.com;worker
8070;Harmonia;Lissi;Harmonia.Lissi@gmail.com;worker
8071;Mellicent;Kaete;Mellicent.Kaete@gmail.com;worker
8072;Monika;Santoro;Monika.Santoro@gmail.com;worker
8073;Devina;Timon;Devina.Timon@gmail.com;firefighter
8074;Sandie;Kristi;Sandie.Kristi@gmail.com;police officer
8075;Marleah;Hieronymus;Marleah.Hieronymus@gmail.com;firefighter
8076;Tomasina;Jethro;Tomasina.Jethro@gmail.com;worker
8077;Alejandra;Anestassia;Alejandra.Anestassia@gmail.com;doctor
8078;Mara;Strephon;Mara.Strephon@gmail.com;worker
8079;Deane;Astra;Deane.Astra@gmail.com;police officer
8080;Jackie;Valoniah;Jackie.Valoniah@gmail.com;worker
8081;Josephine;Anton;Josephine.Anton@gmail.com;firefighter
8082;Dorene;Albertine;Dorene.Albertine@gmail.com;worker
8083;Ricky;Schonfeld;Ricky.Schonfeld@gmail.com;police officer
8084;Lanna;Mozelle;Lanna.Mozelle@gmail.com;police officer
8085;Edee;Bevin;Edee.Bevin@gmail.com;developer
8086;Eadie;Leler;Eadie.Leler@gmail.com;police officer
8087;Nollie;Ashok;Nollie.Ashok@gmail.com;worker
8088;Elyssa;Shirberg;Elyssa.Shirberg@gmail.com;worker
8089;Roxane;Vacuva;Roxane.Vacuva@gmail.com;firefighter
8090;Gwyneth;Warthman;Gwyneth.Warthman@gmail.com;doctor
8091;Gale;Borrell;Gale.Borrell@gmail.com;police officer
8092;Trudie;Shanley;Trudie.Shanley@gmail.com;developer
8093;Ardys;Adalbert;Ardys.Adalbert@gmail.com;worker
8094;Sashenka;Sasnett;Sashenka.Sasnett@gmail.com;police officer
8095;Ira;Rosette;Ira.Rosette@gmail.com;firefighter
8096;Hyacinthe;Hanleigh;Hyacinthe.Hanleigh@gmail.com;developer
8097;Carilyn;Reneta;Carilyn.Reneta@gmail.com;doctor
8098;Minda;Garbe;Minda.Garbe@gmail.com;firefighter
8099;Rivalee;Camden;Rivalee.Camden@gmail.com;firefighter