id;firstname;lastname;email;profession
9100;Diena;Wildermuth;Diena.Wildermuth@gmail.com;police officer
9101;Lulita;Edison;Lulita.Edison@gmail.com;firefighter
9102;Ronna;Amand;Ronna.Amand@gmail.com;worker
9103;Angela;Decato;Angela.Decato@gmail.com;doctor
9104;Frieda;Hunfredo;Frieda.Hunfredo@gmail.com;firefighter
9105;Violet;Skell;Violet.Skell@gmail.com;police officer
9106;Jorry;Auberbach;Jorry.Auberbach@gmail.com;developer
9107;Daphne;Joachim;Daphne.Joachim@gmail.com;worker
9108;Corina;Zola;Corina.Zola@gmail.com;developer
9109;Augustine;Reidar;Augustine.Reidar@gmail.com;firefighter
9110;Gabi;Monaco;Gabi.Monaco@gmail.com;doctor
9111;Harrietta;Hermes;Harrietta.Hermes@gmail.com;developer
9112;Fawne;Destinee;Fawne.Destinee@gmail.com;developer
9113;Misha;Ahab;Misha.Ahab@gmail.com;police officer
9114;Lexine;Han;Lexine.Han@gmail.com;police officer
9115;Lonnie;Uird;Lonnie.Uird@gmail.com;worker
9116;Britni;Hazlett;Britni.Hazlett@gmail.com;worker
9117;Asia;Forrer;Asia.Forrer@gmail.com;developer
9118;Belva;Hanleigh;Belva.Hanleigh@gmail.com;firefighter
9119;Camile;Daniele;Camile.Daniele@gmail.com;firefighter
9120;Iseabal;Jacinda;Iseabal.Jacinda@gmail.com;firefighter
9121;Lulita;Kravits;Lulita.Kravits@gmail.com;developer
9122;Marylou;Ellord;Marylou.Ellord@gmail.com;police officer
9123;Marjie;Frodi;Marjie.Frodi@gmail.com;police officer
9124;Sabina;Autrey;Sabina.Autrey@gmail.com;police officer
9125;Ruthe;Wooster;Ruthe.Wooster@gmail.com;police officer
9126;Hettie;Hertzfeld;Hettie.Hertzfeld@gmail.com;developer
9127;Mahalia;Shirberg;Mahalia.Shirberg@gmail.com;worker
9128;Allyce;Chrystel;Allyce.Chrystel@gmail.com;police officer
9129;Tamqrah;Sasnett;Tamqrah.Sasnett@gmail.com;developer
9130;Juliane;Gregrory;Juliane.Gregrory@gmail.com;doctor
9131;Olivette;Toffic;Olivette.Toffic@gmail.com;firefighter
9132;Babita;Vharat;Babita.Vharat@gmail.com;police officer
9133;Maridel;Yuille;Maridel.Yuille@gmail.com;firefighter
9134;Tilly;Delacourt;Tilly.Delacourt@gmail.com;firefighter
9135;Miquela;Magdalen;Miquela.Magdalen@gmail.com;firefighter
9136;Lulita;Bow;Lulita.Bow@gmail.com;worker
9137;Livvyy;Eno;Livvyy.Eno@gmail.com;police officer
9138;Averyl;Goode;Averyl.Goode@gmail.com;firefighter
9139;Dolli;Kaete;Dolli.Kaete@gmail.com;firefighter
9140;Marita;Neva;Marita.Neva@gmail.com;police officer
9141;Cherrita;Japeth;Cherrita.Japeth@gmail.com;developer
9142;Tierney;Douglass;Tierney.Douglass@gmail.com;worker
9143;Fredericka;Lipson;Fredericka.Lipson@gmail.com;doctor
9144;Lucy;Jacobah;Lucy.Jacobah@gmail.com;doctor
9145;Alyda;Shelba;Alyda.Shelba@gmail.com;doctor
9146;Danika;Chandler;Danika.Chandler@gmail.com;developer
9147;Ottilie;Couture;Ottilie.Couture@gmail.com;worker
9148;Lynea;Persse;Lynea.Persse@gmail.com;firefighter
9149;Alyssa;Greenwald;Alyssa.Greenwald@gmail.com;police officer
9150;Karly;Blisse;Karly.Blisse@gmail.com;police officer
9151;Netty;Belldas;Netty.Belldas@gmail.com;developer
9152;Ursulina;Ellord;Ursulina.Ellord@gmail.com;firefighter
9153;Evita;An;Evita.An@gmail.com;firefighter
9154;Dode;Bandeen;Dode.Bandeen@gmail.com;doctor
9155;Lelah;Hourigan;Lelah.Hourigan@gmail.com;doctor
9156;Aigneis;Wattenberg;Aigneis.Wattenberg@gmail.com;worker
9157;Fredericka;Milde;Fredericka.Milde@gmail.com;doctor
9158;Shauna;Codding;Shauna.Codding@gmail.com;doctor
9159;Corina;Caitlin;Corina.Caitlin@gmail.com;doctor
9160;Coral;Lissi;Coral.Lissi@gmail.com;doctor
9161;Jorry;Helve;Jorry.Helve@gmail.com;firefighter
9162;Ursulina;Millda;Ursulina.Millda@gmail.com;police officer
9163;Neila;Teryn;Neila.Teryn@gmail.com;firefighter
9164;Lanae;Bivins;Lanae.Bivins@gmail.com;doctor
9165;Gwyneth;Ezar;Gwyneth.Ezar@gmail.com;doctor
9166;Ottilie;Lory;Ottilie.Lory@gmail.com;worker
9167;Maridel;Stacy;Maridel.Stacy@gmail.com;developer
9168;Ida;Markman;Ida.Markman@gmail.com;firefighter
9169;Agathe;Fillbert;Agathe.Fillbert@gmail.com;worker
9170;Nickie;Maples;Nickie.Maples@gmail.com;police officer
9171;Jorry;Wilona;Jorry.Wilona@gmail.com;doctor
9172;Mildrid;Gino;Mildrid.Gino@gmail.com;developer
9173;Laurene;Faro;Laurene.Faro@gmail.com;worker
9174;Jennica;Bronk;Jennica.Bronk@gmail.com;police officer
9175;Jorry;Hailee;Jorry.Hailee@gmail.com;firefighter
9176;Carolina;Vorster;Carolina.Vorster@gmail.com;worker
9177;Sallie;Ade;Sallie.Ade@gmail.com;police officer
9178;Dominga;Bryna;Dominga.Bryna@gmail.com;developer
9179;Cyndie;Lorain;Cyndie.Lorain@gmail.com;doctor
9180;Carol-Jean;Francene;Carol-Jean.Francene@gmail.com;police officer
9181;Christy;Goth;Christy.Goth@gmail.com;developer
9182;Robinia;Prouty;Robinia.Prouty@gmail.com;police officer
9183;Jan;Kaja;Jan.Kaja@gmail.com;doctor
9184;Caressa;Bartlett;Caressa.Bartlett@gmail.com;worker
9185;Rhea;Alarise;Rhea.Alarise@gmail.com;police officer
9186;Sidoney;Kenwood;Sidoney.Kenwood@gmail.com;worker
9187;Harrietta;Ackerley;Harrietta.Ackerley@gmail.com;worker
9188;Selia;Rudolph;Selia.Rudolph@gmail.com;firefighter
9189;Winifred;Drus;Winifred.Drus@gmail.com;doctor
9190;Andeee;Hortensia;Andeee.Hortensia@gmail.com;firefighter
9191;Fanny;Dawkins;Fanny.Dawkins@gmail.com;worker
9192;Dianemarie;Montgomery;Dianemarie.Montgomery@gmail.com;firefighter
9193;Aurore;Monaco;Aurore.Monaco@gmail.com;doctor
9194;Monika;Weide;Monika.Weide@gmail.com;doctor
9195;Ardeen;Joseph;Ardeen.Joseph@gmail.com;worker
9196;Sophia;Kristi;Sophia.Kristi@gmail.com;developer
9197;Laurene;Bevin;Laurene.Bevin@gmail.com;police officer
9198;Jere;Havens;Jere.Havens@gmail.com;police officer
9199;Marinna;Katrine;Marinna.Katrine@gmail.com;doctor
9200;Cindelyn;Bouchard;Cindelyn.Bouchard@gmail.com;developer
9201;Claresta;Hebner;Claresta.Hebner@gmail.com;firefighter
9202;Teriann;Odell;Teriann.Odell@gmail.com;worker
9203;Elsie;Hutchison;Elsie.Hutchison@gmail.com;worker
9204;Theodora;Friede;Theodora.Friede@gmail.com;developer
9205;Susette;Berl;Susette.Berl@gmail.com;doctor
9206;Emelina;Merriott;Emelina.Merriott@gmail.com;doctor
9207;Alisha;Valerio;Alisha.Valerio@gmail.com;police officer
9208;Aryn;Ulphia;Aryn.Ulphia@gmail.com;developer
9209;Bertine;Idelia;Bertine.Idelia@gmail.com;developer
9210;Jorry;Sheng;Jorry.Sheng@gmail.com;doctor
9211;Kassey;Holbrook;Kassey.Holbrook@gmail.com;doctor
9212;Sonni;Screens;Sonni.Screens@gmail.com;developer
9213;Lulita;Firmin;Lulita.Firmin@gmail.com;firefighter
9214;Flo;Chobot;Flo.Chobot@gmail.com;doctor
9215;Teriann;Nerita;Teriann.Nerita@gmail.com;police officer
9216;Paule;Junie;Paule.Junie@gmail.com;doctor
9217;Nicoli;Egbert;Nicoli.Egbert@gmail.com;developer
9218;Nannie;Rurik;Nannie.Rurik@gmail.com;firefighter
9219;Berget;Lilybelle;Berget.Lilybelle@gmail.com;worker
9220;Kore;Marsden;Kore.Marsden@gmail.com;police officer
9221;Joelly;Rad;Joelly.Rad@gmail.com;doctor
9222;Magdalena;Kenwood;Magdalena.Kenwood@gmail.com;doctor
9223;Rhoda;Gordon;Rhoda.Gordon@gmail.com;worker
9224;Christal;Bandeen;Christal.Bandeen@gmail.com;police officer
9225;Jolyn;Dahlia;Jolyn.Dahlia@gmail.com;firefighter
9226;Fanny;Lissi;Fanny.Lissi@gmail.com;doctor
9227;Joleen;Ellerey;Joleen.Ellerey@gmail.com;firefighter
9228;Willetta;Tamar;Willetta.Tamar@gmail.com;doctor
9229;Ninnetta;Weaks;Ninnetta.Weaks@gmail.com;firefighter
9230;Netty;Virgin;Netty.Virgin@gmail.com;worker
9231;Tomasina;Taam;Tomasina.Taam@gmail.com;worker
9232;Gabriellia;Margret;Gabriellia.Margret@gmail.com;worker
9233;Cissiee;Vins;Cissiee.Vins@gmail.com;police officer
9234;Marika;Dorcy;Marika.Dorcy@gmail.com;doctor
9235;Danny;Penelopa;Danny.Penelopa@gmail.com;doctor
9236;Sadie;Kirbee;Sadie.Kirbee@gmail.com;doctor
9237;Wendi;Middleton;Wendi.Middleton@gmail.com;firefighter
9238;Charissa;Pulsifer;Charissa.Pulsifer@gmail.com;police officer
9239;Michaelina;Sammons;Michaelina.Sammons@gmail.com;developer
9240;Vevay;Daegal;Vevay.Daegal@gmail.com;worker
9241;Katuscha;Schalles;Katuscha.Schalles@gmail.com;developer
9242;Tracey;Saree;Tracey.Saree@gmail.com;developer
9243;Shaine;Old;Shaine.Old@gmail.com;firefighter
9244;Therine;Leonard;Therine.Leonard@gmail.com;worker
9245;Rubie;Carleen;Rubie.Carleen@gmail.com;firefighter
9246;Leeanne;Autrey;Leeanne.Autrey@gmail.com;police officer
9247;Giustina;Libna;Giustina.Libna@gmail.com;doctor
9248;Caressa;Bonucci;Caressa.Bonucci@gmail.com;developer
9249;Vonny;Velick;Vonny.Velick@gmail.com;developer
9250;Luci;Holbrook;Luci.Holbrook@gmail.com;police officer
9251;Keelia;Lucienne;Keelia.Lucienne@gmail.com;police officer
9252;Suzette;Harned;Suzette.Harned@gmail.com;worker
9253;Chloris;Ax;Chloris.Ax@gmail.com;developer
9254;Marjie;Crudden;Marjie.Crudden@gmail.com;police officer
9255;Concettina;Rogerio;Concettina.Rogerio@gmail.com;worker
9256;Marinna;Fairweather;Marinna.Fairweather@gmail.com;doctor
9257;Queenie;Bonucci;Queenie.Bonucci@gmail.com;developer
9258;Cristine;Valoniah;Cristine.Valoniah@gmail.com;police officer
9259;Theodora;Edee;Theodora.Edee@gmail.com;worker
9260;Barbi;Wu;Barbi.Wu@gmail.com;worker
9261;Leia;Sinegold;Leia.Sinegold@gmail.com;doctor
9262;Concettina;Trey;Concettina.Trey@gmail.com;developer
9263;Julieta;Christine;Julieta.Christine@gmail.com;police officer
9264;Basia;Granoff;Basia.Granoff@gmail.com;doctor
9265;Jere;Calhoun;Jere.Calhoun@gmail.com;doctor
9266;Nonnah;Leary;Nonnah.Leary@gmail.com;worker
9267;Priscilla;Adamsen;Priscilla.Adamsen@gmail.com;police officer
9268;Tobe;Stelle;Tobe.Stelle@gmail.com;worker
9269;Lenna;Bevin;Lenna.Bevin@gmail.com;police officer
9270;Mathilda;Camden;Mathilda.Camden@gmail.com;developer
9271;Dawn;Tatianas;Dawn.Tatianas@gmail.com;worker
9272;Jaclyn;Trey;Jaclyn.Trey@gmail.com;firefighter
9273;Ezmeralda;Nelsen;Ezmeralda.Nelsen@gmail.com;doctor
9274;Joy;Emmy;Joy.Emmy@gmail.com;firefighter
9275;Shauna;Vastah;Shauna.Vastah@gmail.com;firefighter
9276;Arlina;Constancy;Arlina.Constancy@gmail.com;developer
9277;Penelopa;Kendrick;Penelopa.Kendrick@gmail.com;developer
9278;Kore;Sigfrid;Kore.Sigfrid@gmail.com;police officer
9279;Marita;Byrne;Marita.Byrne@gmail.com;firefighter
9280;Carmencita;Isacco;Carmencita.Isacco@gmail.com;worker
9281;Lyssa;Boehike;Lyssa.Boehike@gmail.com;worker
9282;Gusty;Alcott;Gusty.Alcott@gmail.com;police officer
9283;Lelah;Jeanne;Lelah.Jeanne@gmail.com;developer
9284;Kimberley;Si;Kimberley.Si@gmail.com;developer
9285;Linet;Salchunas;Linet.Salchunas@gmail.com;doctor
9286;Lexine;Judye;Lexine.Judye@gmail.com;police officer
9287;Nerta;Ralfston;Nerta.Ralfston@gmail.com;doctor
9288;Ileana;Girardo;Ileana.Girardo@gmail.com;police officer
9289;Carolina;Lumbard;Carolina.Lumbard@gmail.com;firefighter
9290;Liana;Rhu;Liana.Rhu@gmail.com;firefighter
9291;Rochette;Jagir;Rochette.Jagir@gmail.com;doctor
9292;Belinda;Hillel;Belinda.Hillel@gmail.com;doctor
9293;Sandie;Laverne;Sandie.Laverne@gmail.com;developer
9294;Tilly;Oneida;Tilly.Oneida@gmail.com;doctor
9295;Rori;Amethist;Rori.Amethist@gmail.com;developer
9296;Riannon;Breed;Riannon.Breed@gmail.com;police officer
9297;Dawn;Colyer;Dawn.Colyer@gmail.com;doctor
9298;Gilda;Rossner;Gilda.Rossner@gmail.com;developer
9299;Lonnie;Dunkin;Lonnie.Dunkin@gmail.com;developer
9300;Eolanda;Hutchison;Eolanda.Hutchison@gmail.com;police officer
9301;Chastity;Jorgan;Chastity.Jorgan@gmail.com;developer
9302;Annora;Wesle;Annora.Wesle@gmail.com;firefighter
9303;Shaine;Chauncey;Shaine.Chauncey@gmail.com;police officer
9304;Korrie;Thomasina;Korrie.Thomasina@gmail.com;worker
9305;Lilith;Kauppi;Lilith.Kauppi@gmail.com;worker
9306;Gwenneth;Kunin;Gwenneth.Kunin@gmail.com;police officer
9307;Olwen;Vharat;Olwen.Vharat@gmail.com;worker
9308;Alie;Fennessy;Alie.Fennessy@gmail.com;doctor
9309;Lelah;Nadia;Lelah.Nadia@gmail.com;doctor
9310;Kellen;Nerita;Kellen.Nerita@gmail.com;doctor
9311;Leeanne;Carolin;Leeanne.Carolin@gmail.com;doctor
9312;Katharina;Alcott;Katharina.Alcott@gmail.com;developer
9313;Johna;Raffo;Johna.Raffo@gmail.com;firefighter
9314;Jaclyn;Florina;Jaclyn.Florina@gmail.com;doctor
9315;Carolina;Brotherson;Carolina.Brotherson@gmail.com;worker
9316;Charmaine;Riva;Charmaine.Riva@gmail.com;worker
9317;Ingrid;Anestassia;Ingrid.Anestassia@gmail.com;developer
9318;Sue;Gwenore;Sue.Gwenore@gmail.com;firefighter
9319;Tamqrah;Wesle;Tamqrah.Wesle@gmail.com;worker
9320;Annice;McNully;Annice.McNully@gmail.com;developer
9321;Jordan;Ietta;Jordan.Ietta@gmail.com;worker
9322;Annora;Wenda;Annora.Wenda@gmail.com;worker
9323;Carol-Jean;Glovsky;Carol-Jean.Glovsky@gmail.com;firefighter
9324;Lynea;Gilmour;Lynea.Gilmour@gmail.com;doctor
9325;Lynnea;Cecile;Lynnea.Cecile@gmail.com;doctor
9326;Merci;Merna;Merci.Merna@gmail.com;doctor
9327;Farrah;McGrody;Farrah.McGrody@gmail.com;police officer
9328;Mellicent;Wyn;Mellicent.Wyn@gmail.com;firefighter
9329;Giustina;Zachary;Giustina.Zachary@gmail.com;police officer
9330;Kate;Alice;Kate.Alice@gmail.com;worker
9331;Roz;Anastatius;Roz.Anastatius@gmail.com;firefighter
9332;Paulita;Ovid;Paulita.Ovid@gmail.com;firefighter
9333;Coral;Hilbert;Coral.Hilbert@gmail.com;police officer
9334;Ana;Philoo;Ana.Philoo@gmail.com;police officer
9335;Ingrid;Tippets;Ingrid.Tippets@gmail.com;firefighter
9336;Peri;Hourigan;Peri.Hourigan@gmail.com;police officer
9337;Lenna;Dudley;Lenna.Dudley@gmail.com;doctor
9338;Elora;Montgomery;Elora.Montgomery@gmail.com;developer
9339;Courtnay;Ramona;Courtnay.Ramona@gmail.com;police officer
9340;Emmey;Lauraine;Emmey.Lauraine@gmail.com;developer
9341;Ruthe;Abernon;Ruthe.Abernon@gmail.com;police officer
9342;Celene;Minetta;Celene.Minetta@gmail.com;police officer
9343;Pierette;Waite;Pierette.Waite@gmail.com;developer
9344;Andeee;Niles;Andeee.Niles@gmail.com;doctor
9345;Belva;Modie;Belva.Modie@gmail.com;doctor
9346;Chandra;Ethban;Chandra.Ethban@gmail.com;firefighter
9347;Melina;Dermott;Melina.Dermott@gmail.com;police officer
9348;Romona;Yoko;Romona.Yoko@gmail.com;firefighter
9349;Celene;Evangelia;Celene.Evangelia@gmail.com;police officer
9350;Jaclyn;Kellby;Jaclyn.Kellby@gmail.com;worker
9351;Konstance;Kronfeld;Konstance.Kronfeld@gmail.com;firefighter
9352;Justinn;Kendrick;Justinn.Kendrick@gmail.com;worker
9353;Dode;Brackely;Dode.Brackely@gmail.com;developer
9354;Barbi;Anton;Barbi.Anton@gmail.com;developer
9355;Sabina;Astra;Sabina.Astra@gmail.com;firefighter
9356;Aurelie;Goode;Aurelie.Goode@gmail.com;developer
9357;Myrtice;Rad;Myrtice.Rad@gmail.com;doctor
9358;Arabel;Colbert;Arabel.Colbert@gmail.com;firefighter
9359;Carmela;Kylander;Carmela.Kylander@gmail.com;firefighter
9360;Siana;Nance;Siana.Nance@gmail.com;firefighter
9361;Gerrie;Iphlgenia;Gerrie.Iphlgenia@gmail.com;police officer
9362;Cristine;Gahl;Cristine.Gahl@gmail.com;developer
9363;Paulita;Liva;Paulita.Liva@gmail.com;doctor
9364;Tersina;Constancy;Tersina.Constancy@gmail.com;firefighter
9365;Verla;Wenoa;Verla.Wenoa@gmail.com;firefighter
9366;Dotty;Thad;Dotty.Thad@gmail.com;worker
9367;Malina;Salchunas;Malina.Salchunas@gmail.com;firefighter
9368;Mariann;Suk;Mariann.Suk@gmail.com;worker
9369;Marguerite;Kolnick;Marguerite.Kolnick@gmail.com;developer
9370;Ashlee;Xerxes;Ashlee.Xerxes@gmail.com;developer
9371;Orelia;Fennessy;Orelia.Fennessy@gmail.com;police officer
9372;Karina;Herrera;Karina.Herrera@gmail.com;police officer
9373;Danika;Bohlin;Danika.Bohlin@gmail.com;police officer
9374;Rani;Louanna;Rani.Louanna@gmail.com;doctor
9375;Meg;Goddard;Meg.Goddard@gmail.com;developer
9376;Jackie;Rosalba;Jackie.Rosalba@gmail.com;worker
9377;Edith;Wandie;Edith.Wandie@gmail.com;police officer
9378;Augustine;Elephus;Augustine.Elephus@gmail.com;police officer
9379;Sonni;Sandye;Sonni.Sandye@gmail.com;developer
9380;Rosanne;Arquit;Rosanne.Arquit@gmail.com;worker
9381;Fidelia;Burkle;Fidelia.Burkle@gmail.com;firefighter
9382;Cissiee;Susannah;Cissiee.Susannah@gmail.com;worker
9383;Kylynn;Arathorn;Kylynn.Arathorn@gmail.com;doctor
9384;Drucie;Jethro;Drucie.Jethro@gmail.com;doctor
9385;Brandise;Maryanne;Brandise.Maryanne@gmail.com;police officer
9386;Leona;McCutcheon;Leona.McCutcheon@gmail.com;worker
9387;Hyacinthe;Jacobah;Hyacinthe.Jacobah@gmail.com;police officer
9388;Brandise;Engdahl;Brandise.Engdahl@gmail.com;worker
9389;Calla;Behre;Calla.Behre@gmail.com;worker
9390;Tracey;Jerald;Tracey.Jerald@gmail.com;developer
9391;Albertina;Rebecka;Albertina.Rebecka@gmail.com;doctor
9392;Joelly;Esmaria;Joelly.Esmaria@gmail.com;developer
9393;Dianemarie;Darbie;Dianemarie.Darbie@gmail.com;worker
9394;Heida;Berl;Heida.Berl@gmail.com;developer
9395;Desirae;Amethist;Desirae.Amethist@gmail.com;firefighter
9396;Nita;Si;Nita.Si@gmail.com;firefighter
9397;Imojean;Christine;Imojean.Christine@gmail.com;police officer
9398;Gertrud;Gualtiero;Gertrud.Gualtiero@gmail.com;doctor
9399;Sonni;Hailee;Sonni.Hailee@gmail.com;police officer
9400;Brynna;Mike;Brynna.Mike@gmail.com;doctor
9401;Tersina;Meter;Tersina.Meter@gmail.com;firefighter
9402;Etta;Fontana;Etta.Fontana@gmail.com;firefighter
9403;Marguerite;Bertold;Marguerite.Bertold@gmail.com;doctor
9404;Atlanta;Terencio;Atlanta.Terencio@gmail.com;developer
9405;Natka;Ezar;Natka.Ezar@gmail.com;police officer
9406;Robinia;Fulmer;Robinia.Fulmer@gmail.com;police officer
9407;Doro;Vacuva;Doro.Vacuva@gmail.com;worker
9408;Eve;Bultman;Eve.Bultman@gmail.com;doctor
9409;Sara-Ann;Anyah;Sara-Ann.Anyah@gmail.com;developer
9410;Annabela;Vernier;Annabela.Vernier@gmail.com;developer
9411;Rhoda;Ranjiv;Rhoda.Ranjiv@gmail.com;developer
9412;Corene;Randene;Corene.Randene@gmail.com;developer
9413;Mady;Clywd;Mady.Clywd@gmail.com;worker
9414;Chloris;Dyche;Chloris.Dyche@gmail.com;doctor
9415;Fred;Merriott;Fred.Merriott@gmail.com;developer
9416;Clary;Izaak;Clary.Izaak@gmail.com;worker
9417;Paule;Lemuela;Paule.Lemuela@gmail.com;firefighter
9418;Carmela;Rad;Carmela.Rad@gmail.com;developer
9419;Lucille;Travax;Lucille.Travax@gmail.com;worker
9420;Janenna;Corrine;Janenna.Corrine@gmail.com;worker
9421;Nataline;Greyson;Nataline.Greyson@gmail.com;firefighter
9422;Nannie;Wattenberg;Nannie.Wattenberg@gmail.com;firefighter
9423;Clo;Forrer;Clo.Forrer@gmail.com;developer
9424;Dolli;Barrus;Dolli.Barrus@gmail.com;police officer
9425;Norine;Gualtiero;Norine.Gualtiero@gmail.com;firefighter
9426;Kristina;Clarissa;Kristina.Clarissa@gmail.com;developer
9427;Bertine;Diogenes;Bertine.Diogenes@gmail.com;doctor
9428;Genevra;Philipp;Genevra.Philipp@gmail.com;police officer
9429;Sheree;Standing;Sheree.Standing@gmail.com;police officer
9430;Mady;Kalinda;Mady.Kalinda@gmail.com;police officer
9431;Hollie;Amasa;Hollie.Amasa@gmail.com;police officer
9432;Jackie;Tufts;Jackie.Tufts@gmail.com;police officer
9433;Marita;Ludewig;Marita.Ludewig@gmail.com;developer
9434;Pierette;Neva;Pierette.Neva@gmail.com;firefighter
9435;Fernande;Andrel;Fernande.Andrel@gmail.com;developer
9436;Stevana;Morgun;Stevana.Morgun@gmail.com;police officer
9437;Raf;Ruvolo;Raf.Ruvolo@gmail.com;developer
9438;Thalia;Braun;Thalia.Braun@gmail.com;police officer
9439;Alleen;Lemuela;Alleen.Lemuela@gmail.com;worker
9440;Kayla;Even;Kayla.Even@gmail.com;worker
9441;Fawne;Parette;Fawne.Parette@gmail.com;doctor
9442;Natka;Si;Natka.Si@gmail.com;worker
9443;Tamqrah;Terrence;Tamqrah.Terrence@gmail.com;doctor
9444;Joceline;Cimbura;Joceline.Cimbura@gmail.com;developer
9445;Giustina;Keelia;Giustina.Keelia@gmail.com;worker
9446;Annecorinne;Tomasina;Annecorinne.Tomasina@gmail.com;doctor
9447;Tierney;Neils;Tierney.Neils@gmail.com;firefighter
9448;Kellen;Ciapas;Kellen.Ciapas@gmail.com;developer
9449;Odessa;Abbot;Odessa.Abbot@gmail.com;developer
9450;Valli;McGrody;Valli.McGrody@gmail.com;worker
9451;Lolita;Robertson;Lolita.Robertson@gmail.com;worker
9452;Hettie;Kendrick;Hettie.Kendrick@gmail.com;worker
9453;Jennica;Obed;Jennica.Obed@gmail.com;doctor
9454;Emelina;Markman;Emelina.Markman@gmail.com;developer
9455;Marika;Herrera;Marika.Herrera@gmail.com;firefighter
9456;Raquela;Yate;Raquela.Yate@gmail.com;doctor
9457;Chrystel;Mandler;Chrystel.Mandler@gmail.com;police officer
9458;Winifred;Ellord;Winifred.Ellord@gmail.com;firefighter
9459;Letizia;Shaddock;Letizia.Shaddock@gmail.com;firefighter
9460;Genovera;Dex;Genovera.Dex@gmail.com;police officer
9461;Dyann;Claudine;Dyann.Claudine@gmail.com;developer
9462;Aeriela;Joli;Aeriela.Joli@gmail.com;firefighter
9463;Nickie;Bluh;Nickie.Bluh@gmail.com;developer
9464;Meghann;Loring;Meghann.Loring@gmail.com;doctor
9465;Emelina;Jenness;Emelina.Jenness@gmail.com;doctor
9466;Henriette;Afton;Henriette.Afton@gmail.com;firefighter
9467;Sharlene;Keily;Sharlene.Keily@gmail.com;police officer
9468;Clementine;Talia;Clementine.Talia@gmail.com;police officer
9469;Penelopa;Myrilla;Penelopa.Myrilla@gmail.com;firefighter
9470;Kassey;Neils;Kassey.Neils@gmail.com;police officer
9471;Cam;Argus;Cam.Argus@gmail.com;developer
9472;Thalia;Vilma;Thalia.Vilma@gmail.com;worker
9473;Veda;Suanne;Veda.Suanne@gmail.com;developer
9474;Magdalena;Clywd;Magdalena.Clywd@gmail.com;worker
9475;Livvyy;Sharl;Livvyy.Sharl@gmail.com;doctor
9476;Roxane;Loeb;Roxane.Loeb@gmail.com;developer
9477;Adele;Anis;Adele.Anis@gmail.com;doctor
9478;Amalie;Bari;Amalie.Bari@gmail.com;police officer
9479;Oralee;Afton;Oralee.Afton@gmail.com;developer
9480;Sibella;Ackerley;Sibella.Ackerley@gmail.com;developer
9481;Fernande;Amadas;Fernande.Amadas@gmail.com;doctor
9482;Edyth;Tristram;Edyth.Tristram@gmail.com;doctor
9483;Petronia;Ferino;Petronia.Ferino@gmail.com;police officer
9484;Lucy;Hourigan;Lucy.Hourigan@gmail.com;doctor
9485;Hermione;Thilda;Hermione.Thilda@gmail.com;police officer
9486;Correy;Aurelio;Correy.Aurelio@gmail.com;doctor
9487;Lacie;Merna;Lacie.Merna@gmail.com;worker
9488;Phedra;Hartnett;Phedra.Hartnett@gmail.com;developer
9489;Sheree;Merna;Sheree.Merna@gmail.com;developer
9490;Binny;Seessel;Binny.Seessel@gmail.com;firefighter
9491;Linzy;Maiah;Linzy.Maiah@gmail.com;worker
9492;Gale;Wilona;Gale.Wilona@gmail.com;developer
9493;Cassandra;Douglass;Cassandra.Douglass@gmail.com;doctor
9494;Mady;Maroney;Mady.Maroney@gmail.com;doctor
9495;Netty;Nickola;Netty.Nickola@gmail.com;developer
9496;Beatriz;Catie;Beatriz.Catie@gmail.com;worker
9497;Bertine;Natica;Bertine.Natica@gmail.com;police officer
9498;Henriette;Tannie;Henriette.Tannie@gmail.com;worker
9499;Gerianna;Cavan;Gerianna.Cavan@gmail.com;worker
9500;Louella;Clarissa;Louella.Clarissa@gmail.com;worker
9501;Sallie;Killigrew;Sallie.Killigrew@gmail.com;developer
9502;Sybille;Dyche;Sybille.Dyche@gmail.com;doctor
9503;Cyb;Keelia;Cyb.Keelia@gmail.com;worker
9504;Gratia;Newell;Gratia.Newell@gmail.com;developer
9505;Dyann;Wittie;Dyann.Wittie@gmail.com;worker
9506;Margalo;Anastatius;Margalo.Anastatius@gmail.com;developer
9507;Margarette;Skell;Margarette.Skell@gmail.com;worker
9508;Tersina;Chandler;Tersina.Chandler@gmail.com;developer
9509;Perry;Eliathas;Perry.Eliathas@gmail.com;doctor
9510;Jackie;Yerkovich;Jackie.Yerkovich@gmail.com;developer
9511;Eolanda;Sancho;Eolanda.Sancho@gmail.com;worker
9512;Tracey;Ralfston;Tracey.Ralfston@gmail.com;police officer
9513;Corry;Bow;Corry.Bow@gmail.com;developer
9514;Blinni;Emmy;Blinni.Emmy@gmail.com;doctor
9515;Jessy;Raama;Jessy.Raama@gmail.com;worker
9516;Rori;Publia;Rori.Publia@gmail.com;police officer
9517;Laure;Dielu;Laure.Dielu@gmail.com;firefighter
9518;Kristan;Nahum;Kristan.Nahum@gmail.com;doctor
9519;Raina;O'Carroll;Raina.O'Carroll@gmail.com;police officer
9520;Alyda;Kunin;Alyda.Kunin@gmail.com;police officer
9521;Wileen;Jotham;Wileen.Jotham@gmail.com;police officer
9522;Janis;Zetta;Janis.Zetta@gmail.com;doctor
9523;Madalyn;Kristi;Madalyn.Kristi@gmail.com;developer
9524;Shauna;Nedrud;Shauna.Nedrud@gmail.com;developer
9525;Felice;Nunci;Felice.Nunci@gmail.com;police officer
9526;Rosene;Sidonius;Rosene.Sidonius@gmail.com;worker
9527;Tobe;Pitt;Tobe.Pitt@gmail.com;doctor
9528;Ottilie;Bertold;Ottilie.Bertold@gmail.com;police officer
9529;Joeann;Cottle;Joeann.Cottle@gmail.com;doctor
9530;Carlie;Wadell;Carlie.Wadell@gmail.com;developer
9531;Iseabal;Hepsibah;Iseabal.Hepsibah@gmail.com;developer
9532;Orelia;Grayce;Orelia.Grayce@gmail.com;developer
9533;Hildegaard;Parette;Hildegaard.Parette@gmail.com;firefighter
9534;Katuscha;Thema;Katuscha.Thema@gmail.com;doctor
9535;Mignon;Madelene;Mignon.Madelene@gmail.com;doctor
9536;Mamie;Chandler;Mamie.Chandler@gmail.com;doctor
9537;Lorne;Tufts;Lorne.Tufts@gmail.com;doctor
9538;Kate;Bennie;Kate.Bennie@gmail.com;firefighter
9539;Tami;Brodench;Tami.Brodench@gmail.com;worker
9540;Shel;Fiester;Shel.Fiester@gmail.com;developer
9541;Britni;Cutlerr;Britni.Cutlerr@gmail.com;police officer
9542;Mady;McGrody;Mady.McGrody@gmail.com;police officer
9543;Sissy;Azeria;Sissy.Azeria@gmail.com;firefighter
9544;Karly;Guildroy;Karly.Guildroy@gmail.com;firefighter
9545;Ermengarde;Clie;Ermengarde.Clie@gmail.com;police officer
9546;Hallie;Gert;Hallie.Gert@gmail.com;doctor
9547;Alex;Donell;Alex.Donell@gmail.com;firefighter
9548;Molli;Noam;Molli.Noam@gmail.com;doctor
9549;Lisette;Autrey;Lisette.Autrey@gmail.com;developer
9550;Brietta;Freddi;Brietta.Freddi@gmail.com;doctor
9551;Louella;Darrell;Louella.Darrell@gmail.com;police officer
9552;Vivia;Ries;Vivia.Ries@gmail.com;firefighter
9553;Adele;Rodmann;Adele.Rodmann@gmail.com;worker
9554;Shell;Bury;Shell.Bury@gmail.com;worker
9555;Lonnie;Woodberry;Lonnie.Woodberry@gmail.com;firefighter
9556;Tani;Sallyann;Tani.Sallyann@gmail.com;worker
9557;Karly;Fiester;Karly.Fiester@gmail.com;worker
9558;Christian;Tufts;Christian.Tufts@gmail.com;doctor
9559;Roslyn;Aprile;Roslyn.Aprile@gmail.com;police officer
9560;Silvana;Seligman;Silvana.Seligman@gmail.com;developer
9561;Leia;Thomasina;Leia.Thomasina@gmail.com;firefighter
9562;Deirdre;Israeli;Deirdre.Israeli@gmail.com;worker
9563;Sharlene;Lissi;Sharlene.Lissi@gmail.com;firefighter
9564;Ana;Fabiola;Ana.Fabiola@gmail.com;doctor
9565;Lisette;Evvie;Lisette.Evvie@gmail.com;worker
9566;Linzy;Herrera;Linzy.Herrera@gmail.com;developer
9567;Rhoda;Malvino;Rhoda.Malvino@gmail.com;doctor
9568;Bobinette;Lareena;Bobinette.Lareena@gmail.com;police officer
9569;Lily;Croix;Lily.Croix@gmail.com;doctor
9570;Annora;Muriel;Annora.Muriel@gmail.com;police officer
9571;Edyth;Vernier;Edyth.Vernier@gmail.com;developer
9572;Shirlee;Goth;Shirlee.Goth@gmail.com;developer
9573;Joane;Stilwell;Joane.Stilwell@gmail.com;developer
9574;Kamilah;Ashely;Kamilah.Ashely@gmail.com;firefighter
9575;Aeriela;Horan;Aeriela.Horan@gmail.com;worker
9576;Kenna;Laverne;Kenna.Laverne@gmail.com;doctor
9577;Beatriz;Trey;Beatriz.Trey@gmail.com;doctor
9578;Justinn;Sperling;Justinn.Sperling@gmail.com;developer
9579;Kenna;Tufts;Kenna.Tufts@gmail.com;doctor
9580;Andree;Ashok;Andree.Ashok@gmail.com;worker
9581;Tonia;Ezar;Tonia.Ezar@gmail.com;doctor
9582;Konstance;Wallis;Konstance.Wallis@gmail.com;police officer
9583;Celene;Allina;Celene.Allina@gmail.com;doctor
9584;Belinda;Saint;Belinda.Saint@gmail.com;worker
9585;Tilly;Rudolph;Tilly.Rudolph@gmail.com;developer
9586;Leanna;Ophelia;Leanna.Ophelia@gmail.com;firefighter
9587;Georgetta;Baptlsta;Georgetta.Baptlsta@gmail.com;firefighter
9588;Tamqrah;Ardra;Tamqrah.Ardra@gmail.com;doctor
9589;Jennica;Raimondo;Jennica.Raimondo@gmail.com;developer
9590;Sharlene;Corilla;Sharlene.Corilla@gmail.com;worker
9591;Agnese;Wattenberg;Agnese.Wattenberg@gmail.com;developer
9592;Teriann;Aloise;Teriann.Aloise@gmail.com;firefighter
9593;Edee;Zeeba;Edee.Zeeba@gmail.com;doctor
9594;Margalo;Engdahl;Margalo.Engdahl@gmail.com;developer
9595;Dianemarie;Tillford;Dianemarie.Tillford@gmail.com;developer
9596;Kristan;Lea;Kristan.Lea@gmail.com;doctor
9597;Lanna;Burch;Lanna.Burch@gmail.com;developer
9598;Estell;Gino;Estell.Gino@gmail.com;worker
9599;Iseabal;Angelis;Iseabal.Angelis@gmail.com;police officer
9600;Rubie;Rogerio;Rubie.Rogerio@gmail.com;police officer
9601;Joelly;Tamar;Joelly.Tamar@gmail.com;worker
9602;Aeriela;Shama;Aeriela.Shama@gmail.com;developer
9603;Christian;Decato;Christian.Decato@gmail.com;doctor
9604;Moyna;Denis;Moyna.Denis@gmail.com;developer
9605;Kimmy;Pandolfi;Kimmy.Pandolfi@gmail.com;developer
9606;Merci;Jagir;Merci.Jagir@gmail.com;worker
9607;Lucy;Magnolia;Lucy.Magnolia@gmail.com;firefighter
9608;Giustina;Faro;Giustina.Faro@gmail.com;police officer
9609;Alexine;Borrell;Alexine.Borrell@gmail.com;police officer
9610;Marguerite;Vilma;Marguerite.Vilma@gmail.com;worker
9611;Siana;Lasley;Siana.Lasley@gmail.com;developer
9612;Hayley;Madelene;Hayley.Madelene@gmail.com;firefighter
9613;Marsiella;Lasley;Marsiella.Lasley@gmail.com;doctor
9614;Roseline;Sikorski;Roseline.Sikorski@gmail.com;worker
9615;Krystle;Wilkinson;Krystle.Wilkinson@gmail.com;worker
9616;June;Quent;June.Quent@gmail.com;doctor
9617;Kassey;Rosalba;Kassey.Rosalba@gmail.com;developer
9618;Annaliese;Ball;Annaliese.Ball@gmail.com;worker
9619;Rosabelle;Clara;Rosabelle.Clara@gmail.com;firefighter
9620;Dolli;Barbey;Dolli.Barbey@gmail.com;developer
9621;Cassondra;Sikorski;Cassondra.Sikorski@gmail.com;doctor
9622;Wendi;Pillsbury;Wendi.Pillsbury@gmail.com;developer
9623;Dorothy;Barrus;Dorothy.Barrus@gmail.com;developer
9624;Roseline;Konyn;Roseline.Konyn@gmail.com;developer
9625;Jasmina;Eckblad;Jasmina.Eckblad@gmail.com;firefighter
9626;Meg;Lauraine;Meg.Lauraine@gmail.com;worker
9627;Netty;Jerald;Netty.Jerald@gmail.com;developer
9628;Marline;Ventre;Marline.Ventre@gmail.com;developer
9629;Angelique;Ehrman;Angelique.Ehrman@gmail.com;developer
9630;Nonnah;Rurik;Nonnah.Rurik@gmail.com;worker
9631;Winifred;Bettine;Winifred.Bettine@gmail.com;doctor
9632;Gui;Merell;Gui.Merell@gmail.com;firefighter
9633;Flo;Sammons;Flo.Sammons@gmail.com;worker
9634;Ezmeralda;Sherrie;Ezmeralda.Sherrie@gmail.com;worker
9635;Mignon;Pauly;Mignon.Pauly@gmail.com;worker
9636;Margette;Rosette;Margette.Rosette@gmail.com;developer
9637;Laurene;Gaynor;Laurene.Gaynor@gmail.com;police officer
9638;Basia;Artie;Basia.Artie@gmail.com;developer
9639;Hermione;Marcellus;Hermione.Marcellus@gmail.com;worker
9640;Aurore;Jorgan;Aurore.Jorgan@gmail.com;worker
9641;Anthia;Persse;Anthia.Persse@gmail.com;firefighter
9642;Sophia;Seessel;Sophia.Seessel@gmail.com;firefighter
9643;Gerianna;Barney;Gerianna.Barney@gmail.com;firefighter
9644;Roseline;Decato;Roseline.Decato@gmail.com;worker
9645;Susan;Sacken;Susan.Sacken@gmail.com;doctor
9646;Cissiee;Lilas;Cissiee.Lilas@gmail.com;developer
9647;Sam;Clarissa;Sam.Clarissa@gmail.com;doctor
9648;Brena;Kylander;Brena.Kylander@gmail.com;firefighter
9649;Blake;Eno;Blake.Eno@gmail.com;developer
9650;Andree;Grosz;Andree.Grosz@gmail.com;firefighter
9651;Dale;Carmena;Dale.Carmena@gmail.com;police officer
9652;Gloria;Jotham;Gloria.Jotham@gmail.com;police officer
9653;Britni;Ulphia;Britni.Ulphia@gmail.com;developer
9654;Pearline;Alice;Pearline.Alice@gmail.com;firefighter
9655;Chloris;Newell;Chloris.Newell@gmail.com;doctor
9656;Etta;My;Etta.My@gmail.com;developer
9657;Kirstin;Skell;Kirstin.Skell@gmail.com;developer
9658;Gusella;Eachern;Gusella.Eachern@gmail.com;worker
9659;Starla;Kirstin;Starla.Kirstin@gmail.com;doctor
9660;Yetty;Nea;Yetty.Nea@gmail.com;doctor
9661;Brena;Jess;Brena.Jess@gmail.com;police officer
9662;Carol-Jean;Orelee;Carol-Jean.Orelee@gmail.com;worker
9663;Dominga;Agle;Dominga.Agle@gmail.com;police officer
9664;Rosabelle;Hebner;Rosabelle.Hebner@gmail.com;police officer
9665;Tybie;Schenck;Tybie.Schenck@gmail.com;doctor
9666;Frieda;Carlson;Frieda.Carlson@gmail.com;doctor
9667;Yvonne;Kellby;Yvonne.Kellby@gmail.com;firefighter
9668;Jessamyn;Lane;Jessamyn.Lane@gmail.com;police officer
9669;Blondelle;Means;Blondelle.Means@gmail.com;developer
9670;Lonnie;Vanni;Lonnie.Vanni@gmail.com;firefighter
9671;Ottilie;Docilla;Ottilie.Docilla@gmail.com;firefighter
9672;Maurene;Nickola;Maurene.Nickola@gmail.com;firefighter
9673;Chere;Hilbert;Chere.Hilbert@gmail.com;police officer
9674;Sharai;Rolf;Sharai.Rolf@gmail.com;worker
9675;Sarette;Huggins;Sarette.Huggins@gmail.com;firefighter
9676;Aubrie;Adalbert;Aubrie.Adalbert@gmail.com;worker
9677;Correy;Lesley;Correy.Lesley@gmail.com;worker
9678;Merle;Brackely;Merle.Brackely@gmail.com;firefighter
9679;June;Albertine;June.Albertine@gmail.com;police officer
9680;Celisse;Sherfield;Celisse.Sherfield@gmail.com;worker
9681;Suzette;Chauncey;Suzette.Chauncey@gmail.com;worker
9682;Rozele;Holbrook;Rozele.Holbrook@gmail.com;worker
9683;Kerrin;Jess;Kerrin.Jess@gmail.com;police officer
9684;Andeee;Fink;Andeee.Fink@gmail.com;developer
9685;Amalie;Nester;Amalie.Nester@gmail.com;worker
9686;Wanda;Eliathas;Wanda.Eliathas@gmail.com;worker
9687;Kylynn;Brieta;Kylynn.Brieta@gmail.com;doctor
9688;Olivette;Bari;Olivette.Bari@gmail.com;firefighter
9689;Heddie;Pyle;Heddie.Pyle@gmail.com;worker
9690;Leontine;Bonilla;Leontine.Bonilla@gmail.com;police officer
9691;Willetta;Ludewig;Willetta.Ludewig@gmail.com;developer
9692;Esmeralda;Fillbert;Esmeralda.Fillbert@gmail.com;doctor
9693;Alex;Roscoe;Alex.Roscoe@gmail.com;firefighter
9694;Kate;Lamoree;Kate.Lamoree@gmail.com;police officer
9695;Fawne;Lenny;Fawne.Lenny@gmail.com;developer
9696;Raquela;Abram;Raquela.Abram@gmail.com;firefighter
9697;Betta;Trey;Betta.Trey@gmail.com;developer
9698;Katharina;Masao;Katharina.Masao@gmail.com;developer
9699;Mellicent;Nahum;Mellicent.Nahum@gmail.com;doctor
9700;Heida;Dyche;Heida.Dyche@gmail.com;doctor
9701;Oralee;Wattenberg;Oralee.Wattenberg@gmail.com;doctor
9702;Chrystel;Geffner;Chrystel.Geffner@gmail.com;developer
9703;Georgina;Hortensia;Georgina.Hortensia@gmail.com;doctor
9704;Dolli;Ailyn;Dolli.Ailyn@gmail.com;doctor
9705;Zaria;Modie;Zaria.Modie@gmail.com;doctor
9706;Rosabelle;Quent;Rosabelle.Quent@gmail.com;developer
9707;Rosanne;Simmonds;Rosanne.Simmonds@gmail.com;worker
9708;Mallory;Modie;Mallory.Modie@gmail.com;firefighter
9709;Thalia;Garek;Thalia.Garek@gmail.com;worker
9710;Carmela;Argus;Carmela.Argus@gmail.com;firefighter
9711;Bibby;Fulmer;Bibby.Fulmer@gmail.com;doctor
9712;Rebeca;Colleen;Rebeca.Colleen@gmail.com;police officer
9713;Kore;Wooster;Kore.Wooster@gmail.com;police officer
9714;Kirbee;Orlene;Kirbee.Orlene@gmail.com;firefighter
9715;Grier;Keily;Grier.Keily@gmail.com;worker
9716;Jessy;Barrus;Jessy.Barrus@gmail.com;firefighter
9717;Dania;Chem;Dania.Chem@gmail.com;police officer
9718;Ottilie;Zola;Ottilie.Zola@gmail.com;developer
9719;Consuela;Joachim;Consuela.Joachim@gmail.com;doctor
9720;Katleen;Karl;Katleen.Karl@gmail.com;developer
9721;Gabi;Phyllis;Gabi.Phyllis@gmail.com;worker
9722;Moyna;Judye;Moyna.Judye@gmail.com;police officer
9723;Agathe;Andrel;Agathe.Andrel@gmail.com;firefighter
9724;Wileen;Martsen;Wileen.Martsen@gmail.com;developer
9725;Teriann;Payson;Teriann.Payson@gmail.com;doctor
9726;Selia;Rozanna;Selia.Rozanna@gmail.com;developer
9727;Cassandra;Felizio;Cassandra.Felizio@gmail.com;police officer
9728;Jan;Viddah;Jan.Viddah@gmail.com;developer
9729;Valera;Jethro;Valera.Jethro@gmail.com;police officer
9730;Marinna;Leifeste;Marinna.Leifeste@gmail.com;worker
9731;Joy;Maisey;Joy.Maisey@gmail.com;doctor
9732;Halette;Arathorn;Halette.Arathorn@gmail.com;police officer
9733;Cathie;Shama;Cathie.Shama@gmail.com;police officer
9734;Amelia;Dex;Amelia.Dex@gmail.com;doctor
9735;Tomasina;Isidore;Tomasina.Isidore@gmail.com;worker
9736;Fernande;Nea;Fernande.Nea@gmail.com;police officer
9737;Bill;Rurik;Bill.Rurik@gmail.com;police officer
9738;Angela;Shirberg;Angela.Shirberg@gmail.com;worker
9739;Fernande;Euridice;Fernande.Euridice@gmail.com;firefighter
9740;Layla;Lynn;Layla.Lynn@gmail.com;worker
9741;Genovera;Emmy;Genovera.Emmy@gmail.com;police officer
9742;Glynnis;Tybald;Glynnis.Tybald@gmail.com;police officer
9743;Michaelina;Jagir;Michaelina.Jagir@gmail.com;police officer
9744;Lacie;Socha;Lacie.Socha@gmail.com;police officer
9745;Krystle;Behre;Krystle.Behre@gmail.com;doctor
9746;Inga;Maisey;Inga.Maisey@gmail.com;firefighter
9747;Sibella;Slifka;Sibella.Slifka@gmail.com;doctor
9748;Deloria;Cherianne;Deloria.Cherianne@gmail.com;developer
9749;Marita;Behre;Marita.Behre@gmail.com;firefighter
9750;Theodora;Gemini;Theodora.Gemini@gmail.com;doctor
9751;Courtnay;Macey;Courtnay.Macey@gmail.com;police officer
9752;Mahalia;Sharl;Mahalia.Sharl@gmail.com;developer
9753;Stevana;Baudin;Stevana.Baudin@gmail.com;developer
9754;Lyssa;Fancie;Lyssa.Fancie@gmail.com;doctor
9755;Jobi;Bivins;Jobi.Bivins@gmail.com;police officer
9756;Minda;Syd;Minda.Syd@gmail.com;developer
9757;Arabel;Gale;Arabel.Gale@gmail.com;firefighter
9758;Gusty;Judye;Gusty.Judye@gmail.com;worker
9759;Annaliese;Rebecka;Annaliese.Rebecka@gmail.com;police officer
9760;Joane;Muriel;Joane.Muriel@gmail.com;police officer
9761;Cathie;Camden;Cathie.Camden@gmail.com;doctor
9762;Pollyanna;Joachim;Pollyanna.Joachim@gmail.com;doctor
9763;Heida;Ammann;Heida.Ammann@gmail.com;worker
9764;Karina;Lauraine;Karina.Lauraine@gmail.com;developer
9765;Veda;Angelis;Veda.Angelis@gmail.com;firefighter
9766;Alameda;Bultman;Alameda.Bultman@gmail.com;firefighter
9767;Jackie;An;Jackie.An@gmail.com;worker
9768;Carree;Noman;Carree.Noman@gmail.com;firefighter
9769;Etta;Shaver;Etta.Shaver@gmail.com;developer
9770;Jean;Autrey;Jean.Autrey@gmail.com;worker
9771;Carlie;Craggie;Carlie.Craggie@gmail.com;police officer
9772;Anica;Kosey;Anica.Kosey@gmail.com;worker
9773;Wanda;Lacombe;Wanda.Lacombe@gmail.com;firefighter
9774;Brooks;Burkle;Brooks.Burkle@gmail.com;firefighter
9775;Marcy;Hurley;Marcy.Hurley@gmail.com;worker
9776;Antonietta;Vharat;Antonietta.Vharat@gmail.com;police officer
9777;Myriam;Michella;Myriam.Michella@gmail.com;firefighter
9778;Peri;Muriel;Peri.Muriel@gmail.com;developer
9779;Jere;Posner;Jere.Posner@gmail.com;worker
9780;Rosene;Simmonds;Rosene.Simmonds@gmail.com;worker
9781;Alleen;Nunci;Alleen.Nunci@gmail.com;police officer
9782;Arlena;Jess;Arlena.Jess@gmail.com;worker
9783;Maisey;Hylan;Maisey.Hylan@gmail.com;police officer
9784;Margalo;Rad;Margalo.Rad@gmail.com;doctor
9785;Sallie;Evangelia;Sallie.Evangelia@gmail.com;worker
9786;Elise;Couture;Elise.Couture@gmail.com;worker
9787;Chloris;Redmond;Chloris.Redmond@gmail.com;developer
9788;Constance;Ethban;Constance.Ethban@gmail.com;worker
9789;Gwenneth;Bergman;Gwenneth.Bergman@gmail.com;developer
9790;Cindelyn;Means;Cindelyn.Means@gmail.com;doctor
9791;Cacilie;Swanhildas;Cacilie.Swanhildas@gmail.com;developer
9792;Tatiania;Leifeste;Tatiania.Leifeste@gmail.com;doctor
9793;Harrietta;Henrie;Harrietta.Henrie@gmail.com;worker
9794;Marti;Obed;Marti.Obed@gmail.com;doctor
9795;Cordi;Chobot;Cordi.Chobot@gmail.com;developer
9796;Rochette;Riva;Rochette.Riva@gmail.com;worker
9797;Jean;Turne;Jean.Turne@gmail.com;firefighter
9798;Rosene;Koehler;Rosene.Koehler@gmail.com;doctor
9799;Marcy;Monk;Marcy.Monk@gmail.com;firefighter
9800;Sonni;Dituri;Sonni.Dituri@gmail.com;firefighter
9801;Emma;Dorine;Emma.Dorine@gmail.com;worker
9802;Valera;Bach;Valera.Bach@gmail.com;firefighter
9803;Cordi;Sabella;Cordi.Sabella@gmail.com;doctor
9804;Marguerite;Daegal;Marguerite.Daegal@gmail.com;worker
9805;Lelah;Bettine;Lelah.Bettine@gmail.com;doctor
9806;Nyssa;McNully;Nyssa.McNully@gmail.com;doctor
9807;Rhea;Mott;Rhea.Mott@gmail.com;firefighter
9808;Imojean;Wiener;Imojean.Wiener@gmail.com;developer
9809;Fred;Burch;Fred.Burch@gmail.com;worker
9810;Zondra;Campball;Zondra.Campball@gmail.com;police officer
9811;Camile;Loeb;Camile.Loeb@gmail.com;police officer
9812;Jerry;Magdalen;Jerry.Magdalen@gmail.com;doctor
9813;Constance;Fillbert;Constance.Fillbert@gmail.com;worker
9814;Corina;Lea;Corina.Lea@gmail.com;doctor
9815;Jessamyn;Rogerio;Jessamyn.Rogerio@gmail.com;worker
9816;Kore;Germann;Kore.Germann@gmail.com;developer
9817;Linzy;Gert;Linzy.Gert@gmail.com;doctor
9818;Patricia;Alice;Patricia.Alice@gmail.com;worker
9819;Robinia;Joni;Robinia.Joni@gmail.com;developer
9820;Ada;Alejoa;Ada.Alejoa@gmail.com;doctor
9821;Lily;Merell;Lily.Merell@gmail.com;developer
9822;Cacilie;Tillford;Cacilie.Tillford@gmail.com;firefighter
9823;Verla;Hieronymus;Verla.Hieronymus@gmail.com;police officer
9824;Brynna;Kunin;Brynna.Kunin@gmail.com;developer
9825;Ethel;Danby;Ethel.Danby@gmail.com;police officer
9826;Doro;Roarke;Doro.Roarke@gmail.com;worker
9827;Randa;Rosette;Randa.Rosette@gmail.com;worker
9828;Roxane;Fink;Roxane.Fink@gmail.com;doctor
9829;Valeda;Oscar;Valeda.Oscar@gmail.com;worker
9830;Deane;Aprile;Deane.Aprile@gmail.com;developer
9831;Ivett;Lory;Ivett.Lory@gmail.com;worker
9832;Emma;Marlie;Emma.Marlie@gmail.com;developer
9833;Rivalee;Wenda;Rivalee.Wenda@gmail.com;worker
9834;Kirstin;Ramona;Kirstin.Ramona@gmail.com;police officer
9835;Nerta;Cecile;Nerta.Cecile@gmail.com;worker
9836;Nanete;Nikaniki;Nanete.Nikaniki@gmail.com;police officer
9837;Florie;Idelia;Florie.Idelia@gmail.com;doctor
9838;Christal;Amadas;Christal.Amadas@gmail.com;police officer
9839;Gilligan;Pelagias;Gilligan.Pelagias@gmail.com;developer
9840;Brena;Robertson;Brena.Robertson@gmail.com;worker
9841;Berget;Krystle;Berget.Krystle@gmail.com;police officer
9842;Agathe;Guthrie;Agathe.Guthrie@gmail.com;police officer
9843;Deedee;Fosque;Deedee.Fosque@gmail.com;developer
9844;Dale;Creamer;Dale.Creamer@gmail.com;doctor
9845;Yvonne;Anderea;Yvonne.Anderea@gmail.com;police officer
9846;Blake;Holtz;Blake.Holtz@gmail.com;doctor
9847;Vanessa;Gunn;Vanessa.Gunn@gmail.com;firefighter
9848;Lynnea;Merna;Lynnea.Merna@gmail.com;firefighter
9849;Lindie;Tjon;Lindie.Tjon@gmail.com;developer
9850;Corene;Jehu;Corene.Jehu@gmail.com;developer
9851;Oralee;Isidore;Oralee.Isidore@gmail.com;doctor
9852;Lynde;Braun;Lynde.Braun@gmail.com;worker
9853;Alyssa;Toffic;Alyssa.Toffic@gmail.com;worker
9854;Harmonia;Laurianne;Harmonia.Laurianne@gmail.com;worker
9855;Gavrielle;Sibyls;Gavrielle.Sibyls@gmail.com;police officer
9856;Lauryn;Tyson;Lauryn.Tyson@gmail.com;doctor
9857;Emylee;Kevon;Emylee.Kevon@gmail.com;developer
9858;Dyann;Katrine;Dyann.Katrine@gmail.com;worker
9859;Leia;Gombach;Leia.Gombach@gmail.com;doctor
9860;Noelle;Garrison;Noelle.Garrison@gmail.com;developer
9861;Etta;Stevy;Etta.Stevy@gmail.com;police officer
9862;Wilma;Capello;Wilma.Capello@gmail.com;police officer
9863;Molli;Kronfeld;Molli.Kronfeld@gmail.com;developer
9864;Teddie;Burch;Teddie.Burch@gmail.com;doctor
9865;Leontine;Hoenack;Leontine.Hoenack@gmail.com;doctor
9866;Aryn;Odysseus;Aryn.Odysseus@gmail.com;developer
9867;Gale;Roumell;Gale.Roumell@gmail.com;police officer
9868;Nessie;Tound;Nessie.Tound@gmail.com;doctor
9869;Randa;Millda;Randa.Millda@gmail.com;doctor
9870;Kimmy;Anselmi;Kimmy.Anselmi@gmail.com;police officer
9871;Theodora;Riordan;Theodora.Riordan@gmail.com;doctor
9872;Tina;Ciro;Tina.Ciro@gmail.com;police officer
9873;Judy;Pascia;Judy.Pascia@gmail.com;police officer
9874;Penelopa;Zamora;Penelopa.Zamora@gmail.com;developer
9875;Sharlene;Cristi;Sharlene.Cristi@gmail.com;police officer
9876;Verla;Ursulette;Verla.Ursulette@gmail.com;firefighter
9877;Kore;Schenck;Kore.Schenck@gmail.com;doctor
9878;Maurene;Goddard;Maurene.Goddard@gmail.com;firefighter
9879;Cissiee;Travax;Cissiee.Travax@gmail.com;firefighter
9880;Grier;Garlinda;Grier.Garlinda@gmail.com;worker
9881;Priscilla;Fleeta;Priscilla.Fleeta@gmail.com;police officer
9882;Marnia;Bach;Marnia.Bach@gmail.com;police officer
9883;Karlee;Duwalt;Karlee.Duwalt@gmail.com;firefighter
9884;Susette;LaRue;Susette.LaRue@gmail.com;firefighter
9885;Betta;Pearse;Betta.Pearse@gmail.com;doctor
9886;Sybille;Poppy;Sybille.Poppy@gmail.com;doctor
9887;Dennie;Creamer;Dennie.Creamer@gmail.com;firefighter
9888;Lusa;Charity;Lusa.Charity@gmail.com;police officer
9889;Ann-Marie;Mott;Ann-Marie.Mott@gmail.com;doctor
9890;Jordan;Modie;Jordan.Modie@gmail.com;firefighter
9891;Mahalia;Thomasina;Mahalia.Thomasina@gmail.com;worker
9892;Shannah;Tengdin;Shannah.Tengdin@gmail.com;worker
9893;Pierette;Parette;Pierette.Parette@gmail.com;worker
9894;Tierney;Mott;Tierney.Mott@gmail.com;developer
9895;Thalia;Huggins;Thalia.Huggins@gmail.com;developer
9896;Karolina;Septima;Karolina.Septima@gmail.com;worker
9897;Albertina;Ferrell;Albertina.Ferrell@gmail.com;developer
9898;Bobinette;Suanne;Bobinette.Suanne@gmail.com;developer
9899;Lynea;Parette;Lynea.Parette@gmail.com;police officer
9900;Norine;Karna;Norine.Karna@gmail.com;police officer
9901;Madalyn;Halsey;Madalyn.Halsey@gmail.com;developer
9902;Elie;Hepsibah;Elie.Hepsibah@gmail.com;worker
9903;Mary;Garlinda;Mary.Garlinda@gmail.com;police officer
9904;Catharine;Christine;Catharine.Christine@gmail.com;developer
9905;Ingrid;Phi;Ingrid.Phi@gmail.com;firefighter
9906;Shaine;Malanie;Shaine.Malanie@gmail.com;firefighter
9907;Adriana;Franza;Adriana.Franza@gmail.com;police officer
9908;Adelle;Artie;Adelle.Artie@gmail.com;worker
9909;Lanna;Rozanna;Lanna.Rozanna@gmail.com;firefighter
9910;Carmela;Gladstone;Carmela.Gladstone@gmail.com;police officer
9911;Monika;Harned;Monika.Harned@gmail.com;developer
9912;Ginnie;LaRue;Ginnie.LaRue@gmail.com;doctor
9913;Marjie;Craggie;Marjie.Craggie@gmail.com;developer
9914;Mureil;Edison;Mureil.Edison@gmail.com;police officer
9915;Di;Rosette;Di.Rosette@gmail.com;firefighter
9916;Cyb;Joni;Cyb.Joni@gmail.com;developer
9917;Janeczka;Huggins;Janeczka.Huggins@gmail.com;firefighter
9918;Tina;Ellord;Tina.Ellord@gmail.com;firefighter
9919;Rosanne;Bethany;Rosanne.Bethany@gmail.com;police officer
9920;Bernie;Berl;Bernie.Berl@gmail.com;police officer
9921;Hettie;Atcliffe;Hettie.Atcliffe@gmail.com;developer
9922;Janeczka;Juliet;Janeczka.Juliet@gmail.com;doctor
9923;Ricky;Medrek;Ricky.Medrek@gmail.com;police officer
9924;Daune;Grosz;Daune.Grosz@gmail.com;police officer
9925;Tera;Dudley;Tera.Dudley@gmail.com;worker
9926;Cindelyn;Hermes;Cindelyn.Hermes@gmail.com;firefighter
9927;Tabbatha;Alisia;Tabbatha.Alisia@gmail.com;firefighter
9928;Liana;Leonard;Liana.Leonard@gmail.com;firefighter
9929;Karena;Magnolia;Karena.Magnolia@gmail.com;worker
9930;Fina;Ramona;Fina.Ramona@gmail.com;doctor
9931;Audrie;Terrence;Audrie.Terrence@gmail.com;developer
9932;Aeriela;Eldrid;Aeriela.Eldrid@gmail.com;developer
9933;Gale;Fancie;Gale.Fancie@gmail.com;developer
9934;Raquela;Erminia;Raquela.Erminia@gmail.com;firefighter
9935;Kristan;Andrel;Kristan.Andrel@gmail.com;developer
9936;Winifred;Freddi;Winifred.Freddi@gmail.com;doctor
9937;Cathie;Himelman;Cathie.Himelman@gmail.com;police officer
9938;Phedra;Darbie;Phedra.Darbie@gmail.com;firefighter
9939;Ileana;Destinee;Ileana.Destinee@gmail.com;worker
9940;Elvira;Gombach;Elvira.Gombach@gmail.com;developer
9941;Danika;Middleton;Danika.Middleton@gmail.com;firefighter
9942;Dennie;Cleavland;Dennie.Cleavland@gmail.com;developer
9943;Aili;Parette;Aili.Parette@gmail.com;doctor
9944;Korrie;Lunsford;Korrie.Lunsford@gmail.com;police officer
9945;Shannah;Jess;Shannah.Jess@gmail.com;firefighter
9946;Shell;Myrilla;Shell.Myrilla@gmail.com;police officer
9947;Heida;Truc;Heida.Truc@gmail.com;worker
9948;Ardenia;Trace;Ardenia.Trace@gmail.com;developer
9949;Tonia;Han;Tonia.Han@gmail.com;developer
9950;Libbie;Raimondo;Libbie.Raimondo@gmail.com;developer
9951;Katleen;Stanwood;Katleen.Stanwood@gmail.com;worker
9952;Briney;Hertzfeld;Briney.Hertzfeld@gmail.com;firefighter
9953;Sindee;Koziara;Sindee.Koziara@gmail.com;police officer
9954;Fanchon;Raul;Fanchon.Raul@gmail.com;police officer
9955;Adelle;Jorgan;Adelle.Jorgan@gmail.com;worker
9956;Quintina;Nikaniki;Quintina.Nikaniki@gmail.com;police officer
9957;Melisent;Mallon;Melisent.Mallon@gmail.com;police officer
9958;Aimil;Darrell;Aimil.Darrell@gmail.com;doctor
9959;Kylynn;Earlie;Kylynn.Earlie@gmail.com;doctor
9960;Lenna;Romelda;Lenna.Romelda@gmail.com;doctor
9961;Wendi;Doig;Wendi.Doig@gmail.com;police officer
9962;Libbie;Stilwell;Libbie.Stilwell@gmail.com;firefighter
9963;Katharina;Herrera;Katharina.Herrera@gmail.com;doctor
9964;Merry;Warthman;Merry.Warthman@gmail.com;doctor
9965;Cam;Weaks;Cam.Weaks@gmail.com;police officer
9966;Mady;Mike;Mady.Mike@gmail.com;police officer
9967;Dale;Mayeda;Dale.Mayeda@gmail.com;police officer
9968;Sallie;Vilma;Sallie.Vilma@gmail.com;developer
9969;Amara;Pauly;Amara.Pauly@gmail.com;doctor
9970;Marcy;Whiffen;Marcy.Whiffen@gmail.com;worker
9971;Celene;Raffo;Celene.Raffo@gmail.com;firefighter
9972;Eadie;Trinetta;Eadie.Trinetta@gmail.com;worker
9973;Shaylyn;Dannye;Shaylyn.Dannye@gmail.com;worker
9974;Dale;Tryck;Dale.Tryck@gmail.com;developer
9975;Desirae;Aaberg;Desirae.Aaberg@gmail.com;firefighter
9976;Morganica;Chandler;Morganica.Chandler@gmail.com;firefighter
9977;Carolina;Lia;Carolina.Lia@gmail.com;doctor
9978;Edith;Verger;Edith.Verger@gmail.com;firefighter
9979;Doralynne;Kravits;Doralynne.Kravits@gmail.com;developer
9980;Alisha;Verger;Alisha.Verger@gmail.com;firefighter
9981;Lizzie;Zola;Lizzie.Zola@gmail.com;firefighter
9982;Aryn;Nikaniki;Aryn.Nikaniki@gmail.com;police officer
9983;Stephanie;Serilda;Stephanie.Serilda@gmail.com;firefighter
9984;Valli;Kendrick;Valli.Kendrick@gmail.com;developer
9985;Yvonne;Bluh;Yvonne.Bluh@gmail.com;developer
9986;Gerrie;Bendick;Gerrie.Bendick@gmail.com;firefighter
9987;Angelique;Xerxes;Angelique.Xerxes@gmail.com;worker
9988;Rebeca;Leifeste;Rebeca.Leifeste@gmail.com;doctor
9989;Drucie;Thema;Drucie.Thema@gmail.com;police officer
9990;Clary;Reidar;Clary.Reidar@gmail.com;doctor
9991;Basia;Letsou;Basia.Letsou@gmail.com;firefighter
9992;Norine;Regan;Norine.Regan@gmail.com;police officer
9993;Kellen;Lilybelle;Kellen.Lilybelle@gmail.com;developer
9994;Robbi;Madox;Robbi.Madox@gmail.com;developer
9995;Dagmar;Smitt;Dagmar.Smitt@gmail.com;doctor
9996;Yetty;Cornelia;Yetty.Cornelia@gmail.com;worker
9997;Annice;Kat;Annice.Kat@gmail.com;police officer
9998;Aubrie;Gavrila;Aubrie.Gavrila@gmail.com;doctor
9999;Leontine;Garlinda;Leontine.Garlinda@gmail.com;police officer
10000;Cristine;Hanleigh;Cristine.Hanleigh@gmail.com;developer
10001;Dagmar;Jotham;Dagmar.Jotham@gmail.com;doctor
10002;Pierette;Jess;Pierette.Jess@gmail.com;worker
10003;Bernie;Engdahl;Bernie.Engdahl@gmail.com;worker
10004;Ernesta;Federica;Ernesta.Federica@gmail.com;developer
10005;Hallie;Johanna;Hallie.Johanna@gmail.com;worker
10006;Joelly;Atonsah;Joelly.Atonsah@gmail.com;doctor
10007;Tressa;Aloise;Tressa.Aloise@gmail.com;worker
10008;Sindee;Ajay;Sindee.Ajay@gmail.com;worker
10009;Ofilia;Emerson;Ofilia.Emerson@gmail.com;worker
10010;Dulcinea;Jeanne;Dulcinea.Jeanne@gmail.com;doctor
10011;Ezmeralda;Si;Ezmeralda.Si@gmail.com;firefighter
10012;Gaylene;Westphal;Gaylene.Westphal@gmail.com;doctor
10013;Karolina;Rad;Karolina.Rad@gmail.com;firefighter
10014;Melanie;Flyn;Melanie.Flyn@gmail.com;worker
10015;Yetty;Leler;Yetty.Leler@gmail.com;worker
10016;Bibby;Goerke;Bibby.Goerke@gmail.com;worker
10017;Cordi;Bartlett;Cordi.Bartlett@gmail.com;firefighter
10018;Ernesta;Waite;Ernesta.Waite@gmail.com;worker
10019;Neila;Kenney;Neila.Kenney@gmail.com;developer
10020;Kayla;Presber;Kayla.Presber@gmail.com;firefighter
10021;Merry;Joni;Merry.Joni@gmail.com;police officer
10022;Doralynne;Nester;Doralynne.Nester@gmail.com;police officer
10023;Sherrie;Richers;Sherrie.Richers@gmail.com;firefighter
10024;Susan;Iaverne;Susan.Iaverne@gmail.com;firefighter
10025;Elbertina;Florina;Elbertina.Florina@gmail.com;doctor
10026;Nickie;Olympium;Nickie.Olympium@gmail.com;worker
10027;Jinny;Daegal;Jinny.Daegal@gmail.com;worker
10028;Britni;Cohdwell;Britni.Cohdwell@gmail.com;doctor
10029;Drucie;Zetta;Drucie.Zetta@gmail.com;developer
10030;Leona;Truc;Leona.Truc@gmail.com;police officer
10031;Kaja;Chandler;Kaja.Chandler@gmail.com;firefighter
10032;Misha;Carey;Misha.Carey@gmail.com;police officer
10033;Phedra;Breed;Phedra.Breed@gmail.com;police officer
10034;Tamqrah;Guildroy;Tamqrah.Guildroy@gmail.com;police officer
10035;Mellicent;Cimbura;Mellicent.Cimbura@gmail.com;developer
10036;Berta;O'Carroll;Berta.O'Carroll@gmail.com;doctor
10037;Viki;Colp;Viki.Colp@gmail.com;firefighter
10038;Lucy;Justinn;Lucy.Justinn@gmail.com;worker
10039;Roberta;Oscar;Roberta.Oscar@gmail.com;doctor
10040;Kaja;Hazlett;Kaja.Hazlett@gmail.com;developer
10041;Annice;Sinegold;Annice.Sinegold@gmail.com;worker
10042;Viviene;Zeeba;Viviene.Zeeba@gmail.com;doctor
10043;Sharlene;Nerita;Sharlene.Nerita@gmail.com;police officer
10044;Iseabal;Simmonds;Iseabal.Simmonds@gmail.com;police officer
10045;Madeleine;Stelle;Madeleine.Stelle@gmail.com;firefighter
10046;Rani;Meter;Rani.Meter@gmail.com;worker
10047;Roberta;Claudine;Roberta.Claudine@gmail.com;police officer
10048;Rosanne;Hertzfeld;Rosanne.Hertzfeld@gmail.com;firefighter
10049;Stacey;Ferrell;Stacey.Ferrell@gmail.com;doctor
10050;Marleah;Demitria;Marleah.Demitria@gmail.com;developer
10051;Cathyleen;Greyson;Cathyleen.Greyson@gmail.com;police officer
10052;Jackie;Dielu;Jackie.Dielu@gmail.com;firefighter
10053;Alie;Emmaline;Alie.Emmaline@gmail.com;firefighter
10054;Ottilie;Lea;Ottilie.Lea@gmail.com;firefighter
10055;Nicoli;Shuler;Nicoli.Shuler@gmail.com;worker
10056;Penelopa;Winnick;Penelopa.Winnick@gmail.com;developer
10057;Celisse;Sacken;Celisse.Sacken@gmail.com;doctor
10058;Verla;Taam;Verla.Taam@gmail.com;police officer
10059;Ruthe;Amethist;Ruthe.Amethist@gmail.com;developer
10060;Cacilie;Georgy;Cacilie.Georgy@gmail.com;doctor
10061;Lorenza;Carleen;Lorenza.Carleen@gmail.com;doctor
10062;Anthia;Yam;Anthia.Yam@gmail.com;doctor
10063;Carlie;Suanne;Carlie.Suanne@gmail.com;worker
10064;Gerianna;Cleo;Gerianna.Cleo@gmail.com;doctor
10065;Catharine;Delacourt;Catharine.Delacourt@gmail.com;worker
10066;Agathe;Nahum;Agathe.Nahum@gmail.com;police officer
10067;Ekaterina;Peonir;Ekaterina.Peonir@gmail.com;worker
10068;Laurene;Justinn;Laurene.Justinn@gmail.com;worker
10069;Angelique;Oscar;Angelique.Oscar@gmail.com;doctor
10070;Minda;Hurley;Minda.Hurley@gmail.com;firefighter
10071;Kary;Hebner;Kary.Hebner@gmail.com;police officer
10072;Molli;Publia;Molli.Publia@gmail.com;firefighter
10073;Tera;Pond;Tera.Pond@gmail.com;worker
10074;Corry;Cookie;Corry.Cookie@gmail.com;firefighter
10075;Imojean;Chem;Imojean.Chem@gmail.com;firefighter
10076;Michaelina;Sallyann;Michaelina.Sallyann@gmail.com;doctor
10077;Roz;Lacombe;Roz.Lacombe@gmail.com;worker
10078;Emylee;Maribeth;Emylee.Maribeth@gmail.com;worker
10079;Wynne;Anyah;Wynne.Anyah@gmail.com;developer
10080;Dale;Bearnard;Dale.Bearnard@gmail.com;worker
10081;Candi;Schonfeld;Candi.Schonfeld@gmail.com;police officer
10082;Maryellen;Rurik;Maryellen.Rurik@gmail.com;developer
10083;Candi;Afton;Candi.Afton@gmail.com;developer
10084;Nicoli;Maxi;Nicoli.Maxi@gmail.com;doctor
10085;Ekaterina;Wattenberg;Ekaterina.Wattenberg@gmail.com;worker
10086;Maud;Michella;Maud.Michella@gmail.com;worker
10087;Angela;Kelula;Angela.Kelula@gmail.com;developer
10088;Lory;Kunin;Lory.Kunin@gmail.com;police officer
10089;Belva;Bebe;Belva.Bebe@gmail.com;police officer
10090;Moyna;Dimitris;Moyna.Dimitris@gmail.com;doctor
10091;Shandie;Clarissa;Shandie.Clarissa@gmail.com;developer
10092;Hallie;Hubert;Hallie.Hubert@gmail.com;developer
10093;Modestia;Elsinore;Modestia.Elsinore@gmail.com;firefighter
10094;Latisha;Jary;Latisha.Jary@gmail.com;developer
10095;Pearline;Sacken;Pearline.Sacken@gmail.com;doctor
10096;Silvana;Soneson;Silvana.Soneson@gmail.com;police officer
10097;Rani;Kunin;Rani.Kunin@gmail.com;police officer
10098;Jinny;Elephus;Jinny.Elephus@gmail.com;worker
10099;Heida;Skell;Heida.Skell@gmail.com;developer